#FORMAT=WebAnno TSV 3.2
#T_SP=webanno.custom.AgreementEntities|Agreement|Employment


#Text=POWER OF ATTORNEY
1-1	0-5	POWER	_	_	
1-2	6-8	OF	_	_	
1-3	9-17	ATTORNEY	_	_	

#Text=KNOW ALL PERSONS BY THESE PRESENTS:
2-1	19-23	KNOW	_	_	
2-2	24-27	ALL	_	_	
2-3	28-35	PERSONS	_	_	
2-4	36-38	BY	_	_	
2-5	39-44	THESE	_	_	
2-6	45-53	PRESENTS	_	_	
2-7	53-54	:	_	_	

#Text=That the undersigned, the principal accounting officer of FedEx Corporation (the “Corporation”), a Delaware corporation, does hereby constitute and appoint Frederick W. Smith and Alan B. Graf, Jr., and each of them, with full power of substitution and resubstitution, his true and lawful attorneys-in-fact and agents, with full power and authority to execute in the name and on behalf of the undersigned as such officer, the Corporation’s Annual Report on Form 10-K with respect to the Corporation’s fiscal year ended May 31, 2010, and any and all amendments thereto; and hereby ratifies and confirms all that said attorneys-in-fact and agents, or any of them, or their or his substitute or substitutes may lawfully do or cause to be done by virtue of these presents.
3-1	56-60	That	_	_	
3-2	61-64	the	_	_	
3-3	65-76	undersigned	_	_	
3-4	76-77	,	_	_	
3-5	78-81	the	_	_	
3-6	82-91	principal	_	_	
3-7	92-102	accounting	_	_	
3-8	103-110	officer	_	_	
3-9	111-113	of	_	_	
3-10	114-119	FedEx	COMP[1]	*[1]	
3-11	120-131	Corporation	COMP[1]	*[1]	
3-12	132-133	(	_	_	
3-13	133-136	the	_	_	
3-14	137-138	“	_	_	
3-15	138-149	Corporation	_	_	
3-16	149-150	”	_	_	
3-17	150-151	)	_	_	
3-18	151-152	,	_	_	
3-19	153-154	a	_	_	
3-20	155-163	Delaware	_	_	
3-21	164-175	corporation	_	_	
3-22	175-176	,	_	_	
3-23	177-181	does	_	_	
3-24	182-188	hereby	_	_	
3-25	189-199	constitute	_	_	
3-26	200-203	and	_	_	
3-27	204-211	appoint	_	_	
3-28	212-221	Frederick	PER[2]	*[2]	
3-29	222-223	W	PER[2]	*[2]	
3-30	223-224	.	PER[2]	*[2]	
3-31	225-230	Smith	PER[2]	*[2]	
3-32	231-234	and	_	_	
3-33	235-239	Alan	PER[3]	*[3]	
3-34	240-241	B	PER[3]	*[3]	
3-35	241-242	.	PER[3]	*[3]	
3-36	243-247	Graf	PER[3]	*[3]	
3-37	247-248	,	PER[3]	*[3]	
3-38	249-251	Jr	PER[3]	*[3]	
3-39	251-252	.	_	_	
3-40	252-253	,	_	_	
3-41	254-257	and	_	_	
3-42	258-262	each	_	_	
3-43	263-265	of	_	_	
3-44	266-270	them	_	_	
3-45	270-271	,	_	_	
3-46	272-276	with	_	_	
3-47	277-281	full	_	_	
3-48	282-287	power	_	_	
3-49	288-290	of	_	_	
3-50	291-303	substitution	_	_	
3-51	304-307	and	_	_	
3-52	308-322	resubstitution	_	_	
3-53	322-323	,	_	_	
3-54	324-327	his	_	_	
3-55	328-332	true	_	_	
3-56	333-336	and	_	_	
3-57	337-343	lawful	_	_	
3-58	344-361	attorneys-in-fact	_	_	
3-59	362-365	and	_	_	
3-60	366-372	agents	_	_	
3-61	372-373	,	_	_	
3-62	374-378	with	_	_	
3-63	379-383	full	_	_	
3-64	384-389	power	_	_	
3-65	390-393	and	_	_	
3-66	394-403	authority	_	_	
3-67	404-406	to	_	_	
3-68	407-414	execute	_	_	
3-69	415-417	in	_	_	
3-70	418-421	the	_	_	
3-71	422-426	name	_	_	
3-72	427-430	and	_	_	
3-73	431-433	on	_	_	
3-74	434-440	behalf	_	_	
3-75	441-443	of	_	_	
3-76	444-447	the	_	_	
3-77	448-459	undersigned	_	_	
3-78	460-462	as	_	_	
3-79	463-467	such	_	_	
3-80	468-475	officer	_	_	
3-81	475-476	,	_	_	
3-82	477-480	the	_	_	
3-83	481-492	Corporation	_	_	
3-84	492-493	’	_	_	
3-85	493-494	s	_	_	
3-86	495-501	Annual	_	_	
3-87	502-508	Report	_	_	
3-88	509-511	on	_	_	
3-89	512-516	Form	_	_	
3-90	517-519	10	_	_	
3-91	519-520	-	_	_	
3-92	520-521	K	_	_	
3-93	522-526	with	_	_	
3-94	527-534	respect	_	_	
3-95	535-537	to	_	_	
3-96	538-541	the	_	_	
3-97	542-553	Corporation	_	_	
3-98	553-554	’	_	_	
3-99	554-555	s	_	_	
3-100	556-562	fiscal	_	_	
3-101	563-567	year	_	_	
3-102	568-573	ended	_	_	
3-103	574-577	May	_	_	
3-104	578-580	31	_	_	
3-105	580-581	,	_	_	
3-106	582-586	2010	_	_	
3-107	586-587	,	_	_	
3-108	588-591	and	_	_	
3-109	592-595	any	_	_	
3-110	596-599	and	_	_	
3-111	600-603	all	_	_	
3-112	604-614	amendments	_	_	
3-113	615-622	thereto	_	_	
3-114	622-623	;	_	_	
3-115	624-627	and	_	_	
3-116	628-634	hereby	_	_	
3-117	635-643	ratifies	_	_	
3-118	644-647	and	_	_	
3-119	648-656	confirms	_	_	
3-120	657-660	all	_	_	
3-121	661-665	that	_	_	
3-122	666-670	said	_	_	
3-123	671-688	attorneys-in-fact	_	_	
3-124	689-692	and	_	_	
3-125	693-699	agents	_	_	
3-126	699-700	,	_	_	
3-127	701-703	or	_	_	
3-128	704-707	any	_	_	
3-129	708-710	of	_	_	
3-130	711-715	them	_	_	
3-131	715-716	,	_	_	
3-132	717-719	or	_	_	
3-133	720-725	their	_	_	
3-134	726-728	or	_	_	
3-135	729-732	his	_	_	
3-136	733-743	substitute	_	_	
3-137	744-746	or	_	_	
3-138	747-758	substitutes	_	_	
3-139	759-762	may	_	_	
3-140	763-771	lawfully	_	_	
3-141	772-774	do	_	_	
3-142	775-777	or	_	_	
3-143	778-783	cause	_	_	
3-144	784-786	to	_	_	
3-145	787-789	be	_	_	
3-146	790-794	done	_	_	
3-147	795-797	by	_	_	
3-148	798-804	virtue	_	_	
3-149	805-807	of	_	_	
3-150	808-813	these	_	_	
3-151	814-822	presents	_	_	
3-152	822-823	.	_	_	

#Text=IN WITNESS WHEREOF, I have hereunto set my hand this 1st day of June, 2010.
4-1	825-827	IN	_	_	
4-2	828-835	WITNESS	_	_	
4-3	836-843	WHEREOF	_	_	
4-4	843-844	,	_	_	
4-5	845-846	I	_	_	
4-6	847-851	have	_	_	
4-7	852-860	hereunto	_	_	
4-8	861-864	set	_	_	
4-9	865-867	my	_	_	
4-10	868-872	hand	_	_	
4-11	873-877	this	_	_	
4-12	878-881	1st	DATE[4]	*[4]	
4-13	882-885	day	DATE[4]	*[4]	
4-14	886-888	of	DATE[4]	*[4]	
4-15	889-893	June	DATE[4]	*[4]	
4-16	893-894	,	DATE[4]	*[4]	
4-17	895-899	2010	DATE[4]	*[4]	
4-18	899-900	.	DATE[4]	*[4]	

#Text=/s/ JOHN L. MERINO
5-1	915-916	/	_	_	
5-2	916-917	s	_	_	
5-3	917-918	/	_	_	
5-4	919-923	JOHN	WITNESS[5]	*[5]	
5-5	924-925	L	WITNESS[5]	*[5]	
5-6	925-926	.	WITNESS[5]	*[5]	
5-7	927-933	MERINO	WITNESS[5]	*[5]	

#Text=John L. Merino
6-1	941-945	John	WITNESS[6]	*[6]	
6-2	946-947	L	WITNESS[6]	*[6]	
6-3	947-948	.	WITNESS[6]	*[6]	
6-4	949-955	Merino	WITNESS[6]	*[6]	

#Text=STATE OF TENNESSEE
7-1	960-965	STATE	_	_	
7-2	966-968	OF	_	_	
7-3	969-978	TENNESSEE	_	_	

#Text=COUNTY OF SHELBY
8-1	980-986	COUNTY	_	_	
8-2	987-989	OF	_	_	
8-3	990-996	SHELBY	_	_	

#Text=I, Carol A. Whitfield, a Notary Public in and for said County, in the aforesaid State, do hereby certify that John L. Merino, personally known to me to be the same person whose name is subscribed to the foregoing instrument, appeared before me this day in person, and acknowledged that he signed and delivered the said instrument as his free and voluntary act, for the uses and purposes therein set forth.
9-1	998-999	I	_	_	
9-2	999-1000	,	_	_	
9-3	1001-1006	Carol	WITNESS[7]	*[7]	
9-4	1007-1008	A	WITNESS[7]	*[7]	
9-5	1008-1009	.	WITNESS[7]	*[7]	
9-6	1010-1019	Whitfield	WITNESS[7]	*[7]	
9-7	1019-1020	,	_	_	
9-8	1021-1022	a	_	_	
9-9	1023-1029	Notary	_	_	
9-10	1030-1036	Public	_	_	
9-11	1037-1039	in	_	_	
9-12	1040-1043	and	_	_	
9-13	1044-1047	for	_	_	
9-14	1048-1052	said	_	_	
9-15	1053-1059	County	_	_	
9-16	1059-1060	,	_	_	
9-17	1061-1063	in	_	_	
9-18	1064-1067	the	_	_	
9-19	1068-1077	aforesaid	_	_	
9-20	1078-1083	State	_	_	
9-21	1083-1084	,	_	_	
9-22	1085-1087	do	_	_	
9-23	1088-1094	hereby	_	_	
9-24	1095-1102	certify	_	_	
9-25	1103-1107	that	_	_	
9-26	1108-1112	John	_	_	
9-27	1113-1114	L	_	_	
9-28	1114-1115	.	_	_	
9-29	1116-1122	Merino	_	_	
9-30	1122-1123	,	_	_	
9-31	1124-1134	personally	_	_	
9-32	1135-1140	known	_	_	
9-33	1141-1143	to	_	_	
9-34	1144-1146	me	_	_	
9-35	1147-1149	to	_	_	
9-36	1150-1152	be	_	_	
9-37	1153-1156	the	_	_	
9-38	1157-1161	same	_	_	
9-39	1162-1168	person	_	_	
9-40	1169-1174	whose	_	_	
9-41	1175-1179	name	_	_	
9-42	1180-1182	is	_	_	
9-43	1183-1193	subscribed	_	_	
9-44	1194-1196	to	_	_	
9-45	1197-1200	the	_	_	
9-46	1201-1210	foregoing	_	_	
9-47	1211-1221	instrument	_	_	
9-48	1221-1222	,	_	_	
9-49	1223-1231	appeared	_	_	
9-50	1232-1238	before	_	_	
9-51	1239-1241	me	_	_	
9-52	1242-1246	this	_	_	
9-53	1247-1250	day	_	_	
9-54	1251-1253	in	_	_	
9-55	1254-1260	person	_	_	
9-56	1260-1261	,	_	_	
9-57	1262-1265	and	_	_	
9-58	1266-1278	acknowledged	_	_	
9-59	1279-1283	that	_	_	
9-60	1284-1286	he	_	_	
9-61	1287-1293	signed	_	_	
9-62	1294-1297	and	_	_	
9-63	1298-1307	delivered	_	_	
9-64	1308-1311	the	_	_	
9-65	1312-1316	said	_	_	
9-66	1317-1327	instrument	_	_	
9-67	1328-1330	as	_	_	
9-68	1331-1334	his	_	_	
9-69	1335-1339	free	_	_	
9-70	1340-1343	and	_	_	
9-71	1344-1353	voluntary	_	_	
9-72	1354-1357	act	_	_	
9-73	1357-1358	,	_	_	
9-74	1359-1362	for	_	_	
9-75	1363-1366	the	_	_	
9-76	1367-1371	uses	_	_	
9-77	1372-1375	and	_	_	
9-78	1376-1384	purposes	_	_	
9-79	1385-1392	therein	_	_	
9-80	1393-1396	set	_	_	
9-81	1397-1402	forth	_	_	
9-82	1402-1403	.	_	_	

#Text=/s/ CAROL A. WHITFIELD
10-1	1418-1419	/	_	_	
10-2	1419-1420	s	_	_	
10-3	1420-1421	/	_	_	
10-4	1422-1427	CAROL	WITNESS[8]	*[8]	
10-5	1428-1429	A	WITNESS[8]	*[8]	
10-6	1429-1430	.	WITNESS[8]	*[8]	
10-7	1431-1440	WHITFIELD	WITNESS[8]	*[8]	

#Text=Notary Public
11-1	1448-1454	Notary	_	_	
11-2	1455-1461	Public	_	_	

#Text=My Commission Expires:
12-1	1466-1468	My	_	_	
12-2	1469-1479	Commission	_	_	
12-3	1480-1487	Expires	_	_	
12-4	1487-1488	:	_	_	

#Text=Oct. 5, 2013
13-1	1490-1493	Oct	_	_	
13-2	1493-1494	.	_	_	
13-3	1495-1496	5	_	_	
13-4	1496-1497	,	_	_	
13-5	1498-1502	2013	_	_	
