#FORMAT=WebAnno TSV 3.2
#T_SP=webanno.custom.AgreementEntities|Agreement|Employment


#Text=CORNING INCORPORATED
1-1	0-7	CORNING	COMP[1]	*[1]	
1-2	8-20	INCORPORATED	COMP[1]	*[1]	

#Text=POWER OF ATTORNEY
2-1	24-29	POWER	_	_	
2-2	30-32	OF	_	_	
2-3	33-41	ATTORNEY	_	_	

#Text=KNOW ALL BY THESE PRESENTS, that the undersigned director and/or officer of Corning Incorporated, a New York corporation (the “Corporation”), does hereby make, constitute and appoint James B. Flaws, Lewis A. Steverson and R. Tony Tripeny and each or any one of them, the undersigned’s true and lawful attorneys-in-fact, with power of substitution, for the undersigned and in the undersigned’s name, place and stead, to sign and affix the undersigned’s name as director and/or officer of the Corporation to (1) a Form 10-K, Annual Report, pursuant to the Securities Exchange Act of 1934, as amended (the “1934 Act”), for the fiscal year ended December 31, 2013, or other applicable form, including any and all exhibits, schedules, amendments, supplements and supporting documents thereto, to be filed by the Corporation with the Securities and Exchange Commission (the “SEC”), as required under the 1934 Act; (2) one or more Registration Statements, on Form S-8, or other applicable forms, and all amendments, including post-effective amendments, thereto, to be filed by the Corporation with the SEC in connection with the registration under the Securities Act of 1933, as amended (the “1933 Act”), of securities of the Corporation, and to file the same, with all exhibits thereto and other supporting documents, with the SEC; and (3) one or more Registration Statements on Form S-3, or other applicable forms, establishing a universal shelf under Rule 415 of the 1933 Act, and any and all amendments or supplements thereto (including post-effective amendments), or any Registration Statements relating to the same offering of securities that are filed pursuant to Rule 462(b) of the 1933 Act, and to file the same, with all exhibits thereto and other supporting documents, with the SEC.
3-1	45-49	KNOW	_	_	
3-2	50-53	ALL	_	_	
3-3	54-56	BY	_	_	
3-4	57-62	THESE	_	_	
3-5	63-71	PRESENTS	_	_	
3-6	71-72	,	_	_	
3-7	73-77	that	_	_	
3-8	78-81	the	_	_	
3-9	82-93	undersigned	_	_	
3-10	94-102	director	_	_	
3-11	103-106	and	_	_	
3-12	106-107	/	_	_	
3-13	107-109	or	_	_	
3-14	110-117	officer	_	_	
3-15	118-120	of	_	_	
3-16	121-128	Corning	COMP[2]	*[2]	
3-17	129-141	Incorporated	COMP[2]	*[2]	
3-18	141-142	,	_	_	
3-19	143-144	a	_	_	
3-20	145-148	New	_	_	
3-21	149-153	York	_	_	
3-22	154-165	corporation	_	_	
3-23	166-167	(	_	_	
3-24	167-170	the	_	_	
3-25	171-172	“	_	_	
3-26	172-183	Corporation	_	_	
3-27	183-184	”	_	_	
3-28	184-185	)	_	_	
3-29	185-186	,	_	_	
3-30	187-191	does	_	_	
3-31	192-198	hereby	_	_	
3-32	199-203	make	_	_	
3-33	203-204	,	_	_	
3-34	205-215	constitute	_	_	
3-35	216-219	and	_	_	
3-36	220-227	appoint	_	_	
3-37	228-233	James	PER[3]	*[3]	
3-38	234-235	B	PER[3]	*[3]	
3-39	235-236	.	PER[3]	*[3]	
3-40	237-242	Flaws	PER[3]	*[3]	
3-41	242-243	,	_	_	
3-42	244-249	Lewis	PER[4]	*[4]	
3-43	250-251	A	PER[4]	*[4]	
3-44	251-252	.	PER[4]	*[4]	
3-45	253-262	Steverson	PER[4]	*[4]	
3-46	263-266	and	_	_	
3-47	267-268	R	PER[5]	*[5]	
3-48	268-269	.	PER[5]	*[5]	
3-49	270-274	Tony	PER[5]	*[5]	
3-50	275-282	Tripeny	PER[5]	*[5]	
3-51	283-286	and	_	_	
3-52	287-291	each	_	_	
3-53	292-294	or	_	_	
3-54	295-298	any	_	_	
3-55	299-302	one	_	_	
3-56	303-305	of	_	_	
3-57	306-310	them	_	_	
3-58	310-311	,	_	_	
3-59	312-315	the	_	_	
3-60	316-327	undersigned	_	_	
3-61	327-328	’	_	_	
3-62	328-329	s	_	_	
3-63	330-334	true	_	_	
3-64	335-338	and	_	_	
3-65	339-345	lawful	_	_	
3-66	346-363	attorneys-in-fact	_	_	
3-67	363-364	,	_	_	
3-68	365-369	with	_	_	
3-69	370-375	power	_	_	
3-70	376-378	of	_	_	
3-71	379-391	substitution	_	_	
3-72	391-392	,	_	_	
3-73	393-396	for	_	_	
3-74	397-400	the	_	_	
3-75	401-412	undersigned	_	_	
3-76	413-416	and	_	_	
3-77	417-419	in	_	_	
3-78	420-423	the	_	_	
3-79	424-435	undersigned	_	_	
3-80	435-436	’	_	_	
3-81	436-437	s	_	_	
3-82	438-442	name	_	_	
3-83	442-443	,	_	_	
3-84	444-449	place	_	_	
3-85	450-453	and	_	_	
3-86	454-459	stead	_	_	
3-87	459-460	,	_	_	
3-88	461-463	to	_	_	
3-89	464-468	sign	_	_	
3-90	469-472	and	_	_	
3-91	473-478	affix	_	_	
3-92	479-482	the	_	_	
3-93	483-494	undersigned	_	_	
3-94	494-495	’	_	_	
3-95	495-496	s	_	_	
3-96	497-501	name	_	_	
3-97	502-504	as	_	_	
3-98	505-513	director	_	_	
3-99	514-517	and	_	_	
3-100	517-518	/	_	_	
3-101	518-520	or	_	_	
3-102	521-528	officer	_	_	
3-103	529-531	of	_	_	
3-104	532-535	the	_	_	
3-105	536-547	Corporation	_	_	
3-106	548-550	to	_	_	
3-107	551-552	(	_	_	
3-108	552-553	1	_	_	
3-109	553-554	)	_	_	
3-110	555-556	a	_	_	
3-111	557-561	Form	_	_	
3-112	562-564	10	_	_	
3-113	564-565	-	_	_	
3-114	565-566	K	_	_	
3-115	566-567	,	_	_	
3-116	568-574	Annual	_	_	
3-117	575-581	Report	_	_	
3-118	581-582	,	_	_	
3-119	583-591	pursuant	_	_	
3-120	592-594	to	_	_	
3-121	595-598	the	_	_	
3-122	599-609	Securities	_	_	
3-123	610-618	Exchange	_	_	
3-124	619-622	Act	_	_	
3-125	623-625	of	_	_	
3-126	626-630	1934	_	_	
3-127	630-631	,	_	_	
3-128	632-634	as	_	_	
3-129	635-642	amended	_	_	
3-130	643-644	(	_	_	
3-131	644-647	the	_	_	
3-132	648-649	“	_	_	
3-133	649-653	1934	_	_	
3-134	654-657	Act	_	_	
3-135	657-658	”	_	_	
3-136	658-659	)	_	_	
3-137	659-660	,	_	_	
3-138	661-664	for	_	_	
3-139	665-668	the	_	_	
3-140	669-675	fiscal	_	_	
3-141	676-680	year	_	_	
3-142	681-686	ended	_	_	
3-143	687-695	December	_	_	
3-144	696-698	31	_	_	
3-145	698-699	,	_	_	
3-146	700-704	2013	_	_	
3-147	704-705	,	_	_	
3-148	706-708	or	_	_	
3-149	709-714	other	_	_	
3-150	715-725	applicable	_	_	
3-151	726-730	form	_	_	
3-152	730-731	,	_	_	
3-153	732-741	including	_	_	
3-154	742-745	any	_	_	
3-155	746-749	and	_	_	
3-156	750-753	all	_	_	
3-157	754-762	exhibits	_	_	
3-158	762-763	,	_	_	
3-159	764-773	schedules	_	_	
3-160	773-774	,	_	_	
3-161	775-785	amendments	_	_	
3-162	785-786	,	_	_	
3-163	787-798	supplements	_	_	
3-164	799-802	and	_	_	
3-165	803-813	supporting	_	_	
3-166	814-823	documents	_	_	
3-167	824-831	thereto	_	_	
3-168	831-832	,	_	_	
3-169	833-835	to	_	_	
3-170	836-838	be	_	_	
3-171	839-844	filed	_	_	
3-172	845-847	by	_	_	
3-173	848-851	the	_	_	
3-174	852-863	Corporation	_	_	
3-175	864-868	with	_	_	
3-176	869-872	the	_	_	
3-177	873-883	Securities	_	_	
3-178	884-887	and	_	_	
3-179	888-896	Exchange	_	_	
3-180	897-907	Commission	_	_	
3-181	908-909	(	_	_	
3-182	909-912	the	_	_	
3-183	913-914	“	_	_	
3-184	914-917	SEC	_	_	
3-185	917-918	”	_	_	
3-186	918-919	)	_	_	
3-187	919-920	,	_	_	
3-188	921-923	as	_	_	
3-189	924-932	required	_	_	
3-190	933-938	under	_	_	
3-191	939-942	the	_	_	
3-192	943-947	1934	_	_	
3-193	948-951	Act	_	_	
3-194	951-952	;	_	_	
3-195	953-954	(	_	_	
3-196	954-955	2	_	_	
3-197	955-956	)	_	_	
3-198	957-960	one	_	_	
3-199	961-963	or	_	_	
3-200	964-968	more	_	_	
3-201	969-981	Registration	_	_	
3-202	982-992	Statements	_	_	
3-203	992-993	,	_	_	
3-204	994-996	on	_	_	
3-205	997-1001	Form	_	_	
3-206	1002-1003	S	_	_	
3-207	1003-1004	-	_	_	
3-208	1004-1005	8	_	_	
3-209	1005-1006	,	_	_	
3-210	1007-1009	or	_	_	
3-211	1010-1015	other	_	_	
3-212	1016-1026	applicable	_	_	
3-213	1027-1032	forms	_	_	
3-214	1032-1033	,	_	_	
3-215	1034-1037	and	_	_	
3-216	1038-1041	all	_	_	
3-217	1042-1052	amendments	_	_	
3-218	1052-1053	,	_	_	
3-219	1054-1063	including	_	_	
3-220	1064-1078	post-effective	_	_	
3-221	1079-1089	amendments	_	_	
3-222	1089-1090	,	_	_	
3-223	1091-1098	thereto	_	_	
3-224	1098-1099	,	_	_	
3-225	1100-1102	to	_	_	
3-226	1103-1105	be	_	_	
3-227	1106-1111	filed	_	_	
3-228	1112-1114	by	_	_	
3-229	1115-1118	the	_	_	
3-230	1119-1130	Corporation	_	_	
3-231	1131-1135	with	_	_	
3-232	1136-1139	the	_	_	
3-233	1140-1143	SEC	_	_	
3-234	1144-1146	in	_	_	
3-235	1147-1157	connection	_	_	
3-236	1158-1162	with	_	_	
3-237	1163-1166	the	_	_	
3-238	1167-1179	registration	_	_	
3-239	1180-1185	under	_	_	
3-240	1186-1189	the	_	_	
3-241	1190-1200	Securities	_	_	
3-242	1201-1204	Act	_	_	
3-243	1205-1207	of	_	_	
3-244	1208-1212	1933	_	_	
3-245	1212-1213	,	_	_	
3-246	1214-1216	as	_	_	
3-247	1217-1224	amended	_	_	
3-248	1225-1226	(	_	_	
3-249	1226-1229	the	_	_	
3-250	1230-1231	“	_	_	
3-251	1231-1235	1933	_	_	
3-252	1236-1239	Act	_	_	
3-253	1239-1240	”	_	_	
3-254	1240-1241	)	_	_	
3-255	1241-1242	,	_	_	
3-256	1243-1245	of	_	_	
3-257	1246-1256	securities	_	_	
3-258	1257-1259	of	_	_	
3-259	1260-1263	the	_	_	
3-260	1264-1275	Corporation	_	_	
3-261	1275-1276	,	_	_	
3-262	1277-1280	and	_	_	
3-263	1281-1283	to	_	_	
3-264	1284-1288	file	_	_	
3-265	1289-1292	the	_	_	
3-266	1293-1297	same	_	_	
3-267	1297-1298	,	_	_	
3-268	1299-1303	with	_	_	
3-269	1304-1307	all	_	_	
3-270	1308-1316	exhibits	_	_	
3-271	1317-1324	thereto	_	_	
3-272	1325-1328	and	_	_	
3-273	1329-1334	other	_	_	
3-274	1335-1345	supporting	_	_	
3-275	1346-1355	documents	_	_	
3-276	1355-1356	,	_	_	
3-277	1357-1361	with	_	_	
3-278	1362-1365	the	_	_	
3-279	1366-1369	SEC	_	_	
3-280	1369-1370	;	_	_	
3-281	1371-1374	and	_	_	
3-282	1375-1376	(	_	_	
3-283	1376-1377	3	_	_	
3-284	1377-1378	)	_	_	
3-285	1379-1382	one	_	_	
3-286	1383-1385	or	_	_	
3-287	1386-1390	more	_	_	
3-288	1391-1403	Registration	_	_	
3-289	1404-1414	Statements	_	_	
3-290	1415-1417	on	_	_	
3-291	1418-1422	Form	_	_	
3-292	1423-1424	S	_	_	
3-293	1424-1425	-	_	_	
3-294	1425-1426	3	_	_	
3-295	1426-1427	,	_	_	
3-296	1428-1430	or	_	_	
3-297	1431-1436	other	_	_	
3-298	1437-1447	applicable	_	_	
3-299	1448-1453	forms	_	_	
3-300	1453-1454	,	_	_	
3-301	1455-1467	establishing	_	_	
3-302	1468-1469	a	_	_	
3-303	1470-1479	universal	_	_	
3-304	1480-1485	shelf	_	_	
3-305	1486-1491	under	_	_	
3-306	1492-1496	Rule	_	_	
3-307	1497-1500	415	_	_	
3-308	1501-1503	of	_	_	
3-309	1504-1507	the	_	_	
3-310	1508-1512	1933	_	_	
3-311	1513-1516	Act	_	_	
3-312	1516-1517	,	_	_	
3-313	1518-1521	and	_	_	
3-314	1522-1525	any	_	_	
3-315	1526-1529	and	_	_	
3-316	1530-1533	all	_	_	
3-317	1534-1544	amendments	_	_	
3-318	1545-1547	or	_	_	
3-319	1548-1559	supplements	_	_	
3-320	1560-1567	thereto	_	_	
3-321	1568-1569	(	_	_	
3-322	1569-1578	including	_	_	
3-323	1579-1593	post-effective	_	_	
3-324	1594-1604	amendments	_	_	
3-325	1604-1605	)	_	_	
3-326	1605-1606	,	_	_	
3-327	1607-1609	or	_	_	
3-328	1610-1613	any	_	_	
3-329	1614-1626	Registration	_	_	
3-330	1627-1637	Statements	_	_	
3-331	1638-1646	relating	_	_	
3-332	1647-1649	to	_	_	
3-333	1650-1653	the	_	_	
3-334	1654-1658	same	_	_	
3-335	1659-1667	offering	_	_	
3-336	1668-1670	of	_	_	
3-337	1671-1681	securities	_	_	
3-338	1682-1686	that	_	_	
3-339	1687-1690	are	_	_	
3-340	1691-1696	filed	_	_	
3-341	1697-1705	pursuant	_	_	
3-342	1706-1708	to	_	_	
3-343	1709-1713	Rule	_	_	
3-344	1714-1717	462	_	_	
3-345	1717-1718	(	_	_	
3-346	1718-1719	b	_	_	
3-347	1719-1720	)	_	_	
3-348	1721-1723	of	_	_	
3-349	1724-1727	the	_	_	
3-350	1728-1732	1933	_	_	
3-351	1733-1736	Act	_	_	
3-352	1736-1737	,	_	_	
3-353	1738-1741	and	_	_	
3-354	1742-1744	to	_	_	
3-355	1745-1749	file	_	_	
3-356	1750-1753	the	_	_	
3-357	1754-1758	same	_	_	
3-358	1758-1759	,	_	_	
3-359	1760-1764	with	_	_	
3-360	1765-1768	all	_	_	
3-361	1769-1777	exhibits	_	_	
3-362	1778-1785	thereto	_	_	
3-363	1786-1789	and	_	_	
3-364	1790-1795	other	_	_	
3-365	1796-1806	supporting	_	_	
3-366	1807-1816	documents	_	_	
3-367	1816-1817	,	_	_	
3-368	1818-1822	with	_	_	
3-369	1823-1826	the	_	_	
3-370	1827-1830	SEC	_	_	
3-371	1830-1831	.	_	_	

#Text=IN WITNESS WHEREOF, the undersigned has subscribed these presents this 5th day of February, 2014.
4-1	1835-1837	IN	_	_	
4-2	1838-1845	WITNESS	_	_	
4-3	1846-1853	WHEREOF	_	_	
4-4	1853-1854	,	_	_	
4-5	1855-1858	the	_	_	
4-6	1859-1870	undersigned	_	_	
4-7	1871-1874	has	_	_	
4-8	1875-1885	subscribed	_	_	
4-9	1886-1891	these	_	_	
4-10	1892-1900	presents	_	_	
4-11	1901-1905	this	_	_	
4-12	1906-1909	5th	DATE[6]	*[6]	
4-13	1910-1913	day	DATE[6]	*[6]	
4-14	1914-1916	of	DATE[6]	*[6]	
4-15	1917-1925	February	DATE[6]	*[6]	
4-16	1925-1926	,	DATE[6]	*[6]	
4-17	1927-1931	2014	DATE[6]	*[6]	
4-18	1931-1932	.	_	_	

#Text=/s/ John Seely Brown
5-1	1940-1941	/	_	_	
5-2	1941-1942	s	_	_	
5-3	1942-1943	/	_	_	
5-4	1944-1948	John	WITNESS[7]	*[7]	
5-5	1949-1954	Seely	WITNESS[7]	*[7]	
5-6	1955-1960	Brown	WITNESS[7]	*[7]	

#Text=John Seely Brown
6-1	1966-1970	John	WITNESS[8]	*[8]	
6-2	1971-1976	Seely	WITNESS[8]	*[8]	
6-3	1977-1982	Brown	WITNESS[8]	*[8]	

#Text=CORNING INCORPORATED - 2013 Form 10-K\t1
7-1	1986-1993	CORNING	_	_	
7-2	1994-2006	INCORPORATED	_	_	
7-3	2007-2008	-	_	_	
7-4	2009-2013	2013	_	_	
7-5	2014-2018	Form	_	_	
7-6	2019-2021	10	_	_	
7-7	2021-2022	-	_	_	
7-8	2022-2023	K	_	_	
7-9	2024-2025	1	_	_	
