#FORMAT=WebAnno TSV 3.2
#T_SP=webanno.custom.AgreementEntities|Agreement|Employment


#Text=Exhibit 24
1-1	0-7	Exhibit	_	_	
1-2	8-10	24	_	_	

#Text=POWER OF ATTORNEY
2-1	14-19	POWER	_	_	
2-2	20-22	OF	_	_	
2-3	23-31	ATTORNEY	_	_	

#Text=KNOW ALL PERSONS BY THESE PRESENTS, that each of the several undersigned officers and directors whose signatures appear below, hereby makes, constitutes and appoints David G. Leitch and Ross E. Jeffries, Jr., and each of them acting individually, his or her true and lawful attorneys with power to act without any other and with full power of substitution, to prepare, execute, deliver and file in his or her name and on his or her behalf, and in each of the undersigned officer’s and director’s capacity or capacities as shown below, an Annual Report on Form 10-K for the year ended December 31, 2017, and all exhibits thereto and all documents in support thereof or supplemental thereto, and any and all amendments or supplements to the foregoing, hereby ratifying and confirming all acts and things which said attorneys or attorney might do or cause to be done by virtue hereof.
3-1	35-39	KNOW	_	_	
3-2	40-43	ALL	_	_	
3-3	44-51	PERSONS	_	_	
3-4	52-54	BY	_	_	
3-5	55-60	THESE	_	_	
3-6	61-69	PRESENTS	_	_	
3-7	69-70	,	_	_	
3-8	71-75	that	_	_	
3-9	76-80	each	_	_	
3-10	81-83	of	_	_	
3-11	84-87	the	_	_	
3-12	88-95	several	_	_	
3-13	96-107	undersigned	_	_	
3-14	108-116	officers	_	_	
3-15	117-120	and	_	_	
3-16	121-130	directors	_	_	
3-17	131-136	whose	_	_	
3-18	137-147	signatures	_	_	
3-19	148-154	appear	_	_	
3-20	155-160	below	_	_	
3-21	160-161	,	_	_	
3-22	162-168	hereby	_	_	
3-23	169-174	makes	_	_	
3-24	174-175	,	_	_	
3-25	176-187	constitutes	_	_	
3-26	188-191	and	_	_	
3-27	192-200	appoints	_	_	
3-28	201-206	David	PER[1]	*[1]	
3-29	207-208	G	PER[1]	*[1]	
3-30	208-209	.	PER[1]	*[1]	
3-31	210-216	Leitch	PER[1]	*[1]	
3-32	217-220	and	_	_	
3-33	221-225	Ross	PER[2]	*[2]	
3-34	226-227	E	PER[2]	*[2]	
3-35	227-228	.	PER[2]	*[2]	
3-36	229-237	Jeffries	PER[2]	*[2]	
3-37	237-238	,	PER[2]	*[2]	
3-38	239-241	Jr	PER[2]	*[2]	
3-39	241-242	.	PER[2]	*[2]	
3-40	242-243	,	_	_	
3-41	244-247	and	_	_	
3-42	248-252	each	_	_	
3-43	253-255	of	_	_	
3-44	256-260	them	_	_	
3-45	261-267	acting	_	_	
3-46	268-280	individually	_	_	
3-47	280-281	,	_	_	
3-48	282-285	his	_	_	
3-49	286-288	or	_	_	
3-50	289-292	her	_	_	
3-51	293-297	true	_	_	
3-52	298-301	and	_	_	
3-53	302-308	lawful	_	_	
3-54	309-318	attorneys	_	_	
3-55	319-323	with	_	_	
3-56	324-329	power	_	_	
3-57	330-332	to	_	_	
3-58	333-336	act	_	_	
3-59	337-344	without	_	_	
3-60	345-348	any	_	_	
3-61	349-354	other	_	_	
3-62	355-358	and	_	_	
3-63	359-363	with	_	_	
3-64	364-368	full	_	_	
3-65	369-374	power	_	_	
3-66	375-377	of	_	_	
3-67	378-390	substitution	_	_	
3-68	390-391	,	_	_	
3-69	392-394	to	_	_	
3-70	395-402	prepare	_	_	
3-71	402-403	,	_	_	
3-72	404-411	execute	_	_	
3-73	411-412	,	_	_	
3-74	413-420	deliver	_	_	
3-75	421-424	and	_	_	
3-76	425-429	file	_	_	
3-77	430-432	in	_	_	
3-78	433-436	his	_	_	
3-79	437-439	or	_	_	
3-80	440-443	her	_	_	
3-81	444-448	name	_	_	
3-82	449-452	and	_	_	
3-83	453-455	on	_	_	
3-84	456-459	his	_	_	
3-85	460-462	or	_	_	
3-86	463-466	her	_	_	
3-87	467-473	behalf	_	_	
3-88	473-474	,	_	_	
3-89	475-478	and	_	_	
3-90	479-481	in	_	_	
3-91	482-486	each	_	_	
3-92	487-489	of	_	_	
3-93	490-493	the	_	_	
3-94	494-505	undersigned	_	_	
3-95	506-513	officer	_	_	
3-96	513-514	’	_	_	
3-97	514-515	s	_	_	
3-98	516-519	and	_	_	
3-99	520-528	director	_	_	
3-100	528-529	’	_	_	
3-101	529-530	s	_	_	
3-102	531-539	capacity	_	_	
3-103	540-542	or	_	_	
3-104	543-553	capacities	_	_	
3-105	554-556	as	_	_	
3-106	557-562	shown	_	_	
3-107	563-568	below	_	_	
3-108	568-569	,	_	_	
3-109	570-572	an	_	_	
3-110	573-579	Annual	_	_	
3-111	580-586	Report	_	_	
3-112	587-589	on	_	_	
3-113	590-594	Form	_	_	
3-114	595-597	10	_	_	
3-115	597-598	-	_	_	
3-116	598-599	K	_	_	
3-117	600-603	for	_	_	
3-118	604-607	the	_	_	
3-119	608-612	year	_	_	
3-120	613-618	ended	_	_	
3-121	619-627	December	_	_	
3-122	628-630	31	_	_	
3-123	630-631	,	_	_	
3-124	632-636	2017	_	_	
3-125	636-637	,	_	_	
3-126	638-641	and	_	_	
3-127	642-645	all	_	_	
3-128	646-654	exhibits	_	_	
3-129	655-662	thereto	_	_	
3-130	663-666	and	_	_	
3-131	667-670	all	_	_	
3-132	671-680	documents	_	_	
3-133	681-683	in	_	_	
3-134	684-691	support	_	_	
3-135	692-699	thereof	_	_	
3-136	700-702	or	_	_	
3-137	703-715	supplemental	_	_	
3-138	716-723	thereto	_	_	
3-139	723-724	,	_	_	
3-140	725-728	and	_	_	
3-141	729-732	any	_	_	
3-142	733-736	and	_	_	
3-143	737-740	all	_	_	
3-144	741-751	amendments	_	_	
3-145	752-754	or	_	_	
3-146	755-766	supplements	_	_	
3-147	767-769	to	_	_	
3-148	770-773	the	_	_	
3-149	774-783	foregoing	_	_	
3-150	783-784	,	_	_	
3-151	785-791	hereby	_	_	
3-152	792-801	ratifying	_	_	
3-153	802-805	and	_	_	
3-154	806-816	confirming	_	_	
3-155	817-820	all	_	_	
3-156	821-825	acts	_	_	
3-157	826-829	and	_	_	
3-158	830-836	things	_	_	
3-159	837-842	which	_	_	
3-160	843-847	said	_	_	
3-161	848-857	attorneys	_	_	
3-162	858-860	or	_	_	
3-163	861-869	attorney	_	_	
3-164	870-875	might	_	_	
3-165	876-878	do	_	_	
3-166	879-881	or	_	_	
3-167	882-887	cause	_	_	
3-168	888-890	to	_	_	
3-169	891-893	be	_	_	
3-170	894-898	done	_	_	
3-171	899-901	by	_	_	
3-172	902-908	virtue	_	_	
3-173	909-915	hereof	_	_	
3-174	915-916	.	_	_	

#Text=IN WITNESS WHEREOF, each of the undersigned officers and directors, in the capacity or capacities noted, has hereunto set his or her hand as of the date indicated below.
4-1	920-922	IN	_	_	
4-2	923-930	WITNESS	_	_	
4-3	931-938	WHEREOF	_	_	
4-4	938-939	,	_	_	
4-5	940-944	each	_	_	
4-6	945-947	of	_	_	
4-7	948-951	the	_	_	
4-8	952-963	undersigned	_	_	
4-9	964-972	officers	_	_	
4-10	973-976	and	_	_	
4-11	977-986	directors	_	_	
4-12	986-987	,	_	_	
4-13	988-990	in	_	_	
4-14	991-994	the	_	_	
4-15	995-1003	capacity	_	_	
4-16	1004-1006	or	_	_	
4-17	1007-1017	capacities	_	_	
4-18	1018-1023	noted	_	_	
4-19	1023-1024	,	_	_	
4-20	1025-1028	has	_	_	
4-21	1029-1037	hereunto	_	_	
4-22	1038-1041	set	_	_	
4-23	1042-1045	his	_	_	
4-24	1046-1048	or	_	_	
4-25	1049-1052	her	_	_	
4-26	1053-1057	hand	_	_	
4-27	1058-1060	as	_	_	
4-28	1061-1063	of	_	_	
4-29	1064-1067	the	_	_	
4-30	1068-1072	date	_	_	
4-31	1073-1082	indicated	_	_	
4-32	1083-1088	below	_	_	
4-33	1088-1089	.	_	_	

#Text=Signature
5-1	1093-1102	Signature	_	_	

#Text=Title
6-1	1107-1112	Title	_	_	

#Text=Date
7-1	1114-1118	Date	_	_	

#Text=/s/ Brian T. Moynihan
8-1	1123-1124	/	_	_	
8-2	1124-1125	s	_	_	
8-3	1125-1126	/	_	_	
8-4	1127-1132	Brian	WITNESS[3]	*[3]	
8-5	1133-1134	T	WITNESS[3]	*[3]	
8-6	1134-1135	.	WITNESS[3]	*[3]	
8-7	1136-1144	Moynihan	WITNESS[3]	*[3]	

#Text=Chief Executive Officer,
9-1	1149-1154	Chief	_	_	
9-2	1155-1164	Executive	_	_	
9-3	1165-1172	Officer	_	_	
9-4	1172-1173	,	_	_	

#Text=Chairman and Director
10-1	1175-1183	Chairman	_	_	
10-2	1184-1187	and	_	_	
10-3	1188-1196	Director	_	_	

#Text=(Principal Executive Officer)
11-1	1198-1199	(	_	_	
11-2	1199-1208	Principal	_	_	
11-3	1209-1218	Executive	_	_	
11-4	1219-1226	Officer	_	_	
11-5	1226-1227	)	_	_	

#Text=February 22, 2018
12-1	1229-1237	February	_	_	
12-2	1238-1240	22	_	_	
12-3	1240-1241	,	_	_	
12-4	1242-1246	2018	_	_	

#Text=Brian T. Moynihan
13-1	1248-1253	Brian	WITNESS[4]	*[4]	
13-2	1254-1255	T	WITNESS[4]	*[4]	
13-3	1255-1256	.	WITNESS[4]	*[4]	
13-4	1257-1265	Moynihan	WITNESS[4]	*[4]	

#Text=/s/ Paul M. Donofrio
14-1	1269-1270	/	_	_	
14-2	1270-1271	s	_	_	
14-3	1271-1272	/	_	_	
14-4	1273-1277	Paul	WITNESS[5]	*[5]	
14-5	1278-1279	M	WITNESS[5]	*[5]	
14-6	1279-1280	.	WITNESS[5]	*[5]	
14-7	1281-1289	Donofrio	WITNESS[5]	*[5]	

#Text=Chief Financial Officer
15-1	1294-1299	Chief	_	_	
15-2	1300-1309	Financial	_	_	
15-3	1310-1317	Officer	_	_	

#Text=(Principal Financial Officer)
16-1	1319-1320	(	_	_	
16-2	1320-1329	Principal	_	_	
16-3	1330-1339	Financial	_	_	
16-4	1340-1347	Officer	_	_	
16-5	1347-1348	)	_	_	

#Text=February 22, 2018
17-1	1350-1358	February	DATE[6]	*[6]	
17-2	1359-1361	22	DATE[6]	*[6]	
17-3	1361-1362	,	DATE[6]	*[6]	
17-4	1363-1367	2018	DATE[6]	*[6]	

#Text=Paul M. Donofrio
18-1	1369-1373	Paul	WITNESS[7]	*[7]	
18-2	1374-1375	M	WITNESS[7]	*[7]	
18-3	1375-1376	.	WITNESS[7]	*[7]	
18-4	1377-1385	Donofrio	WITNESS[7]	*[7]	

#Text=/s/ Rudolf A. Bless
19-1	1389-1390	/	_	_	
19-2	1390-1391	s	_	_	
19-3	1391-1392	/	_	_	
19-4	1393-1399	Rudolf	WITNESS[8]	*[8]	
19-5	1400-1401	A	WITNESS[8]	*[8]	
19-6	1401-1402	.	WITNESS[8]	*[8]	
19-7	1403-1408	Bless	WITNESS[8]	*[8]	

#Text=Chief Accounting Officer
20-1	1413-1418	Chief	_	_	
20-2	1419-1429	Accounting	_	_	
20-3	1430-1437	Officer	_	_	

#Text=(Principal Accounting Officer)
21-1	1439-1440	(	_	_	
21-2	1440-1449	Principal	_	_	
21-3	1450-1460	Accounting	_	_	
21-4	1461-1468	Officer	_	_	
21-5	1468-1469	)	_	_	

#Text=February 22, 2018
22-1	1471-1479	February	DATE[9]	*[9]	
22-2	1480-1482	22	DATE[9]	*[9]	
22-3	1482-1483	,	DATE[9]	*[9]	
22-4	1484-1488	2018	DATE[9]	*[9]	

#Text=Rudolf A. Bless
23-1	1490-1496	Rudolf	WITNESS[10]	*[10]	
23-2	1497-1498	A	WITNESS[10]	*[10]	
23-3	1498-1499	.	WITNESS[10]	*[10]	
23-4	1500-1505	Bless	WITNESS[10]	*[10]	

#Text=/s/ Sharon L. Allen
24-1	1512-1513	/	_	_	
24-2	1513-1514	s	_	_	
24-3	1514-1515	/	_	_	
24-4	1516-1522	Sharon	WITNESS[11]	*[11]	
24-5	1523-1524	L	WITNESS[11]	*[11]	
24-6	1524-1525	.	WITNESS[11]	*[11]	
24-7	1526-1531	Allen	WITNESS[11]	*[11]	

#Text=Director
25-1	1536-1544	Director	_	_	

#Text=February 19, 2018
26-1	1546-1554	February	_	_	
26-2	1555-1557	19	_	_	
26-3	1557-1558	,	_	_	
26-4	1559-1563	2018	_	_	

#Text=Sharon L. Allen
27-1	1565-1571	Sharon	WITNESS[12]	*[12]	
27-2	1572-1573	L	WITNESS[12]	*[12]	
27-3	1573-1574	.	WITNESS[12]	*[12]	
27-4	1575-1580	Allen	WITNESS[12]	*[12]	

#Text=/s/ Susan S. Bies
28-1	1587-1588	/	_	_	
28-2	1588-1589	s	_	_	
28-3	1589-1590	/	_	_	
28-4	1591-1596	Susan	WITNESS[13]	*[13]	
28-5	1597-1598	S	WITNESS[13]	*[13]	
28-6	1598-1599	.	WITNESS[13]	*[13]	
28-7	1600-1604	Bies	WITNESS[13]	*[13]	

#Text=Director
29-1	1609-1617	Director	_	_	

#Text=February 22, 2018
30-1	1619-1627	February	DATE[14]	*[14]	
30-2	1628-1630	22	DATE[14]	*[14]	
30-3	1630-1631	,	DATE[14]	*[14]	
30-4	1632-1636	2018	DATE[14]	*[14]	

#Text=Susan S. Bies
31-1	1638-1643	Susan	_	_	
31-2	1644-1645	S	_	_	
31-3	1645-1646	.	_	_	
31-4	1647-1651	Bies	_	_	

#Text=/s/ Jack O. Bovender, Jr.
32-1	1655-1656	/	_	_	
32-2	1656-1657	s	_	_	
32-3	1657-1658	/	_	_	
32-4	1659-1663	Jack	WITNESS[15]	*[15]	
32-5	1664-1665	O	WITNESS[15]	*[15]	
32-6	1665-1666	.	WITNESS[15]	*[15]	
32-7	1667-1675	Bovender	WITNESS[15]	*[15]	
32-8	1675-1676	,	WITNESS[15]	*[15]	
32-9	1677-1679	Jr	WITNESS[15]	*[15]	
32-10	1679-1680	.	WITNESS[15]	*[15]	

#Text=Director
33-1	1685-1693	Director	_	_	

#Text=February 17, 2018
34-1	1695-1703	February	DATE[16]	*[16]	
34-2	1704-1706	17	DATE[16]	*[16]	
34-3	1706-1707	,	DATE[16]	*[16]	
34-4	1708-1712	2018	DATE[16]	*[16]	

#Text=Jack O. Bovender, Jr.
35-1	1714-1718	Jack	WITNESS[17]	*[17]	
35-2	1719-1720	O	WITNESS[17]	*[17]	
35-3	1720-1721	.	WITNESS[17]	*[17]	
35-4	1722-1730	Bovender	WITNESS[17]	*[17]	
35-5	1730-1731	,	WITNESS[17]	*[17]	
35-6	1732-1734	Jr	WITNESS[17]	*[17]	
35-7	1734-1735	.	WITNESS[17]	*[17]	

#Text=/s/ Frank P. Bramble, Sr.
36-1	1739-1740	/	_	_	
36-2	1740-1741	s	_	_	
36-3	1741-1742	/	_	_	
36-4	1743-1748	Frank	WITNESS[18]	*[18]	
36-5	1749-1750	P	WITNESS[18]	*[18]	
36-6	1750-1751	.	WITNESS[18]	*[18]	
36-7	1752-1759	Bramble	WITNESS[18]	*[18]	
36-8	1759-1760	,	WITNESS[18]	*[18]	
36-9	1761-1763	Sr	WITNESS[18]	*[18]	
36-10	1763-1764	.	WITNESS[18]	*[18]	

#Text=Director
37-1	1769-1777	Director	_	_	

#Text=February 22, 2018
38-1	1779-1787	February	DATE[19]	*[19]	
38-2	1788-1790	22	DATE[19]	*[19]	
38-3	1790-1791	,	DATE[19]	*[19]	
38-4	1792-1796	2018	DATE[19]	*[19]	

#Text=Frank P. Bramble, Sr.
39-1	1798-1803	Frank	WITNESS[20]	*[20]	
39-2	1804-1805	P	WITNESS[20]	*[20]	
39-3	1805-1806	.	WITNESS[20]	*[20]	
39-4	1807-1814	Bramble	WITNESS[20]	*[20]	
39-5	1814-1815	,	WITNESS[20]	*[20]	
39-6	1816-1818	Sr	WITNESS[20]	*[20]	
39-7	1818-1819	.	WITNESS[20]	*[20]	

#Text=/s/ Pierre de Weck
40-1	1823-1824	/	_	_	
40-2	1824-1825	s	_	_	
40-3	1825-1826	/	_	_	
40-4	1827-1833	Pierre	WITNESS[21]	*[21]	
40-5	1834-1836	de	WITNESS[21]	*[21]	
40-6	1837-1841	Weck	WITNESS[21]	*[21]	

#Text=Director
41-1	1846-1854	Director	_	_	

#Text=February 20, 2018
42-1	1856-1864	February	_	_	
42-2	1865-1867	20	_	_	
42-3	1867-1868	,	_	_	
42-4	1869-1873	2018	_	_	

#Text=Pierre de Weck
43-1	1875-1881	Pierre	WITNESS[22]	*[22]	
43-2	1882-1884	de	WITNESS[22]	*[22]	
43-3	1885-1889	Weck	WITNESS[22]	*[22]	

#Text=/s/ Arnold W. Donald
44-1	1893-1894	/	_	_	
44-2	1894-1895	s	_	_	
44-3	1895-1896	/	_	_	
44-4	1897-1903	Arnold	WITNESS[23]	*[23]	
44-5	1904-1905	W	WITNESS[23]	*[23]	
44-6	1905-1906	.	WITNESS[23]	*[23]	
44-7	1907-1913	Donald	WITNESS[23]	*[23]	

#Text=Director
45-1	1918-1926	Director	_	_	

#Text=February 22, 2018
46-1	1928-1936	February	_	_	
46-2	1937-1939	22	_	_	
46-3	1939-1940	,	_	_	
46-4	1941-1945	2018	_	_	

#Text=Arnold W. Donald
47-1	1947-1953	Arnold	WITNESS[24]	*[24]	
47-2	1954-1955	W	WITNESS[24]	*[24]	
47-3	1955-1956	.	WITNESS[24]	*[24]	
47-4	1957-1963	Donald	WITNESS[24]	*[24]	

#Text=/s/ Linda P. Hudson
48-1	1967-1968	/	_	_	
48-2	1968-1969	s	_	_	
48-3	1969-1970	/	_	_	
48-4	1971-1976	Linda	WITNESS[25]	*[25]	
48-5	1977-1978	P	WITNESS[25]	*[25]	
48-6	1978-1979	.	WITNESS[25]	*[25]	
48-7	1980-1986	Hudson	WITNESS[25]	*[25]	

#Text=Director
49-1	1991-1999	Director	_	_	

#Text=February 16, 2018
50-1	2001-2009	February	_	_	
50-2	2010-2012	16	_	_	
50-3	2012-2013	,	_	_	
50-4	2014-2018	2018	_	_	

#Text=Linda P. Hudson
51-1	2020-2025	Linda	WITNESS[26]	*[26]	
51-2	2026-2027	P	WITNESS[26]	*[26]	
51-3	2027-2028	.	WITNESS[26]	*[26]	
51-4	2029-2035	Hudson	WITNESS[26]	*[26]	

#Text=Signature
52-1	2039-2048	Signature	_	_	

#Text=Title
53-1	2053-2058	Title	_	_	

#Text=Date
54-1	2060-2064	Date	_	_	

#Text=/s/ Monica C. Lozano
55-1	2068-2069	/	_	_	
55-2	2069-2070	s	_	_	
55-3	2070-2071	/	_	_	
55-4	2072-2078	Monica	WITNESS[27]	*[27]	
55-5	2079-2080	C	WITNESS[27]	*[27]	
55-6	2080-2081	.	WITNESS[27]	*[27]	
55-7	2082-2088	Lozano	WITNESS[27]	*[27]	

#Text=Director
56-1	2093-2101	Director	_	_	

#Text=February 17, 2018
57-1	2103-2111	February	_	_	
57-2	2112-2114	17	_	_	
57-3	2114-2115	,	_	_	
57-4	2116-2120	2018	_	_	

#Text=Monica C. Lozano
58-1	2122-2128	Monica	WITNESS[28]	*[28]	
58-2	2129-2130	C	WITNESS[28]	*[28]	
58-3	2130-2131	.	WITNESS[28]	*[28]	
58-4	2132-2138	Lozano	WITNESS[28]	*[28]	

#Text=/s/ Thomas J. May
59-1	2142-2143	/	_	_	
59-2	2143-2144	s	_	_	
59-3	2144-2145	/	_	_	
59-4	2146-2152	Thomas	WITNESS[29]	*[29]	
59-5	2153-2154	J	WITNESS[29]	*[29]	
59-6	2154-2155	.	WITNESS[29]	*[29]	
59-7	2156-2159	May	WITNESS[29]	*[29]	

#Text=Director
60-1	2164-2172	Director	_	_	

#Text=February 19, 2018
61-1	2174-2182	February	_	_	
61-2	2183-2185	19	_	_	
61-3	2185-2186	,	_	_	
61-4	2187-2191	2018	_	_	

#Text=Thomas J. May
62-1	2193-2199	Thomas	*[30]	*[30]	
62-2	2200-2201	J	*[30]	*[30]	
62-3	2201-2202	.	*[30]	*[30]	
62-4	2203-2206	May	*[30]	*[30]	

#Text=/s/ Lionel L. Nowell, III
63-1	2210-2211	/	_	_	
63-2	2211-2212	s	_	_	
63-3	2212-2213	/	_	_	
63-4	2214-2220	Lionel	WITNESS[31]	*[31]	
63-5	2221-2222	L	WITNESS[31]	*[31]	
63-6	2222-2223	.	WITNESS[31]	*[31]	
63-7	2224-2230	Nowell	WITNESS[31]	*[31]	
63-8	2230-2231	,	WITNESS[31]	*[31]	
63-9	2232-2235	III	WITNESS[31]	*[31]	

#Text=Director
64-1	2240-2248	Director	_	_	

#Text=February 16, 2018
65-1	2250-2258	February	_	_	
65-2	2259-2261	16	_	_	
65-3	2261-2262	,	_	_	
65-4	2263-2267	2018	_	_	

#Text=Lionel L. Nowell, III
66-1	2269-2275	Lionel	WITNESS[32]	*[32]	
66-2	2276-2277	L	WITNESS[32]	*[32]	
66-3	2277-2278	.	WITNESS[32]	*[32]	
66-4	2279-2285	Nowell	WITNESS[32]	*[32]	
66-5	2285-2286	,	WITNESS[32]	*[32]	
66-6	2287-2290	III	WITNESS[32]	*[32]	

#Text=/s/ Michael D. White
67-1	2294-2295	/	_	_	
67-2	2295-2296	s	_	_	
67-3	2296-2297	/	_	_	
67-4	2298-2305	Michael	WITNESS[33]	*[33]	
67-5	2306-2307	D	WITNESS[33]	*[33]	
67-6	2307-2308	.	WITNESS[33]	*[33]	
67-7	2309-2314	White	WITNESS[33]	*[33]	

#Text=Director
68-1	2319-2327	Director	_	_	

#Text=February 21, 2018
69-1	2329-2337	February	_	_	
69-2	2338-2340	21	_	_	
69-3	2340-2341	,	_	_	
69-4	2342-2346	2018	_	_	

#Text=Michael D. White
70-1	2348-2355	Michael	WITNESS[34]	*[34]	
70-2	2356-2357	D	WITNESS[34]	*[34]	
70-3	2357-2358	.	WITNESS[34]	*[34]	
70-4	2359-2364	White	WITNESS[34]	*[34]	

#Text=/s/ Thomas D. Woods
71-1	2368-2369	/	_	_	
71-2	2369-2370	s	_	_	
71-3	2370-2371	/	_	_	
71-4	2372-2378	Thomas	WITNESS[35]	*[35]	
71-5	2379-2380	D	WITNESS[35]	*[35]	
71-6	2380-2381	.	WITNESS[35]	*[35]	
71-7	2382-2387	Woods	WITNESS[35]	*[35]	

#Text=Director
72-1	2392-2400	Director	_	_	

#Text=February 14, 2018
73-1	2402-2410	February	_	_	
73-2	2411-2413	14	_	_	
73-3	2413-2414	,	_	_	
73-4	2415-2419	2018	_	_	

#Text=Thomas D. Woods
74-1	2421-2427	Thomas	WITNESS[36]	*[36]	
74-2	2428-2429	D	WITNESS[36]	*[36]	
74-3	2429-2430	.	WITNESS[36]	*[36]	
74-4	2431-2436	Woods	WITNESS[36]	*[36]	

#Text=/s/ R. David Yost
75-1	2440-2441	/	_	_	
75-2	2441-2442	s	_	_	
75-3	2442-2443	/	_	_	
75-4	2444-2445	R	WITNESS[37]	*[37]	
75-5	2445-2446	.	WITNESS[37]	*[37]	
75-6	2447-2452	David	WITNESS[37]	*[37]	
75-7	2453-2457	Yost	WITNESS[37]	*[37]	

#Text=Director
76-1	2462-2470	Director	_	_	

#Text=February 19, 2018
77-1	2472-2480	February	_	_	
77-2	2481-2483	19	_	_	
77-3	2483-2484	,	_	_	
77-4	2485-2489	2018	_	_	

#Text=R. David Yost
78-1	2491-2492	R	WITNESS[38]	*[38]	
78-2	2492-2493	.	WITNESS[38]	*[38]	
78-3	2494-2499	David	WITNESS[38]	*[38]	
78-4	2500-2504	Yost	WITNESS[38]	*[38]	

#Text=/s/ Maria T. Zuber
79-1	2509-2510	/	_	_	
79-2	2510-2511	s	_	_	
79-3	2511-2512	/	_	_	
79-4	2513-2518	Maria	WITNESS[39]	*[39]	
79-5	2519-2520	T	WITNESS[39]	*[39]	
79-6	2520-2521	.	WITNESS[39]	*[39]	
79-7	2522-2527	Zuber	WITNESS[39]	*[39]	

#Text=Director
80-1	2532-2540	Director	_	_	

#Text=February 15, 2018
81-1	2542-2550	February	_	_	
81-2	2551-2553	15	_	_	
81-3	2553-2554	,	_	_	
81-4	2555-2559	2018	_	_	

#Text=Maria T. Zuber
82-1	2561-2566	Maria	WITNESS[40]	*[40]	
82-2	2567-2568	T	WITNESS[40]	*[40]	
82-3	2568-2569	.	WITNESS[40]	*[40]	
82-4	2570-2575	Zuber	WITNESS[40]	*[40]	
