#FORMAT=WebAnno TSV 3.2
#T_SP=webanno.custom.AgreementEntities|Agreement|Employment


#Text=CORNING INCORPORATED
1-1	0-7	CORNING	COMP[1]	*[1]	
1-2	8-20	INCORPORATED	COMP[1]	*[1]	

#Text=POWER OF ATTORNEY
2-1	22-27	POWER	_	_	
2-2	28-30	OF	_	_	
2-3	31-39	ATTORNEY	_	_	

#Text=KNOW ALL BY THESE PRESENTS, that the undersigned director and/or officer of Corning Incorporated, a New York corporation (the “Corporation”), does hereby make, constitute and appoint James B. Flaws, Lewis A. Steverson and R. Tony Tripeny and each or any one of them, the undersigned’s true and lawful attorneys-in-fact, with power of substitution, for the undersigned and in the undersigned’s name, place and stead, to sign and affix the undersigned’s name as director and/or officer of the Corporation to (1) a Form 10-K, Annual Report, pursuant to the Securities Exchange Act of 1934, as amended (the “1934 Act”), for the fiscal year ended December 31, 2013, or other applicable form, including any and all exhibits, schedules, amendments, supplements and supporting documents thereto, to be filed by the Corporation with the Securities and Exchange Commission (the “SEC”), as required under the 1934 Act; (2) one or more Registration Statements, on Form S-8, or other applicable forms, and all amendments, including post-effective amendments, thereto, to be filed by the Corporation with the SEC in connection with the registration under the Securities Act of 1933, as amended (the “1933 Act”), of securities of the Corporation, and to file the same, with all exhibits thereto and other supporting documents, with the SEC; and (3) one or more Registration Statements on Form S-3, or other applicable forms, establishing a universal shelf under Rule 415 of the 1933 Act, and any and all amendments or supplements thereto (including post-effective amendments), or any Registration Statements relating to the same offering of securities that are filed pursuant to Rule 462(b) of the 1933 Act, and to file the same, with all exhibits thereto and other supporting documents, with the SEC.
3-1	41-45	KNOW	_	_	
3-2	46-49	ALL	_	_	
3-3	50-52	BY	_	_	
3-4	53-58	THESE	_	_	
3-5	59-67	PRESENTS	_	_	
3-6	67-68	,	_	_	
3-7	69-73	that	_	_	
3-8	74-77	the	_	_	
3-9	78-89	undersigned	_	_	
3-10	90-98	director	_	_	
3-11	99-102	and	_	_	
3-12	102-103	/	_	_	
3-13	103-105	or	_	_	
3-14	106-113	officer	_	_	
3-15	114-116	of	_	_	
3-16	117-124	Corning	COMP[2]	*[2]	
3-17	125-137	Incorporated	COMP[2]	*[2]	
3-18	137-138	,	_	_	
3-19	139-140	a	_	_	
3-20	141-144	New	_	_	
3-21	145-149	York	_	_	
3-22	150-161	corporation	_	_	
3-23	162-163	(	_	_	
3-24	163-166	the	_	_	
3-25	167-168	“	_	_	
3-26	168-179	Corporation	_	_	
3-27	179-180	”	_	_	
3-28	180-181	)	_	_	
3-29	181-182	,	_	_	
3-30	183-187	does	_	_	
3-31	188-194	hereby	_	_	
3-32	195-199	make	_	_	
3-33	199-200	,	_	_	
3-34	201-211	constitute	_	_	
3-35	212-215	and	_	_	
3-36	216-223	appoint	_	_	
3-37	224-229	James	PER[3]	*[3]	
3-38	230-231	B	PER[3]	*[3]	
3-39	231-232	.	PER[3]	*[3]	
3-40	233-238	Flaws	PER[3]	*[3]	
3-41	238-239	,	_	_	
3-42	240-245	Lewis	PER[4]	*[4]	
3-43	246-247	A	PER[4]	*[4]	
3-44	247-248	.	PER[4]	*[4]	
3-45	249-258	Steverson	PER[4]	*[4]	
3-46	259-262	and	_	_	
3-47	263-264	R	PER[5]	*[5]	
3-48	264-265	.	PER[5]	*[5]	
3-49	266-270	Tony	PER[5]	*[5]	
3-50	271-278	Tripeny	PER[5]	*[5]	
3-51	279-282	and	_	_	
3-52	283-287	each	_	_	
3-53	288-290	or	_	_	
3-54	291-294	any	_	_	
3-55	295-298	one	_	_	
3-56	299-301	of	_	_	
3-57	302-306	them	_	_	
3-58	306-307	,	_	_	
3-59	308-311	the	_	_	
3-60	312-323	undersigned	_	_	
3-61	323-324	’	_	_	
3-62	324-325	s	_	_	
3-63	326-330	true	_	_	
3-64	331-334	and	_	_	
3-65	335-341	lawful	_	_	
3-66	342-359	attorneys-in-fact	_	_	
3-67	359-360	,	_	_	
3-68	361-365	with	_	_	
3-69	366-371	power	_	_	
3-70	372-374	of	_	_	
3-71	375-387	substitution	_	_	
3-72	387-388	,	_	_	
3-73	389-392	for	_	_	
3-74	393-396	the	_	_	
3-75	397-408	undersigned	_	_	
3-76	409-412	and	_	_	
3-77	413-415	in	_	_	
3-78	416-419	the	_	_	
3-79	420-431	undersigned	_	_	
3-80	431-432	’	_	_	
3-81	432-433	s	_	_	
3-82	434-438	name	_	_	
3-83	438-439	,	_	_	
3-84	440-445	place	_	_	
3-85	446-449	and	_	_	
3-86	450-455	stead	_	_	
3-87	455-456	,	_	_	
3-88	457-459	to	_	_	
3-89	460-464	sign	_	_	
3-90	465-468	and	_	_	
3-91	469-474	affix	_	_	
3-92	475-478	the	_	_	
3-93	479-490	undersigned	_	_	
3-94	490-491	’	_	_	
3-95	491-492	s	_	_	
3-96	493-497	name	_	_	
3-97	498-500	as	_	_	
3-98	501-509	director	_	_	
3-99	510-513	and	_	_	
3-100	513-514	/	_	_	
3-101	514-516	or	_	_	
3-102	517-524	officer	_	_	
3-103	525-527	of	_	_	
3-104	528-531	the	_	_	
3-105	532-543	Corporation	_	_	
3-106	544-546	to	_	_	
3-107	547-548	(	_	_	
3-108	548-549	1	_	_	
3-109	549-550	)	_	_	
3-110	551-552	a	_	_	
3-111	553-557	Form	_	_	
3-112	558-560	10	_	_	
3-113	560-561	-	_	_	
3-114	561-562	K	_	_	
3-115	562-563	,	_	_	
3-116	564-570	Annual	_	_	
3-117	571-577	Report	_	_	
3-118	577-578	,	_	_	
3-119	579-587	pursuant	_	_	
3-120	588-590	to	_	_	
3-121	591-594	the	_	_	
3-122	595-605	Securities	_	_	
3-123	606-614	Exchange	_	_	
3-124	615-618	Act	_	_	
3-125	619-621	of	_	_	
3-126	622-626	1934	_	_	
3-127	626-627	,	_	_	
3-128	628-630	as	_	_	
3-129	631-638	amended	_	_	
3-130	639-640	(	_	_	
3-131	640-643	the	_	_	
3-132	644-645	“	_	_	
3-133	645-649	1934	_	_	
3-134	650-653	Act	_	_	
3-135	653-654	”	_	_	
3-136	654-655	)	_	_	
3-137	655-656	,	_	_	
3-138	657-660	for	_	_	
3-139	661-664	the	_	_	
3-140	665-671	fiscal	_	_	
3-141	672-676	year	_	_	
3-142	677-682	ended	_	_	
3-143	683-691	December	_	_	
3-144	692-694	31	_	_	
3-145	694-695	,	_	_	
3-146	696-700	2013	_	_	
3-147	700-701	,	_	_	
3-148	702-704	or	_	_	
3-149	705-710	other	_	_	
3-150	711-721	applicable	_	_	
3-151	722-726	form	_	_	
3-152	726-727	,	_	_	
3-153	728-737	including	_	_	
3-154	738-741	any	_	_	
3-155	742-745	and	_	_	
3-156	746-749	all	_	_	
3-157	750-758	exhibits	_	_	
3-158	758-759	,	_	_	
3-159	760-769	schedules	_	_	
3-160	769-770	,	_	_	
3-161	771-781	amendments	_	_	
3-162	781-782	,	_	_	
3-163	783-794	supplements	_	_	
3-164	795-798	and	_	_	
3-165	799-809	supporting	_	_	
3-166	810-819	documents	_	_	
3-167	820-827	thereto	_	_	
3-168	827-828	,	_	_	
3-169	829-831	to	_	_	
3-170	832-834	be	_	_	
3-171	835-840	filed	_	_	
3-172	841-843	by	_	_	
3-173	844-847	the	_	_	
3-174	848-859	Corporation	_	_	
3-175	860-864	with	_	_	
3-176	865-868	the	_	_	
3-177	869-879	Securities	_	_	
3-178	880-883	and	_	_	
3-179	884-892	Exchange	_	_	
3-180	893-903	Commission	_	_	
3-181	904-905	(	_	_	
3-182	905-908	the	_	_	
3-183	909-910	“	_	_	
3-184	910-913	SEC	_	_	
3-185	913-914	”	_	_	
3-186	914-915	)	_	_	
3-187	915-916	,	_	_	
3-188	917-919	as	_	_	
3-189	920-928	required	_	_	
3-190	929-934	under	_	_	
3-191	935-938	the	_	_	
3-192	939-943	1934	_	_	
3-193	944-947	Act	_	_	
3-194	947-948	;	_	_	
3-195	949-950	(	_	_	
3-196	950-951	2	_	_	
3-197	951-952	)	_	_	
3-198	953-956	one	_	_	
3-199	957-959	or	_	_	
3-200	960-964	more	_	_	
3-201	965-977	Registration	_	_	
3-202	978-988	Statements	_	_	
3-203	988-989	,	_	_	
3-204	990-992	on	_	_	
3-205	993-997	Form	_	_	
3-206	998-999	S	_	_	
3-207	999-1000	-	_	_	
3-208	1000-1001	8	_	_	
3-209	1001-1002	,	_	_	
3-210	1003-1005	or	_	_	
3-211	1006-1011	other	_	_	
3-212	1012-1022	applicable	_	_	
3-213	1023-1028	forms	_	_	
3-214	1028-1029	,	_	_	
3-215	1030-1033	and	_	_	
3-216	1034-1037	all	_	_	
3-217	1038-1048	amendments	_	_	
3-218	1048-1049	,	_	_	
3-219	1050-1059	including	_	_	
3-220	1060-1074	post-effective	_	_	
3-221	1075-1085	amendments	_	_	
3-222	1085-1086	,	_	_	
3-223	1087-1094	thereto	_	_	
3-224	1094-1095	,	_	_	
3-225	1096-1098	to	_	_	
3-226	1099-1101	be	_	_	
3-227	1102-1107	filed	_	_	
3-228	1108-1110	by	_	_	
3-229	1111-1114	the	_	_	
3-230	1115-1126	Corporation	_	_	
3-231	1127-1131	with	_	_	
3-232	1132-1135	the	_	_	
3-233	1136-1139	SEC	_	_	
3-234	1140-1142	in	_	_	
3-235	1143-1153	connection	_	_	
3-236	1154-1158	with	_	_	
3-237	1159-1162	the	_	_	
3-238	1163-1175	registration	_	_	
3-239	1176-1181	under	_	_	
3-240	1182-1185	the	_	_	
3-241	1186-1196	Securities	_	_	
3-242	1197-1200	Act	_	_	
3-243	1201-1203	of	_	_	
3-244	1204-1208	1933	_	_	
3-245	1208-1209	,	_	_	
3-246	1210-1212	as	_	_	
3-247	1213-1220	amended	_	_	
3-248	1221-1222	(	_	_	
3-249	1222-1225	the	_	_	
3-250	1226-1227	“	_	_	
3-251	1227-1231	1933	_	_	
3-252	1232-1235	Act	_	_	
3-253	1235-1236	”	_	_	
3-254	1236-1237	)	_	_	
3-255	1237-1238	,	_	_	
3-256	1239-1241	of	_	_	
3-257	1242-1252	securities	_	_	
3-258	1253-1255	of	_	_	
3-259	1256-1259	the	_	_	
3-260	1260-1271	Corporation	_	_	
3-261	1271-1272	,	_	_	
3-262	1273-1276	and	_	_	
3-263	1277-1279	to	_	_	
3-264	1280-1284	file	_	_	
3-265	1285-1288	the	_	_	
3-266	1289-1293	same	_	_	
3-267	1293-1294	,	_	_	
3-268	1295-1299	with	_	_	
3-269	1300-1303	all	_	_	
3-270	1304-1312	exhibits	_	_	
3-271	1313-1320	thereto	_	_	
3-272	1321-1324	and	_	_	
3-273	1325-1330	other	_	_	
3-274	1331-1341	supporting	_	_	
3-275	1342-1351	documents	_	_	
3-276	1351-1352	,	_	_	
3-277	1353-1357	with	_	_	
3-278	1358-1361	the	_	_	
3-279	1362-1365	SEC	_	_	
3-280	1365-1366	;	_	_	
3-281	1367-1370	and	_	_	
3-282	1371-1372	(	_	_	
3-283	1372-1373	3	_	_	
3-284	1373-1374	)	_	_	
3-285	1375-1378	one	_	_	
3-286	1379-1381	or	_	_	
3-287	1382-1386	more	_	_	
3-288	1387-1399	Registration	_	_	
3-289	1400-1410	Statements	_	_	
3-290	1411-1413	on	_	_	
3-291	1414-1418	Form	_	_	
3-292	1419-1420	S	_	_	
3-293	1420-1421	-	_	_	
3-294	1421-1422	3	_	_	
3-295	1422-1423	,	_	_	
3-296	1424-1426	or	_	_	
3-297	1427-1432	other	_	_	
3-298	1433-1443	applicable	_	_	
3-299	1444-1449	forms	_	_	
3-300	1449-1450	,	_	_	
3-301	1451-1463	establishing	_	_	
3-302	1464-1465	a	_	_	
3-303	1466-1475	universal	_	_	
3-304	1476-1481	shelf	_	_	
3-305	1482-1487	under	_	_	
3-306	1488-1492	Rule	_	_	
3-307	1493-1496	415	_	_	
3-308	1497-1499	of	_	_	
3-309	1500-1503	the	_	_	
3-310	1504-1508	1933	_	_	
3-311	1509-1512	Act	_	_	
3-312	1512-1513	,	_	_	
3-313	1514-1517	and	_	_	
3-314	1518-1521	any	_	_	
3-315	1522-1525	and	_	_	
3-316	1526-1529	all	_	_	
3-317	1530-1540	amendments	_	_	
3-318	1541-1543	or	_	_	
3-319	1544-1555	supplements	_	_	
3-320	1556-1563	thereto	_	_	
3-321	1564-1565	(	_	_	
3-322	1565-1574	including	_	_	
3-323	1575-1589	post-effective	_	_	
3-324	1590-1600	amendments	_	_	
3-325	1600-1601	)	_	_	
3-326	1601-1602	,	_	_	
3-327	1603-1605	or	_	_	
3-328	1606-1609	any	_	_	
3-329	1610-1622	Registration	_	_	
3-330	1623-1633	Statements	_	_	
3-331	1634-1642	relating	_	_	
3-332	1643-1645	to	_	_	
3-333	1646-1649	the	_	_	
3-334	1650-1654	same	_	_	
3-335	1655-1663	offering	_	_	
3-336	1664-1666	of	_	_	
3-337	1667-1677	securities	_	_	
3-338	1678-1682	that	_	_	
3-339	1683-1686	are	_	_	
3-340	1687-1692	filed	_	_	
3-341	1693-1701	pursuant	_	_	
3-342	1702-1704	to	_	_	
3-343	1705-1709	Rule	_	_	
3-344	1710-1713	462	_	_	
3-345	1713-1714	(	_	_	
3-346	1714-1715	b	_	_	
3-347	1715-1716	)	_	_	
3-348	1717-1719	of	_	_	
3-349	1720-1723	the	_	_	
3-350	1724-1728	1933	_	_	
3-351	1729-1732	Act	_	_	
3-352	1732-1733	,	_	_	
3-353	1734-1737	and	_	_	
3-354	1738-1740	to	_	_	
3-355	1741-1745	file	_	_	
3-356	1746-1749	the	_	_	
3-357	1750-1754	same	_	_	
3-358	1754-1755	,	_	_	
3-359	1756-1760	with	_	_	
3-360	1761-1764	all	_	_	
3-361	1765-1773	exhibits	_	_	
3-362	1774-1781	thereto	_	_	
3-363	1782-1785	and	_	_	
3-364	1786-1791	other	_	_	
3-365	1792-1802	supporting	_	_	
3-366	1803-1812	documents	_	_	
3-367	1812-1813	,	_	_	
3-368	1814-1818	with	_	_	
3-369	1819-1822	the	_	_	
3-370	1823-1826	SEC	_	_	
3-371	1826-1827	.	_	_	

#Text=IN WITNESS WHEREOF, the undersigned has subscribed these presents this 5th day of February, 2014.
4-1	1831-1833	IN	_	_	
4-2	1834-1841	WITNESS	_	_	
4-3	1842-1849	WHEREOF	_	_	
4-4	1849-1850	,	_	_	
4-5	1851-1854	the	_	_	
4-6	1855-1866	undersigned	_	_	
4-7	1867-1870	has	_	_	
4-8	1871-1881	subscribed	_	_	
4-9	1882-1887	these	_	_	
4-10	1888-1896	presents	_	_	
4-11	1897-1901	this	_	_	
4-12	1902-1905	5th	DATE[6]	*[6]	
4-13	1906-1909	day	DATE[6]	*[6]	
4-14	1910-1912	of	DATE[6]	*[6]	
4-15	1913-1921	February	DATE[6]	*[6]	
4-16	1921-1922	,	DATE[6]	*[6]	
4-17	1923-1927	2014	DATE[6]	*[6]	
4-18	1927-1928	.	DATE[6]	*[6]	

#Text=/s/ John Seely Brown
5-1	1934-1935	/	_	_	
5-2	1935-1936	s	_	_	
5-3	1936-1937	/	_	_	
5-4	1938-1942	John	WITNESS[7]	*[7]	
5-5	1943-1948	Seely	WITNESS[7]	*[7]	
5-6	1949-1954	Brown	WITNESS[7]	*[7]	

#Text=John Seely Brown
6-1	1960-1964	John	WITNESS[8]	*[8]	
6-2	1965-1970	Seely	WITNESS[8]	*[8]	
6-3	1971-1976	Brown	WITNESS[8]	*[8]	

#Text=CORNING INCORPORATED - 2013 Form 10-K\t1
7-1	1981-1988	CORNING	COMP[9]	*[9]	
7-2	1989-2001	INCORPORATED	COMP[9]	*[9]	
7-3	2002-2003	-	_	_	
7-4	2004-2008	2013	_	_	
7-5	2009-2013	Form	_	_	
7-6	2014-2016	10	_	_	
7-7	2016-2017	-	_	_	
7-8	2017-2018	K	_	_	
7-9	2019-2020	1	_	_	
