#FORMAT=WebAnno TSV 3.2
#T_SP=webanno.custom.AgreementEntities|Agreement|Employment


#Text=POWER OF ATTORNEY
1-1	5-10	POWER	_	_	
1-2	11-13	OF	_	_	
1-3	14-22	ATTORNEY	_	_	

#Text=KNOW ALL MEN BY THESE PRESENTS that the undersigned director of CULP, INC., a North Carolina corporation, hereby constitutes and appoints KENNETH R. BOWLING the true and lawful agent and attorney-in-fact to sign for the undersigned, as a director of the Corporation, the Corporation's Annual Report on Form 10-K for the year ended April 30, 2017 to be filed with the Securities and Exchange Commission, Washington, D.C., under the Securities Exchange Act of 1934, as amended, and to sign any amendment or amendments to such Annual Report, hereby ratifying and confirming all acts taken by such agent and attorney-in-fact, as herein authorized.
2-1	28-32	KNOW	_	_	
2-2	33-36	ALL	_	_	
2-3	37-40	MEN	_	_	
2-4	41-43	BY	_	_	
2-5	44-49	THESE	_	_	
2-6	50-58	PRESENTS	_	_	
2-7	59-63	that	_	_	
2-8	64-67	the	_	_	
2-9	68-79	undersigned	_	_	
2-10	80-88	director	_	_	
2-11	89-91	of	_	_	
2-12	92-96	CULP	COMP[1]	*[1]	
2-13	96-97	,	COMP[1]	*[1]	
2-14	98-101	INC	COMP[1]	*[1]	
2-15	101-102	.	COMP[1]	*[1]	
2-16	102-103	,	_	_	
2-17	104-105	a	_	_	
2-18	106-111	North	_	_	
2-19	112-120	Carolina	_	_	
2-20	121-132	corporation	_	_	
2-21	132-133	,	_	_	
2-22	134-140	hereby	_	_	
2-23	141-152	constitutes	_	_	
2-24	153-156	and	_	_	
2-25	157-165	appoints	_	_	
2-26	166-173	KENNETH	PER[2]	*[2]	
2-27	174-175	R	PER[2]	*[2]	
2-28	175-176	.	PER[2]	*[2]	
2-29	177-184	BOWLING	PER[2]	*[2]	
2-30	185-188	the	_	_	
2-31	189-193	true	_	_	
2-32	194-197	and	_	_	
2-33	198-204	lawful	_	_	
2-34	205-210	agent	_	_	
2-35	211-214	and	_	_	
2-36	215-231	attorney-in-fact	_	_	
2-37	232-234	to	_	_	
2-38	235-239	sign	_	_	
2-39	240-243	for	_	_	
2-40	244-247	the	_	_	
2-41	248-259	undersigned	_	_	
2-42	259-260	,	_	_	
2-43	261-263	as	_	_	
2-44	264-265	a	_	_	
2-45	266-274	director	_	_	
2-46	275-277	of	_	_	
2-47	278-281	the	_	_	
2-48	282-293	Corporation	_	_	
2-49	293-294	,	_	_	
2-50	295-298	the	_	_	
2-51	299-312	Corporation's	_	_	
2-52	313-319	Annual	_	_	
2-53	320-326	Report	_	_	
2-54	327-329	on	_	_	
2-55	330-334	Form	_	_	
2-56	335-337	10	_	_	
2-57	337-338	-	_	_	
2-58	338-339	K	_	_	
2-59	340-343	for	_	_	
2-60	344-347	the	_	_	
2-61	348-352	year	_	_	
2-62	353-358	ended	_	_	
2-63	359-364	April	_	_	
2-64	365-367	30	_	_	
2-65	367-368	,	_	_	
2-66	369-373	2017	_	_	
2-67	374-376	to	_	_	
2-68	377-379	be	_	_	
2-69	380-385	filed	_	_	
2-70	386-390	with	_	_	
2-71	391-394	the	_	_	
2-72	395-405	Securities	_	_	
2-73	406-409	and	_	_	
2-74	410-418	Exchange	_	_	
2-75	419-429	Commission	_	_	
2-76	429-430	,	_	_	
2-77	431-441	Washington	_	_	
2-78	441-442	,	_	_	
2-79	443-446	D.C	_	_	
2-80	446-447	.	_	_	
2-81	447-448	,	_	_	
2-82	449-454	under	_	_	
2-83	455-458	the	_	_	
2-84	459-469	Securities	_	_	
2-85	470-478	Exchange	_	_	
2-86	479-482	Act	_	_	
2-87	483-485	of	_	_	
2-88	486-490	1934	_	_	
2-89	490-491	,	_	_	
2-90	492-494	as	_	_	
2-91	495-502	amended	_	_	
2-92	502-503	,	_	_	
2-93	504-507	and	_	_	
2-94	508-510	to	_	_	
2-95	511-515	sign	_	_	
2-96	516-519	any	_	_	
2-97	520-529	amendment	_	_	
2-98	530-532	or	_	_	
2-99	533-543	amendments	_	_	
2-100	544-546	to	_	_	
2-101	547-551	such	_	_	
2-102	552-558	Annual	_	_	
2-103	559-565	Report	_	_	
2-104	565-566	,	_	_	
2-105	567-573	hereby	_	_	
2-106	574-583	ratifying	_	_	
2-107	584-587	and	_	_	
2-108	588-598	confirming	_	_	
2-109	599-602	all	_	_	
2-110	603-607	acts	_	_	
2-111	608-613	taken	_	_	
2-112	614-616	by	_	_	
2-113	617-621	such	_	_	
2-114	622-627	agent	_	_	
2-115	628-631	and	_	_	
2-116	632-648	attorney-in-fact	_	_	
2-117	648-649	,	_	_	
2-118	650-652	as	_	_	
2-119	653-659	herein	_	_	
2-120	660-670	authorized	_	_	
2-121	670-671	.	_	_	

#Text=/s/ \tPatrick B. Flavin
3-1	679-680	/	_	_	
3-2	680-681	s	_	_	
3-3	681-682	/	_	_	
3-4	684-691	Patrick	WITNESS[3]	*[3]	
3-5	692-693	B	WITNESS[3]	*[3]	
3-6	693-694	.	WITNESS[3]	*[3]	
3-7	695-701	Flavin	WITNESS[3]	*[3]	

#Text=Patrick B. Flavin
4-1	708-715	Patrick	WITNESS[4]	*[4]	
4-2	716-717	B	WITNESS[4]	*[4]	
4-3	717-718	.	WITNESS[4]	*[4]	
4-4	719-725	Flavin	WITNESS[4]	*[4]	

#Text=Date: July 14, 2017
5-1	749-753	Date	_	_	
5-2	753-754	:	_	_	
5-3	755-759	July	DATE[5]	*[5]	
5-4	760-762	14	DATE[5]	*[5]	
5-5	762-763	,	DATE[5]	*[5]	
5-6	764-768	2017	DATE[5]	*[5]	
