#FORMAT=WebAnno TSV 3.2
#T_SP=webanno.custom.AgreementEntities|Agreement|Employment


#Text=EXHIBIT 24
1-1	2-9	EXHIBIT	_	_	
1-2	10-12	24	_	_	

#Text=POWER OF ATTORNEY
2-1	16-21	POWER	_	_	
2-2	22-24	OF	_	_	
2-3	25-33	ATTORNEY	_	_	

#Text=ANNUAL REPORT ON FORM 10-K FOR FISCAL 2013
3-1	35-41	ANNUAL	_	_	
3-2	42-48	REPORT	_	_	
3-3	49-51	ON	_	_	
3-4	52-56	FORM	_	_	
3-5	57-59	10	_	_	
3-6	59-60	-	_	_	
3-7	60-61	K	_	_	
3-8	62-65	FOR	_	_	
3-9	66-72	FISCAL	_	_	
3-10	73-77	2013	_	_	

#Text=KNOW ALL BY THESE PRESENTS, that each person whose signature appears below constitutes and appoints Ellen O. Kaden and Kathleen M. Gibson, each of them, until December 31, 2013, their true and lawful attorneys-in-fact and agents, with full power of substitution and revocation, for them and in their name, place and stead, in any and all capacities, to sign Campbell Soup Company's Annual Report on Form 10-K to the Securities and Exchange Commission for the fiscal year ended July 28, 2013, and any amendments thereto, and to file the same with all exhibits thereto, and other documents in connection therewith, with the Securities and Exchange Commission, granting unto said attorneys-in-fact and agents, full power and authority to do and perform each and every act and thing requisite and necessary to be done, as fully to all intents and purposes as he or she might or could do in person, hereby ratifying and confirming all that said attorneys-in-fact and agents may lawfully do or cause to be done by virtue hereof.
4-1	81-85	KNOW	_	_	
4-2	86-89	ALL	_	_	
4-3	90-92	BY	_	_	
4-4	93-98	THESE	_	_	
4-5	99-107	PRESENTS	_	_	
4-6	107-108	,	_	_	
4-7	109-113	that	_	_	
4-8	114-118	each	_	_	
4-9	119-125	person	_	_	
4-10	126-131	whose	_	_	
4-11	132-141	signature	_	_	
4-12	142-149	appears	_	_	
4-13	150-155	below	_	_	
4-14	156-167	constitutes	_	_	
4-15	168-171	and	_	_	
4-16	172-180	appoints	_	_	
4-17	181-186	Ellen	PER[1]	*[1]	
4-18	187-188	O	PER[1]	*[1]	
4-19	188-189	.	PER[1]	*[1]	
4-20	190-195	Kaden	PER[1]	*[1]	
4-21	196-199	and	_	_	
4-22	200-208	Kathleen	PER[2]	*[2]	
4-23	209-210	M	PER[2]	*[2]	
4-24	210-211	.	PER[2]	*[2]	
4-25	212-218	Gibson	PER[2]	*[2]	
4-26	218-219	,	_	_	
4-27	220-224	each	_	_	
4-28	225-227	of	_	_	
4-29	228-232	them	_	_	
4-30	232-233	,	_	_	
4-31	234-239	until	_	_	
4-32	240-248	December	_	_	
4-33	249-251	31	_	_	
4-34	251-252	,	_	_	
4-35	253-257	2013	_	_	
4-36	257-258	,	_	_	
4-37	259-264	their	_	_	
4-38	265-269	true	_	_	
4-39	270-273	and	_	_	
4-40	274-280	lawful	_	_	
4-41	281-298	attorneys-in-fact	_	_	
4-42	299-302	and	_	_	
4-43	303-309	agents	_	_	
4-44	309-310	,	_	_	
4-45	311-315	with	_	_	
4-46	316-320	full	_	_	
4-47	321-326	power	_	_	
4-48	327-329	of	_	_	
4-49	330-342	substitution	_	_	
4-50	343-346	and	_	_	
4-51	347-357	revocation	_	_	
4-52	357-358	,	_	_	
4-53	359-362	for	_	_	
4-54	363-367	them	_	_	
4-55	368-371	and	_	_	
4-56	372-374	in	_	_	
4-57	375-380	their	_	_	
4-58	381-385	name	_	_	
4-59	385-386	,	_	_	
4-60	387-392	place	_	_	
4-61	393-396	and	_	_	
4-62	397-402	stead	_	_	
4-63	402-403	,	_	_	
4-64	404-406	in	_	_	
4-65	407-410	any	_	_	
4-66	411-414	and	_	_	
4-67	415-418	all	_	_	
4-68	419-429	capacities	_	_	
4-69	429-430	,	_	_	
4-70	431-433	to	_	_	
4-71	434-438	sign	_	_	
4-72	439-447	Campbell	COMP[3]	*[3]	
4-73	448-452	Soup	COMP[3]	*[3]	
4-74	453-462	Company's	COMP[3]	*[3]	
4-75	463-469	Annual	_	_	
4-76	470-476	Report	_	_	
4-77	477-479	on	_	_	
4-78	480-484	Form	_	_	
4-79	485-487	10	_	_	
4-80	487-488	-	_	_	
4-81	488-489	K	_	_	
4-82	490-492	to	_	_	
4-83	493-496	the	_	_	
4-84	497-507	Securities	_	_	
4-85	508-511	and	_	_	
4-86	512-520	Exchange	_	_	
4-87	521-531	Commission	_	_	
4-88	532-535	for	_	_	
4-89	536-539	the	_	_	
4-90	540-546	fiscal	_	_	
4-91	547-551	year	_	_	
4-92	552-557	ended	_	_	
4-93	558-562	July	_	_	
4-94	563-565	28	_	_	
4-95	565-566	,	_	_	
4-96	567-571	2013	_	_	
4-97	571-572	,	_	_	
4-98	573-576	and	_	_	
4-99	577-580	any	_	_	
4-100	581-591	amendments	_	_	
4-101	592-599	thereto	_	_	
4-102	599-600	,	_	_	
4-103	601-604	and	_	_	
4-104	605-607	to	_	_	
4-105	608-612	file	_	_	
4-106	613-616	the	_	_	
4-107	617-621	same	_	_	
4-108	622-626	with	_	_	
4-109	627-630	all	_	_	
4-110	631-639	exhibits	_	_	
4-111	640-647	thereto	_	_	
4-112	647-648	,	_	_	
4-113	649-652	and	_	_	
4-114	653-658	other	_	_	
4-115	659-668	documents	_	_	
4-116	669-671	in	_	_	
4-117	672-682	connection	_	_	
4-118	683-692	therewith	_	_	
4-119	692-693	,	_	_	
4-120	694-698	with	_	_	
4-121	699-702	the	_	_	
4-122	703-713	Securities	_	_	
4-123	714-717	and	_	_	
4-124	718-726	Exchange	_	_	
4-125	727-737	Commission	_	_	
4-126	737-738	,	_	_	
4-127	739-747	granting	_	_	
4-128	748-752	unto	_	_	
4-129	753-757	said	_	_	
4-130	758-775	attorneys-in-fact	_	_	
4-131	776-779	and	_	_	
4-132	780-786	agents	_	_	
4-133	786-787	,	_	_	
4-134	788-792	full	_	_	
4-135	793-798	power	_	_	
4-136	799-802	and	_	_	
4-137	803-812	authority	_	_	
4-138	813-815	to	_	_	
4-139	816-818	do	_	_	
4-140	819-822	and	_	_	
4-141	823-830	perform	_	_	
4-142	831-835	each	_	_	
4-143	836-839	and	_	_	
4-144	840-845	every	_	_	
4-145	846-849	act	_	_	
4-146	850-853	and	_	_	
4-147	854-859	thing	_	_	
4-148	860-869	requisite	_	_	
4-149	870-873	and	_	_	
4-150	874-883	necessary	_	_	
4-151	884-886	to	_	_	
4-152	887-889	be	_	_	
4-153	890-894	done	_	_	
4-154	894-895	,	_	_	
4-155	896-898	as	_	_	
4-156	899-904	fully	_	_	
4-157	905-907	to	_	_	
4-158	908-911	all	_	_	
4-159	912-919	intents	_	_	
4-160	920-923	and	_	_	
4-161	924-932	purposes	_	_	
4-162	933-935	as	_	_	
4-163	936-938	he	_	_	
4-164	939-941	or	_	_	
4-165	942-945	she	_	_	
4-166	946-951	might	_	_	
4-167	952-954	or	_	_	
4-168	955-960	could	_	_	
4-169	961-963	do	_	_	
4-170	964-966	in	_	_	
4-171	967-973	person	_	_	
4-172	973-974	,	_	_	
4-173	975-981	hereby	_	_	
4-174	982-991	ratifying	_	_	
4-175	992-995	and	_	_	
4-176	996-1006	confirming	_	_	
4-177	1007-1010	all	_	_	
4-178	1011-1015	that	_	_	
4-179	1016-1020	said	_	_	
4-180	1021-1038	attorneys-in-fact	_	_	
4-181	1039-1042	and	_	_	
4-182	1043-1049	agents	_	_	
4-183	1050-1053	may	_	_	
4-184	1054-1062	lawfully	_	_	
4-185	1063-1065	do	_	_	
4-186	1066-1068	or	_	_	
4-187	1069-1074	cause	_	_	
4-188	1075-1077	to	_	_	
4-189	1078-1080	be	_	_	
4-190	1081-1085	done	_	_	
4-191	1086-1088	by	_	_	
4-192	1089-1095	virtue	_	_	
4-193	1096-1102	hereof	_	_	
4-194	1102-1103	.	_	_	

#Text=CAMPBELL SOUP COMPANY
5-1	1107-1115	CAMPBELL	COMP[4]	*[4]	
5-2	1116-1120	SOUP	COMP[4]	*[4]	
5-3	1121-1128	COMPANY	COMP[4]	*[4]	

#Text=Signature
6-1	1132-1141	Signature	_	_	

#Text=Dated as of September 25, 2013
7-1	1146-1151	Dated	_	_	
7-2	1152-1154	as	_	_	
7-3	1155-1157	of	_	_	
7-4	1158-1167	September	DATE[5]	*[5]	
7-5	1168-1170	25	DATE[5]	*[5]	
7-6	1170-1171	,	DATE[5]	*[5]	
7-7	1172-1176	2013	DATE[5]	*[5]	

#Text=/s/ Edmund M. Carpenter
8-1	1181-1182	/	_	_	
8-2	1182-1183	s	_	_	
8-3	1183-1184	/	_	_	
8-4	1185-1191	Edmund	WITNESS[6]	*[6]	
8-5	1192-1193	M	WITNESS[6]	*[6]	
8-6	1193-1194	.	WITNESS[6]	*[6]	
8-7	1195-1204	Carpenter	WITNESS[6]	*[6]	

#Text=/s/ Charles R. Perrin
9-1	1209-1210	/	_	_	
9-2	1210-1211	s	_	_	
9-3	1211-1212	/	_	_	
9-4	1213-1220	Charles	WITNESS[7]	*[7]	
9-5	1221-1222	R	WITNESS[7]	*[7]	
9-6	1222-1223	.	WITNESS[7]	*[7]	
9-7	1224-1230	Perrin	WITNESS[7]	*[7]	

#Text=Edmund M. Carpenter
10-1	1238-1244	Edmund	_	_	
10-2	1245-1246	M	_	_	
10-3	1246-1247	.	_	_	
10-4	1248-1257	Carpenter	_	_	

#Text=Charles R. Perrin
11-1	1262-1269	Charles	_	_	
11-2	1270-1271	R	_	_	
11-3	1271-1272	.	_	_	
11-4	1273-1279	Perrin	_	_	

#Text=/s/ Paul R. Charron
12-1	1281-1282	/	_	_	
12-2	1282-1283	s	_	_	
12-3	1283-1284	/	_	_	
12-4	1285-1289	Paul	WITNESS[8]	*[8]	
12-5	1290-1291	R	WITNESS[8]	*[8]	
12-6	1291-1292	.	WITNESS[8]	*[8]	
12-7	1293-1300	Charron	WITNESS[8]	*[8]	

#Text=/s/ A. Barry Rand
13-1	1305-1306	/	_	_	
13-2	1306-1307	s	_	_	
13-3	1307-1308	/	_	_	
13-4	1309-1310	A	WITNESS[9]	*[9]	
13-5	1310-1311	.	WITNESS[9]	*[9]	
13-6	1312-1317	Barry	WITNESS[9]	*[9]	
13-7	1318-1322	Rand	WITNESS[9]	*[9]	

#Text=Paul R. Charron
14-1	1330-1334	Paul	_	_	
14-2	1335-1336	R	_	_	
14-3	1336-1337	.	_	_	
14-4	1338-1345	Charron	_	_	

#Text=A. Barry Rand
15-1	1350-1351	A	_	_	
15-2	1351-1352	.	_	_	
15-3	1353-1358	Barry	_	_	
15-4	1359-1363	Rand	_	_	

#Text=/s/ Bennett Dorrance
16-1	1368-1369	/	_	_	
16-2	1369-1370	s	_	_	
16-3	1370-1371	/	_	_	
16-4	1372-1379	Bennett	WITNESS[10]	*[10]	
16-5	1380-1388	Dorrance	WITNESS[10]	*[10]	

#Text=/s/ Nick Shreiber
17-1	1393-1394	/	_	_	
17-2	1394-1395	s	_	_	
17-3	1395-1396	/	_	_	
17-4	1397-1401	Nick	WITNESS[11]	*[11]	
17-5	1402-1410	Shreiber	WITNESS[11]	*[11]	

#Text=Bennett Dorrance
18-1	1415-1422	Bennett	_	_	
18-2	1423-1431	Dorrance	_	_	

#Text=Nick Shreiber
19-1	1436-1440	Nick	_	_	
19-2	1441-1449	Shreiber	_	_	

#Text=/s/ Lawrence C. Karlson
20-1	1453-1454	/	_	_	
20-2	1454-1455	s	_	_	
20-3	1455-1456	/	_	_	
20-4	1457-1465	Lawrence	WITNESS[12]	*[12]	
20-5	1466-1467	C	WITNESS[12]	*[12]	
20-6	1467-1468	.	WITNESS[12]	*[12]	
20-7	1469-1476	Karlson	WITNESS[12]	*[12]	

#Text=/s/ Tracey T. Travis
21-1	1481-1482	/	_	_	
21-2	1482-1483	s	_	_	
21-3	1483-1484	/	_	_	
21-4	1485-1491	Tracey	WITNESS[13]	*[13]	
21-5	1492-1493	T	WITNESS[13]	*[13]	
21-6	1493-1494	.	WITNESS[13]	*[13]	
21-7	1495-1501	Travis	WITNESS[13]	*[13]	

#Text=Lawrence C. Karlson
22-1	1506-1514	Lawrence	_	_	
22-2	1515-1516	C	_	_	
22-3	1516-1517	.	_	_	
22-4	1518-1525	Karlson	_	_	

#Text=Tracey T. Travis
23-1	1530-1536	Tracey	_	_	
23-2	1537-1538	T	_	_	
23-3	1538-1539	.	_	_	
23-4	1540-1546	Travis	_	_	

#Text=/s/ Randall W. Larrimore
24-1	1551-1552	/	_	_	
24-2	1552-1553	s	_	_	
24-3	1553-1554	/	_	_	
24-4	1555-1562	Randall	WITNESS[14]	*[14]	
24-5	1563-1564	W	WITNESS[14]	*[14]	
24-6	1564-1565	.	WITNESS[14]	*[14]	
24-7	1566-1575	Larrimore	WITNESS[14]	*[14]	

#Text=/s/ Archbold D. van Beuren
25-1	1580-1581	/	_	_	
25-2	1581-1582	s	_	_	
25-3	1582-1583	/	_	_	
25-4	1584-1592	Archbold	WITNESS[15]	*[15]	
25-5	1593-1594	D	WITNESS[15]	*[15]	
25-6	1594-1595	.	WITNESS[15]	*[15]	
25-7	1596-1599	van	WITNESS[15]	*[15]	
25-8	1600-1606	Beuren	WITNESS[15]	*[15]	

#Text=Randall W. Larrimore
26-1	1611-1618	Randall	_	_	
26-2	1619-1620	W	_	_	
26-3	1620-1621	.	_	_	
26-4	1622-1631	Larrimore	_	_	

#Text=Archbold D. van Beuren
27-1	1636-1644	Archbold	_	_	
27-2	1645-1646	D	_	_	
27-3	1646-1647	.	_	_	
27-4	1648-1651	van	_	_	
27-5	1652-1658	Beuren	_	_	

#Text=/s/ Mary Alice D. Malone
28-1	1662-1663	/	_	_	
28-2	1663-1664	s	_	_	
28-3	1664-1665	/	_	_	
28-4	1666-1670	Mary	WITNESS[16]	*[16]	
28-5	1671-1676	Alice	WITNESS[16]	*[16]	
28-6	1677-1678	D	WITNESS[16]	*[16]	
28-7	1678-1679	.	WITNESS[16]	*[16]	
28-8	1680-1686	Malone	WITNESS[16]	*[16]	

#Text=/s/ Les C. Vinney
29-1	1691-1692	/	_	_	
29-2	1692-1693	s	_	_	
29-3	1693-1694	/	_	_	
29-4	1695-1698	Les	WITNESS[17]	*[17]	
29-5	1699-1700	C	WITNESS[17]	*[17]	
29-6	1700-1701	.	WITNESS[17]	*[17]	
29-7	1702-1708	Vinney	WITNESS[17]	*[17]	

#Text=Mary Alice D. Malone
30-1	1713-1717	Mary	_	_	
30-2	1718-1723	Alice	_	_	
30-3	1724-1725	D	_	_	
30-4	1725-1726	.	_	_	
30-5	1727-1733	Malone	_	_	

#Text=Les C. Vinney
31-1	1738-1741	Les	_	_	
31-2	1742-1743	C	_	_	
31-3	1743-1744	.	_	_	
31-4	1745-1751	Vinney	_	_	

#Text=/s/ Sara Mathew
32-1	1755-1756	/	_	_	
32-2	1756-1757	s	_	_	
32-3	1757-1758	/	_	_	
32-4	1759-1763	Sara	WITNESS[18]	*[18]	
32-5	1764-1770	Mathew	WITNESS[18]	*[18]	

#Text=/s/ Charlotte C. Weber
33-1	1775-1776	/	_	_	
33-2	1776-1777	s	_	_	
33-3	1777-1778	/	_	_	
33-4	1779-1788	Charlotte	WITNESS[19]	*[19]	
33-5	1789-1790	C	WITNESS[19]	*[19]	
33-6	1790-1791	.	WITNESS[19]	*[19]	
33-7	1792-1797	Weber	WITNESS[19]	*[19]	

#Text=Sara Mathew
34-1	1801-1805	Sara	_	_	
34-2	1806-1812	Mathew	_	_	

#Text=Charlotte C. Weber
35-1	1817-1826	Charlotte	_	_	
35-2	1827-1828	C	_	_	
35-3	1828-1829	.	_	_	
35-4	1830-1835	Weber	_	_	

#Text=/s/ Denise M. Morrison
36-1	1839-1840	/	_	_	
36-2	1840-1841	s	_	_	
36-3	1841-1842	/	_	_	
36-4	1843-1849	Denise	WITNESS[20]	*[20]	
36-5	1850-1851	M	WITNESS[20]	*[20]	
36-6	1851-1852	.	WITNESS[20]	*[20]	
36-7	1853-1861	Morrison	WITNESS[20]	*[20]	

#Text=Denise M. Morrison
37-1	1865-1871	Denise	_	_	
37-2	1872-1873	M	_	_	
37-3	1873-1874	.	_	_	
37-4	1875-1883	Morrison	_	_	
