#FORMAT=WebAnno TSV 3.2
#T_SP=webanno.custom.AgreementEntities|Agreement|Employment


#Text=TARGET CORPORATION
1-1	0-6	TARGET	COMP[1]	*[1]	
1-2	7-18	CORPORATION	COMP[1]	*[1]	

#Text=Power of Attorney
2-1	22-27	Power	_	_	
2-2	28-30	of	_	_	
2-3	31-39	Attorney	_	_	

#Text=of Director and/or Officer
3-1	41-43	of	_	_	
3-2	44-52	Director	_	_	
3-3	53-56	and	_	_	
3-4	56-57	/	_	_	
3-5	57-59	or	_	_	
3-6	60-67	Officer	_	_	

#Text=The undersigned director and/or officer of TARGET CORPORATION, a Minnesota corporation (the “Corporation”), does hereby make, constitute and appoint BRIAN C. CORNELL, CATHY R. SMITH, DON H. LIU, DAVID L. DONLIN and ANDREW J. NEUHARTH, and each or any one of them, the undersigned’s true and lawful attorneys-in-fact, with power of substitution, for the undersigned and in the undersigned’s name, place and stead, to sign and affix the undersigned’s name as director and/or officer of the Corporation to (1) a Form 10-K, Annual Report, or other applicable form, pursuant to the Securities Exchange Act of 1934, as amended (the “1934 Act”), including any and all exhibits, schedules, supplements, certifications and supporting documents thereto, including, but not limited to, the Form 11-K Annual Reports of the Corporation’s 401(k) Plan and similar plans pursuant to the 1934 Act, and all amendments, supplementations and corrections thereto, to be filed by the Corporation with the Securities and Exchange Commission (the “SEC”), as required in connection with its registration under the 1934 Act; (2) one or more Forms 3, 4, or 5 pursuant to the 1934 Act, or Forms 144 pursuant to the Securities Act of 1933, as amended (the “1933 Act”), and all related documents, amendments, supplementations and corrections thereto; and (3) one or more Registration Statements, on Form S-3, Form S-8, or other applicable forms, and all amendments, including post-effective amendments thereto, to be filed by the Corporation with the SEC in connection with the registration under the 1933 Act, as amended, of debt, equity and other securities of the Corporation, and to file the same, with all exhibits thereto and other supporting documents, with the SEC.
4-1	71-74	The	_	_	
4-2	75-86	undersigned	_	_	
4-3	87-95	director	_	_	
4-4	96-99	and	_	_	
4-5	99-100	/	_	_	
4-6	100-102	or	_	_	
4-7	103-110	officer	_	_	
4-8	111-113	of	_	_	
4-9	114-120	TARGET	COMP[2]	*[2]	
4-10	121-132	CORPORATION	COMP[2]	*[2]	
4-11	132-133	,	_	_	
4-12	134-135	a	_	_	
4-13	136-145	Minnesota	_	_	
4-14	146-157	corporation	_	_	
4-15	158-159	(	_	_	
4-16	159-162	the	_	_	
4-17	163-164	“	_	_	
4-18	164-175	Corporation	_	_	
4-19	175-176	”	_	_	
4-20	176-177	)	_	_	
4-21	177-178	,	_	_	
4-22	179-183	does	_	_	
4-23	184-190	hereby	_	_	
4-24	191-195	make	_	_	
4-25	195-196	,	_	_	
4-26	197-207	constitute	_	_	
4-27	208-211	and	_	_	
4-28	212-219	appoint	_	_	
4-29	220-225	BRIAN	PER[3]	*[3]	
4-30	226-227	C	PER[3]	*[3]	
4-31	227-228	.	PER[3]	*[3]	
4-32	229-236	CORNELL	PER[3]	*[3]	
4-33	236-237	,	_	_	
4-34	238-243	CATHY	PER[4]	*[4]	
4-35	244-245	R	PER[4]	*[4]	
4-36	245-246	.	PER[4]	*[4]	
4-37	247-252	SMITH	PER[4]	*[4]	
4-38	252-253	,	_	_	
4-39	254-257	DON	PER[5]	*[5]	
4-40	258-259	H	PER[5]	*[5]	
4-41	259-260	.	PER[5]	*[5]	
4-42	261-264	LIU	PER[5]	*[5]	
4-43	264-265	,	_	_	
4-44	266-271	DAVID	PER[6]	*[6]	
4-45	272-273	L	PER[6]	*[6]	
4-46	273-274	.	PER[6]	*[6]	
4-47	275-281	DONLIN	PER[6]	*[6]	
4-48	282-285	and	_	_	
4-49	286-292	ANDREW	PER[7]	*[7]	
4-50	293-294	J	PER[7]	*[7]	
4-51	294-295	.	PER[7]	*[7]	
4-52	296-304	NEUHARTH	PER[7]	*[7]	
4-53	304-305	,	_	_	
4-54	306-309	and	_	_	
4-55	310-314	each	_	_	
4-56	315-317	or	_	_	
4-57	318-321	any	_	_	
4-58	322-325	one	_	_	
4-59	326-328	of	_	_	
4-60	329-333	them	_	_	
4-61	333-334	,	_	_	
4-62	335-338	the	_	_	
4-63	339-350	undersigned	_	_	
4-64	350-351	’	_	_	
4-65	351-352	s	_	_	
4-66	353-357	true	_	_	
4-67	358-361	and	_	_	
4-68	362-368	lawful	_	_	
4-69	369-386	attorneys-in-fact	_	_	
4-70	386-387	,	_	_	
4-71	388-392	with	_	_	
4-72	393-398	power	_	_	
4-73	399-401	of	_	_	
4-74	402-414	substitution	_	_	
4-75	414-415	,	_	_	
4-76	416-419	for	_	_	
4-77	420-423	the	_	_	
4-78	424-435	undersigned	_	_	
4-79	436-439	and	_	_	
4-80	440-442	in	_	_	
4-81	443-446	the	_	_	
4-82	447-458	undersigned	_	_	
4-83	458-459	’	_	_	
4-84	459-460	s	_	_	
4-85	461-465	name	_	_	
4-86	465-466	,	_	_	
4-87	467-472	place	_	_	
4-88	473-476	and	_	_	
4-89	477-482	stead	_	_	
4-90	482-483	,	_	_	
4-91	484-486	to	_	_	
4-92	487-491	sign	_	_	
4-93	492-495	and	_	_	
4-94	496-501	affix	_	_	
4-95	502-505	the	_	_	
4-96	506-517	undersigned	_	_	
4-97	517-518	’	_	_	
4-98	518-519	s	_	_	
4-99	520-524	name	_	_	
4-100	525-527	as	_	_	
4-101	528-536	director	_	_	
4-102	537-540	and	_	_	
4-103	540-541	/	_	_	
4-104	541-543	or	_	_	
4-105	544-551	officer	_	_	
4-106	552-554	of	_	_	
4-107	555-558	the	_	_	
4-108	559-570	Corporation	_	_	
4-109	571-573	to	_	_	
4-110	574-575	(	_	_	
4-111	575-576	1	_	_	
4-112	576-577	)	_	_	
4-113	578-579	a	_	_	
4-114	580-584	Form	_	_	
4-115	585-587	10	_	_	
4-116	587-588	-	_	_	
4-117	588-589	K	_	_	
4-118	589-590	,	_	_	
4-119	591-597	Annual	_	_	
4-120	598-604	Report	_	_	
4-121	604-605	,	_	_	
4-122	606-608	or	_	_	
4-123	609-614	other	_	_	
4-124	615-625	applicable	_	_	
4-125	626-630	form	_	_	
4-126	630-631	,	_	_	
4-127	632-640	pursuant	_	_	
4-128	641-643	to	_	_	
4-129	644-647	the	_	_	
4-130	648-658	Securities	_	_	
4-131	659-667	Exchange	_	_	
4-132	668-671	Act	_	_	
4-133	672-674	of	_	_	
4-134	675-679	1934	_	_	
4-135	679-680	,	_	_	
4-136	681-683	as	_	_	
4-137	684-691	amended	_	_	
4-138	692-693	(	_	_	
4-139	693-696	the	_	_	
4-140	697-698	“	_	_	
4-141	698-702	1934	_	_	
4-142	703-706	Act	_	_	
4-143	706-707	”	_	_	
4-144	707-708	)	_	_	
4-145	708-709	,	_	_	
4-146	710-719	including	_	_	
4-147	720-723	any	_	_	
4-148	724-727	and	_	_	
4-149	728-731	all	_	_	
4-150	732-740	exhibits	_	_	
4-151	740-741	,	_	_	
4-152	742-751	schedules	_	_	
4-153	751-752	,	_	_	
4-154	753-764	supplements	_	_	
4-155	764-765	,	_	_	
4-156	766-780	certifications	_	_	
4-157	781-784	and	_	_	
4-158	785-795	supporting	_	_	
4-159	796-805	documents	_	_	
4-160	806-813	thereto	_	_	
4-161	813-814	,	_	_	
4-162	815-824	including	_	_	
4-163	824-825	,	_	_	
4-164	826-829	but	_	_	
4-165	830-833	not	_	_	
4-166	834-841	limited	_	_	
4-167	842-844	to	_	_	
4-168	844-845	,	_	_	
4-169	846-849	the	_	_	
4-170	850-854	Form	_	_	
4-171	855-857	11	_	_	
4-172	857-858	-	_	_	
4-173	858-859	K	_	_	
4-174	860-866	Annual	_	_	
4-175	867-874	Reports	_	_	
4-176	875-877	of	_	_	
4-177	878-881	the	_	_	
4-178	882-893	Corporation	_	_	
4-179	893-894	’	_	_	
4-180	894-895	s	_	_	
4-181	896-899	401	_	_	
4-182	899-900	(	_	_	
4-183	900-901	k	_	_	
4-184	901-902	)	_	_	
4-185	903-907	Plan	_	_	
4-186	908-911	and	_	_	
4-187	912-919	similar	_	_	
4-188	920-925	plans	_	_	
4-189	926-934	pursuant	_	_	
4-190	935-937	to	_	_	
4-191	938-941	the	_	_	
4-192	942-946	1934	_	_	
4-193	947-950	Act	_	_	
4-194	950-951	,	_	_	
4-195	952-955	and	_	_	
4-196	956-959	all	_	_	
4-197	960-970	amendments	_	_	
4-198	970-971	,	_	_	
4-199	972-988	supplementations	_	_	
4-200	989-992	and	_	_	
4-201	993-1004	corrections	_	_	
4-202	1005-1012	thereto	_	_	
4-203	1012-1013	,	_	_	
4-204	1014-1016	to	_	_	
4-205	1017-1019	be	_	_	
4-206	1020-1025	filed	_	_	
4-207	1026-1028	by	_	_	
4-208	1029-1032	the	_	_	
4-209	1033-1044	Corporation	_	_	
4-210	1045-1049	with	_	_	
4-211	1050-1053	the	_	_	
4-212	1054-1064	Securities	_	_	
4-213	1065-1068	and	_	_	
4-214	1069-1077	Exchange	_	_	
4-215	1078-1088	Commission	_	_	
4-216	1089-1090	(	_	_	
4-217	1090-1093	the	_	_	
4-218	1094-1095	“	_	_	
4-219	1095-1098	SEC	_	_	
4-220	1098-1099	”	_	_	
4-221	1099-1100	)	_	_	
4-222	1100-1101	,	_	_	
4-223	1102-1104	as	_	_	
4-224	1105-1113	required	_	_	
4-225	1114-1116	in	_	_	
4-226	1117-1127	connection	_	_	
4-227	1128-1132	with	_	_	
4-228	1133-1136	its	_	_	
4-229	1137-1149	registration	_	_	
4-230	1150-1155	under	_	_	
4-231	1156-1159	the	_	_	
4-232	1160-1164	1934	_	_	
4-233	1165-1168	Act	_	_	
4-234	1168-1169	;	_	_	
4-235	1170-1171	(	_	_	
4-236	1171-1172	2	_	_	
4-237	1172-1173	)	_	_	
4-238	1174-1177	one	_	_	
4-239	1178-1180	or	_	_	
4-240	1181-1185	more	_	_	
4-241	1186-1191	Forms	_	_	
4-242	1192-1193	3	_	_	
4-243	1193-1194	,	_	_	
4-244	1195-1196	4	_	_	
4-245	1196-1197	,	_	_	
4-246	1198-1200	or	_	_	
4-247	1201-1202	5	_	_	
4-248	1203-1211	pursuant	_	_	
4-249	1212-1214	to	_	_	
4-250	1215-1218	the	_	_	
4-251	1219-1223	1934	_	_	
4-252	1224-1227	Act	_	_	
4-253	1227-1228	,	_	_	
4-254	1229-1231	or	_	_	
4-255	1232-1237	Forms	_	_	
4-256	1238-1241	144	_	_	
4-257	1242-1250	pursuant	_	_	
4-258	1251-1253	to	_	_	
4-259	1254-1257	the	_	_	
4-260	1258-1268	Securities	_	_	
4-261	1269-1272	Act	_	_	
4-262	1273-1275	of	_	_	
4-263	1276-1280	1933	_	_	
4-264	1280-1281	,	_	_	
4-265	1282-1284	as	_	_	
4-266	1285-1292	amended	_	_	
4-267	1293-1294	(	_	_	
4-268	1294-1297	the	_	_	
4-269	1298-1299	“	_	_	
4-270	1299-1303	1933	_	_	
4-271	1304-1307	Act	_	_	
4-272	1307-1308	”	_	_	
4-273	1308-1309	)	_	_	
4-274	1309-1310	,	_	_	
4-275	1311-1314	and	_	_	
4-276	1315-1318	all	_	_	
4-277	1319-1326	related	_	_	
4-278	1327-1336	documents	_	_	
4-279	1336-1337	,	_	_	
4-280	1338-1348	amendments	_	_	
4-281	1348-1349	,	_	_	
4-282	1350-1366	supplementations	_	_	
4-283	1367-1370	and	_	_	
4-284	1371-1382	corrections	_	_	
4-285	1383-1390	thereto	_	_	
4-286	1390-1391	;	_	_	
4-287	1392-1395	and	_	_	
4-288	1396-1397	(	_	_	
4-289	1397-1398	3	_	_	
4-290	1398-1399	)	_	_	
4-291	1400-1403	one	_	_	
4-292	1404-1406	or	_	_	
4-293	1407-1411	more	_	_	
4-294	1412-1424	Registration	_	_	
4-295	1425-1435	Statements	_	_	
4-296	1435-1436	,	_	_	
4-297	1437-1439	on	_	_	
4-298	1440-1444	Form	_	_	
4-299	1445-1446	S	_	_	
4-300	1446-1447	-	_	_	
4-301	1447-1448	3	_	_	
4-302	1448-1449	,	_	_	
4-303	1450-1454	Form	_	_	
4-304	1455-1456	S	_	_	
4-305	1456-1457	-	_	_	
4-306	1457-1458	8	_	_	
4-307	1458-1459	,	_	_	
4-308	1460-1462	or	_	_	
4-309	1463-1468	other	_	_	
4-310	1469-1479	applicable	_	_	
4-311	1480-1485	forms	_	_	
4-312	1485-1486	,	_	_	
4-313	1487-1490	and	_	_	
4-314	1491-1494	all	_	_	
4-315	1495-1505	amendments	_	_	
4-316	1505-1506	,	_	_	
4-317	1507-1516	including	_	_	
4-318	1517-1531	post-effective	_	_	
4-319	1532-1542	amendments	_	_	
4-320	1543-1550	thereto	_	_	
4-321	1550-1551	,	_	_	
4-322	1552-1554	to	_	_	
4-323	1555-1557	be	_	_	
4-324	1558-1563	filed	_	_	
4-325	1564-1566	by	_	_	
4-326	1567-1570	the	_	_	
4-327	1571-1582	Corporation	_	_	
4-328	1583-1587	with	_	_	
4-329	1588-1591	the	_	_	
4-330	1592-1595	SEC	_	_	
4-331	1596-1598	in	_	_	
4-332	1599-1609	connection	_	_	
4-333	1610-1614	with	_	_	
4-334	1615-1618	the	_	_	
4-335	1619-1631	registration	_	_	
4-336	1632-1637	under	_	_	
4-337	1638-1641	the	_	_	
4-338	1642-1646	1933	_	_	
4-339	1647-1650	Act	_	_	
4-340	1650-1651	,	_	_	
4-341	1652-1654	as	_	_	
4-342	1655-1662	amended	_	_	
4-343	1662-1663	,	_	_	
4-344	1664-1666	of	_	_	
4-345	1667-1671	debt	_	_	
4-346	1671-1672	,	_	_	
4-347	1673-1679	equity	_	_	
4-348	1680-1683	and	_	_	
4-349	1684-1689	other	_	_	
4-350	1690-1700	securities	_	_	
4-351	1701-1703	of	_	_	
4-352	1704-1707	the	_	_	
4-353	1708-1719	Corporation	_	_	
4-354	1719-1720	,	_	_	
4-355	1721-1724	and	_	_	
4-356	1725-1727	to	_	_	
4-357	1728-1732	file	_	_	
4-358	1733-1736	the	_	_	
4-359	1737-1741	same	_	_	
4-360	1741-1742	,	_	_	
4-361	1743-1747	with	_	_	
4-362	1748-1751	all	_	_	
4-363	1752-1760	exhibits	_	_	
4-364	1761-1768	thereto	_	_	
4-365	1769-1772	and	_	_	
4-366	1773-1778	other	_	_	
4-367	1779-1789	supporting	_	_	
4-368	1790-1799	documents	_	_	
4-369	1799-1800	,	_	_	
4-370	1801-1805	with	_	_	
4-371	1806-1809	the	_	_	
4-372	1810-1813	SEC	_	_	
4-373	1813-1814	.	_	_	

#Text=The undersigned also grants to said attorneys-in-fact, and each of them, full power and authority to do and perform any and all acts necessary or incidental to the performance and execution of the powers herein expressly granted. This Power of Attorney shall remain in effect until revoked in writing by the undersigned.
5-1	1818-1821	The	_	_	
5-2	1822-1833	undersigned	_	_	
5-3	1834-1838	also	_	_	
5-4	1839-1845	grants	_	_	
5-5	1846-1848	to	_	_	
5-6	1849-1853	said	_	_	
5-7	1854-1871	attorneys-in-fact	_	_	
5-8	1871-1872	,	_	_	
5-9	1873-1876	and	_	_	
5-10	1877-1881	each	_	_	
5-11	1882-1884	of	_	_	
5-12	1885-1889	them	_	_	
5-13	1889-1890	,	_	_	
5-14	1891-1895	full	_	_	
5-15	1896-1901	power	_	_	
5-16	1902-1905	and	_	_	
5-17	1906-1915	authority	_	_	
5-18	1916-1918	to	_	_	
5-19	1919-1921	do	_	_	
5-20	1922-1925	and	_	_	
5-21	1926-1933	perform	_	_	
5-22	1934-1937	any	_	_	
5-23	1938-1941	and	_	_	
5-24	1942-1945	all	_	_	
5-25	1946-1950	acts	_	_	
5-26	1951-1960	necessary	_	_	
5-27	1961-1963	or	_	_	
5-28	1964-1974	incidental	_	_	
5-29	1975-1977	to	_	_	
5-30	1978-1981	the	_	_	
5-31	1982-1993	performance	_	_	
5-32	1994-1997	and	_	_	
5-33	1998-2007	execution	_	_	
5-34	2008-2010	of	_	_	
5-35	2011-2014	the	_	_	
5-36	2015-2021	powers	_	_	
5-37	2022-2028	herein	_	_	
5-38	2029-2038	expressly	_	_	
5-39	2039-2046	granted	_	_	
5-40	2046-2047	.	_	_	
5-41	2048-2052	This	_	_	
5-42	2053-2058	Power	_	_	
5-43	2059-2061	of	_	_	
5-44	2062-2070	Attorney	_	_	
5-45	2071-2076	shall	_	_	
5-46	2077-2083	remain	_	_	
5-47	2084-2086	in	_	_	
5-48	2087-2093	effect	_	_	
5-49	2094-2099	until	_	_	
5-50	2100-2107	revoked	_	_	
5-51	2108-2110	in	_	_	
5-52	2111-2118	writing	_	_	
5-53	2119-2121	by	_	_	
5-54	2122-2125	the	_	_	
5-55	2126-2137	undersigned	_	_	
5-56	2137-2138	.	_	_	

#Text=The undersigned has executed this Power of Attorney as of this 9th day of January, 2017.
6-1	2142-2145	The	_	_	
6-2	2146-2157	undersigned	_	_	
6-3	2158-2161	has	_	_	
6-4	2162-2170	executed	_	_	
6-5	2171-2175	this	_	_	
6-6	2176-2181	Power	_	_	
6-7	2182-2184	of	_	_	
6-8	2185-2193	Attorney	_	_	
6-9	2194-2196	as	_	_	
6-10	2197-2199	of	_	_	
6-11	2200-2204	this	_	_	
6-12	2205-2208	9th	DATE[8]	*[8]	
6-13	2209-2212	day	DATE[8]	*[8]	
6-14	2213-2215	of	DATE[8]	*[8]	
6-15	2216-2223	January	DATE[8]	*[8]	
6-16	2223-2224	,	DATE[8]	*[8]	
6-17	2225-2229	2017	DATE[8]	*[8]	
6-18	2229-2230	.	_	_	

#Text=/s/ Roxanne S. Austin
7-1	2233-2234	/	_	_	
7-2	2234-2235	s	_	_	
7-3	2235-2236	/	_	_	
7-4	2237-2244	Roxanne	WITNESS[9]	*[9]	
7-5	2245-2246	S	WITNESS[9]	*[9]	
7-6	2246-2247	.	WITNESS[9]	*[9]	
7-7	2248-2254	Austin	WITNESS[9]	*[9]	

#Text=Roxanne S. Austin
8-1	2258-2265	Roxanne	WITNESS[10]	*[10]	
8-2	2266-2267	S	WITNESS[10]	*[10]	
8-3	2267-2268	.	WITNESS[10]	*[10]	
8-4	2269-2275	Austin	WITNESS[10]	*[10]	
