#FORMAT=WebAnno TSV 3.2
#T_SP=webanno.custom.AgreementEntities|Agreement|Employment


#Text=EX-24 2 exhibit24.htm EXHIBIT 24
1-1	0-2	EX	_	_	
1-2	2-3	-	_	_	
1-3	3-5	24	_	_	
1-4	6-7	2	_	_	
1-5	8-17	exhibit24	_	_	
1-6	17-18	.	_	_	
1-7	18-21	htm	_	_	
1-8	22-29	EXHIBIT	_	_	
1-9	30-32	24	_	_	

#Text=Exhibit 24
2-1	34-41	Exhibit	_	_	
2-2	42-44	24	_	_	

#Text=POWER OF ATTORNEY
3-1	48-53	POWER	_	_	
3-2	54-56	OF	_	_	
3-3	57-65	ATTORNEY	_	_	

#Text=With respect to holdings of and transactions in securities issued by Selecta Biosciences, Inc. (the "Company"), the undersigned hereby constitutes and appoints the individuals named on Schedule A attached hereto and as may be amended from time to time, or any of them signing singly, with full power of substitution and resubstitution, to act as the undersigned's true and lawful attorney-in-fact to:
4-1	69-73	With	_	_	
4-2	74-81	respect	_	_	
4-3	82-84	to	_	_	
4-4	85-93	holdings	_	_	
4-5	94-96	of	_	_	
4-6	97-100	and	_	_	
4-7	101-113	transactions	_	_	
4-8	114-116	in	_	_	
4-9	117-127	securities	_	_	
4-10	128-134	issued	_	_	
4-11	135-137	by	_	_	
4-12	138-145	Selecta	COMP[1]	*[1]	
4-13	146-157	Biosciences	COMP[1]	*[1]	
4-14	157-158	,	COMP[1]	*[1]	
4-15	159-162	Inc	COMP[1]	*[1]	
4-16	162-163	.	COMP[1]	*[1]	
4-17	164-165	(	_	_	
4-18	165-168	the	_	_	
4-19	169-170	"	_	_	
4-20	170-177	Company	_	_	
4-21	177-178	"	_	_	
4-22	178-179	)	_	_	
4-23	179-180	,	_	_	
4-24	181-184	the	_	_	
4-25	185-196	undersigned	_	_	
4-26	197-203	hereby	_	_	
4-27	204-215	constitutes	_	_	
4-28	216-219	and	_	_	
4-29	220-228	appoints	_	_	
4-30	229-232	the	_	_	
4-31	233-244	individuals	_	_	
4-32	245-250	named	_	_	
4-33	251-253	on	_	_	
4-34	254-262	Schedule	_	_	
4-35	263-264	A	_	_	
4-36	265-273	attached	_	_	
4-37	274-280	hereto	_	_	
4-38	281-284	and	_	_	
4-39	285-287	as	_	_	
4-40	288-291	may	_	_	
4-41	292-294	be	_	_	
4-42	295-302	amended	_	_	
4-43	303-307	from	_	_	
4-44	308-312	time	_	_	
4-45	313-315	to	_	_	
4-46	316-320	time	_	_	
4-47	320-321	,	_	_	
4-48	322-324	or	_	_	
4-49	325-328	any	_	_	
4-50	329-331	of	_	_	
4-51	332-336	them	_	_	
4-52	337-344	signing	_	_	
4-53	345-351	singly	_	_	
4-54	351-352	,	_	_	
4-55	353-357	with	_	_	
4-56	358-362	full	_	_	
4-57	363-368	power	_	_	
4-58	369-371	of	_	_	
4-59	372-384	substitution	_	_	
4-60	385-388	and	_	_	
4-61	389-403	resubstitution	_	_	
4-62	403-404	,	_	_	
4-63	405-407	to	_	_	
4-64	408-411	act	_	_	
4-65	412-414	as	_	_	
4-66	415-418	the	_	_	
4-67	419-432	undersigned's	_	_	
4-68	433-437	true	_	_	
4-69	438-441	and	_	_	
4-70	442-448	lawful	_	_	
4-71	449-465	attorney-in-fact	_	_	
4-72	466-468	to	_	_	
4-73	468-469	:	_	_	

#Text=1. prepare, execute in the undersigned's name and on the undersigned's behalf, and submit to the United States Securities and Exchange Commission (the "SEC") a Form ID, including amendments thereto, and any other documents necessary or appropriate to obtain and/or regenerate codes and passwords enabling the undersigned to make electronic filings with the SEC of reports required by Section 16(a) of the Securities Exchange Act of 1934, as amended, or any rule or regulation of the SEC;
5-1	473-474	1	_	_	
5-2	474-475	.	_	_	
5-3	476-483	prepare	_	_	
5-4	483-484	,	_	_	
5-5	485-492	execute	_	_	
5-6	493-495	in	_	_	
5-7	496-499	the	_	_	
5-8	500-513	undersigned's	_	_	
5-9	514-518	name	_	_	
5-10	519-522	and	_	_	
5-11	523-525	on	_	_	
5-12	526-529	the	_	_	
5-13	530-543	undersigned's	_	_	
5-14	544-550	behalf	_	_	
5-15	550-551	,	_	_	
5-16	552-555	and	_	_	
5-17	556-562	submit	_	_	
5-18	563-565	to	_	_	
5-19	566-569	the	_	_	
5-20	570-576	United	_	_	
5-21	577-583	States	_	_	
5-22	584-594	Securities	_	_	
5-23	595-598	and	_	_	
5-24	599-607	Exchange	_	_	
5-25	608-618	Commission	_	_	
5-26	619-620	(	_	_	
5-27	620-623	the	_	_	
5-28	624-625	"	_	_	
5-29	625-628	SEC	_	_	
5-30	628-629	"	_	_	
5-31	629-630	)	_	_	
5-32	631-632	a	_	_	
5-33	633-637	Form	_	_	
5-34	638-640	ID	_	_	
5-35	640-641	,	_	_	
5-36	642-651	including	_	_	
5-37	652-662	amendments	_	_	
5-38	663-670	thereto	_	_	
5-39	670-671	,	_	_	
5-40	672-675	and	_	_	
5-41	676-679	any	_	_	
5-42	680-685	other	_	_	
5-43	686-695	documents	_	_	
5-44	696-705	necessary	_	_	
5-45	706-708	or	_	_	
5-46	709-720	appropriate	_	_	
5-47	721-723	to	_	_	
5-48	724-730	obtain	_	_	
5-49	731-734	and	_	_	
5-50	734-735	/	_	_	
5-51	735-737	or	_	_	
5-52	738-748	regenerate	_	_	
5-53	749-754	codes	_	_	
5-54	755-758	and	_	_	
5-55	759-768	passwords	_	_	
5-56	769-777	enabling	_	_	
5-57	778-781	the	_	_	
5-58	782-793	undersigned	_	_	
5-59	794-796	to	_	_	
5-60	797-801	make	_	_	
5-61	802-812	electronic	_	_	
5-62	813-820	filings	_	_	
5-63	821-825	with	_	_	
5-64	826-829	the	_	_	
5-65	830-833	SEC	_	_	
5-66	834-836	of	_	_	
5-67	837-844	reports	_	_	
5-68	845-853	required	_	_	
5-69	854-856	by	_	_	
5-70	857-864	Section	_	_	
5-71	865-867	16	_	_	
5-72	867-868	(	_	_	
5-73	868-869	a	_	_	
5-74	869-870	)	_	_	
5-75	871-873	of	_	_	
5-76	874-877	the	_	_	
5-77	878-888	Securities	_	_	
5-78	889-897	Exchange	_	_	
5-79	898-901	Act	_	_	
5-80	902-904	of	_	_	
5-81	905-909	1934	_	_	
5-82	909-910	,	_	_	
5-83	911-913	as	_	_	
5-84	914-921	amended	_	_	
5-85	921-922	,	_	_	
5-86	923-925	or	_	_	
5-87	926-929	any	_	_	
5-88	930-934	rule	_	_	
5-89	935-937	or	_	_	
5-90	938-948	regulation	_	_	
5-91	949-951	of	_	_	
5-92	952-955	the	_	_	
5-93	956-959	SEC	_	_	
5-94	959-960	;	_	_	

#Text=2. execute for and on behalf of the undersigned, Forms 3, 4, and 5 in accordance with Section 16 of the Securities Exchange Act of 1934, as amended, and the rules thereunder;
6-1	964-965	2	_	_	
6-2	965-966	.	_	_	
6-3	967-974	execute	_	_	
6-4	975-978	for	_	_	
6-5	979-982	and	_	_	
6-6	983-985	on	_	_	
6-7	986-992	behalf	_	_	
6-8	993-995	of	_	_	
6-9	996-999	the	_	_	
6-10	1000-1011	undersigned	_	_	
6-11	1011-1012	,	_	_	
6-12	1013-1018	Forms	_	_	
6-13	1019-1020	3	_	_	
6-14	1020-1021	,	_	_	
6-15	1022-1023	4	_	_	
6-16	1023-1024	,	_	_	
6-17	1025-1028	and	_	_	
6-18	1029-1030	5	_	_	
6-19	1031-1033	in	_	_	
6-20	1034-1044	accordance	_	_	
6-21	1045-1049	with	_	_	
6-22	1050-1057	Section	_	_	
6-23	1058-1060	16	_	_	
6-24	1061-1063	of	_	_	
6-25	1064-1067	the	_	_	
6-26	1068-1078	Securities	_	_	
6-27	1079-1087	Exchange	_	_	
6-28	1088-1091	Act	_	_	
6-29	1092-1094	of	_	_	
6-30	1095-1099	1934	_	_	
6-31	1099-1100	,	_	_	
6-32	1101-1103	as	_	_	
6-33	1104-1111	amended	_	_	
6-34	1111-1112	,	_	_	
6-35	1113-1116	and	_	_	
6-36	1117-1120	the	_	_	
6-37	1121-1126	rules	_	_	
6-38	1127-1137	thereunder	_	_	
6-39	1137-1138	;	_	_	

#Text=3. do and perform any and all acts for and on behalf of the undersigned which may be necessary or desirable to complete and execute any such Form 3, 4, or 5, complete and execute any amendment or amendments thereto, and timely file such form with the SEC and any stock exchange or similar authority; and
7-1	1142-1143	3	_	_	
7-2	1143-1144	.	_	_	
7-3	1145-1147	do	_	_	
7-4	1148-1151	and	_	_	
7-5	1152-1159	perform	_	_	
7-6	1160-1163	any	_	_	
7-7	1164-1167	and	_	_	
7-8	1168-1171	all	_	_	
7-9	1172-1176	acts	_	_	
7-10	1177-1180	for	_	_	
7-11	1181-1184	and	_	_	
7-12	1185-1187	on	_	_	
7-13	1188-1194	behalf	_	_	
7-14	1195-1197	of	_	_	
7-15	1198-1201	the	_	_	
7-16	1202-1213	undersigned	_	_	
7-17	1214-1219	which	_	_	
7-18	1220-1223	may	_	_	
7-19	1224-1226	be	_	_	
7-20	1227-1236	necessary	_	_	
7-21	1237-1239	or	_	_	
7-22	1240-1249	desirable	_	_	
7-23	1250-1252	to	_	_	
7-24	1253-1261	complete	_	_	
7-25	1262-1265	and	_	_	
7-26	1266-1273	execute	_	_	
7-27	1274-1277	any	_	_	
7-28	1278-1282	such	_	_	
7-29	1283-1287	Form	_	_	
7-30	1288-1289	3	_	_	
7-31	1289-1290	,	_	_	
7-32	1291-1292	4	_	_	
7-33	1292-1293	,	_	_	
7-34	1294-1296	or	_	_	
7-35	1297-1298	5	_	_	
7-36	1298-1299	,	_	_	
7-37	1300-1308	complete	_	_	
7-38	1309-1312	and	_	_	
7-39	1313-1320	execute	_	_	
7-40	1321-1324	any	_	_	
7-41	1325-1334	amendment	_	_	
7-42	1335-1337	or	_	_	
7-43	1338-1348	amendments	_	_	
7-44	1349-1356	thereto	_	_	
7-45	1356-1357	,	_	_	
7-46	1358-1361	and	_	_	
7-47	1362-1368	timely	_	_	
7-48	1369-1373	file	_	_	
7-49	1374-1378	such	_	_	
7-50	1379-1383	form	_	_	
7-51	1384-1388	with	_	_	
7-52	1389-1392	the	_	_	
7-53	1393-1396	SEC	_	_	
7-54	1397-1400	and	_	_	
7-55	1401-1404	any	_	_	
7-56	1405-1410	stock	_	_	
7-57	1411-1419	exchange	_	_	
7-58	1420-1422	or	_	_	
7-59	1423-1430	similar	_	_	
7-60	1431-1440	authority	_	_	
7-61	1440-1441	;	_	_	
7-62	1442-1445	and	_	_	

#Text=4. take any other action of any type whatsoever in connection with the foregoing which, in the opinion of such attorney-in-fact, may be of benefit to, in the best interest of, or legally required by, the undersigned, it being understood that the documents executed by such attorney-in-fact on behalf of the undersigned pursuant to this Power of Attorney shall be in such form and shall contain such terms and conditions as such attorney-in-fact may approve in such attorney-in-fact's discretion.
8-1	1449-1450	4	_	_	
8-2	1450-1451	.	_	_	
8-3	1452-1456	take	_	_	
8-4	1457-1460	any	_	_	
8-5	1461-1466	other	_	_	
8-6	1467-1473	action	_	_	
8-7	1474-1476	of	_	_	
8-8	1477-1480	any	_	_	
8-9	1481-1485	type	_	_	
8-10	1486-1496	whatsoever	_	_	
8-11	1497-1499	in	_	_	
8-12	1500-1510	connection	_	_	
8-13	1511-1515	with	_	_	
8-14	1516-1519	the	_	_	
8-15	1520-1529	foregoing	_	_	
8-16	1530-1535	which	_	_	
8-17	1535-1536	,	_	_	
8-18	1537-1539	in	_	_	
8-19	1540-1543	the	_	_	
8-20	1544-1551	opinion	_	_	
8-21	1552-1554	of	_	_	
8-22	1555-1559	such	_	_	
8-23	1560-1576	attorney-in-fact	_	_	
8-24	1576-1577	,	_	_	
8-25	1578-1581	may	_	_	
8-26	1582-1584	be	_	_	
8-27	1585-1587	of	_	_	
8-28	1588-1595	benefit	_	_	
8-29	1596-1598	to	_	_	
8-30	1598-1599	,	_	_	
8-31	1600-1602	in	_	_	
8-32	1603-1606	the	_	_	
8-33	1607-1611	best	_	_	
8-34	1612-1620	interest	_	_	
8-35	1621-1623	of	_	_	
8-36	1623-1624	,	_	_	
8-37	1625-1627	or	_	_	
8-38	1628-1635	legally	_	_	
8-39	1636-1644	required	_	_	
8-40	1645-1647	by	_	_	
8-41	1647-1648	,	_	_	
8-42	1649-1652	the	_	_	
8-43	1653-1664	undersigned	_	_	
8-44	1664-1665	,	_	_	
8-45	1666-1668	it	_	_	
8-46	1669-1674	being	_	_	
8-47	1675-1685	understood	_	_	
8-48	1686-1690	that	_	_	
8-49	1691-1694	the	_	_	
8-50	1695-1704	documents	_	_	
8-51	1705-1713	executed	_	_	
8-52	1714-1716	by	_	_	
8-53	1717-1721	such	_	_	
8-54	1722-1738	attorney-in-fact	_	_	
8-55	1739-1741	on	_	_	
8-56	1742-1748	behalf	_	_	
8-57	1749-1751	of	_	_	
8-58	1752-1755	the	_	_	
8-59	1756-1767	undersigned	_	_	
8-60	1768-1776	pursuant	_	_	
8-61	1777-1779	to	_	_	
8-62	1780-1784	this	_	_	
8-63	1785-1790	Power	_	_	
8-64	1791-1793	of	_	_	
8-65	1794-1802	Attorney	_	_	
8-66	1803-1808	shall	_	_	
8-67	1809-1811	be	_	_	
8-68	1812-1814	in	_	_	
8-69	1815-1819	such	_	_	
8-70	1820-1824	form	_	_	
8-71	1825-1828	and	_	_	
8-72	1829-1834	shall	_	_	
8-73	1835-1842	contain	_	_	
8-74	1843-1847	such	_	_	
8-75	1848-1853	terms	_	_	
8-76	1854-1857	and	_	_	
8-77	1858-1868	conditions	_	_	
8-78	1869-1871	as	_	_	
8-79	1872-1876	such	_	_	
8-80	1877-1893	attorney-in-fact	_	_	
8-81	1894-1897	may	_	_	
8-82	1898-1905	approve	_	_	
8-83	1906-1908	in	_	_	
8-84	1909-1913	such	_	_	
8-85	1914-1932	attorney-in-fact's	_	_	
8-86	1933-1943	discretion	_	_	
8-87	1943-1944	.	_	_	

#Text=The undersigned hereby grants to each such attorney-in-fact full power and authority to do and perform any and every act and thing whatsoever requisite, necessary, or proper to be done in the exercise of any of the rights and powers herein granted, as fully to all intents and purposes as the undersigned might or could do if personally present, with full power of substitution and resubstitution or revocation, hereby ratifying and confirming all that such attorney-in-fact, or such attorneys-in-fact substitute or substitutes, shall lawfully do or cause to be done by virtue of this Power of Attorney and the rights and powers herein granted.
9-1	1948-1951	The	_	_	
9-2	1952-1963	undersigned	_	_	
9-3	1964-1970	hereby	_	_	
9-4	1971-1977	grants	_	_	
9-5	1978-1980	to	_	_	
9-6	1981-1985	each	_	_	
9-7	1986-1990	such	_	_	
9-8	1991-2007	attorney-in-fact	_	_	
9-9	2008-2012	full	_	_	
9-10	2013-2018	power	_	_	
9-11	2019-2022	and	_	_	
9-12	2023-2032	authority	_	_	
9-13	2033-2035	to	_	_	
9-14	2036-2038	do	_	_	
9-15	2039-2042	and	_	_	
9-16	2043-2050	perform	_	_	
9-17	2051-2054	any	_	_	
9-18	2055-2058	and	_	_	
9-19	2059-2064	every	_	_	
9-20	2065-2068	act	_	_	
9-21	2069-2072	and	_	_	
9-22	2073-2078	thing	_	_	
9-23	2079-2089	whatsoever	_	_	
9-24	2090-2099	requisite	_	_	
9-25	2099-2100	,	_	_	
9-26	2101-2110	necessary	_	_	
9-27	2110-2111	,	_	_	
9-28	2112-2114	or	_	_	
9-29	2115-2121	proper	_	_	
9-30	2122-2124	to	_	_	
9-31	2125-2127	be	_	_	
9-32	2128-2132	done	_	_	
9-33	2133-2135	in	_	_	
9-34	2136-2139	the	_	_	
9-35	2140-2148	exercise	_	_	
9-36	2149-2151	of	_	_	
9-37	2152-2155	any	_	_	
9-38	2156-2158	of	_	_	
9-39	2159-2162	the	_	_	
9-40	2163-2169	rights	_	_	
9-41	2170-2173	and	_	_	
9-42	2174-2180	powers	_	_	
9-43	2181-2187	herein	_	_	
9-44	2188-2195	granted	_	_	
9-45	2195-2196	,	_	_	
9-46	2197-2199	as	_	_	
9-47	2200-2205	fully	_	_	
9-48	2206-2208	to	_	_	
9-49	2209-2212	all	_	_	
9-50	2213-2220	intents	_	_	
9-51	2221-2224	and	_	_	
9-52	2225-2233	purposes	_	_	
9-53	2234-2236	as	_	_	
9-54	2237-2240	the	_	_	
9-55	2241-2252	undersigned	_	_	
9-56	2253-2258	might	_	_	
9-57	2259-2261	or	_	_	
9-58	2262-2267	could	_	_	
9-59	2268-2270	do	_	_	
9-60	2271-2273	if	_	_	
9-61	2274-2284	personally	_	_	
9-62	2285-2292	present	_	_	
9-63	2292-2293	,	_	_	
9-64	2294-2298	with	_	_	
9-65	2299-2303	full	_	_	
9-66	2304-2309	power	_	_	
9-67	2310-2312	of	_	_	
9-68	2313-2325	substitution	_	_	
9-69	2326-2329	and	_	_	
9-70	2330-2344	resubstitution	_	_	
9-71	2345-2347	or	_	_	
9-72	2348-2358	revocation	_	_	
9-73	2358-2359	,	_	_	
9-74	2360-2366	hereby	_	_	
9-75	2367-2376	ratifying	_	_	
9-76	2377-2380	and	_	_	
9-77	2381-2391	confirming	_	_	
9-78	2392-2395	all	_	_	
9-79	2396-2400	that	_	_	
9-80	2401-2405	such	_	_	
9-81	2406-2422	attorney-in-fact	_	_	
9-82	2422-2423	,	_	_	
9-83	2424-2426	or	_	_	
9-84	2427-2431	such	_	_	
9-85	2432-2449	attorneys-in-fact	_	_	
9-86	2450-2460	substitute	_	_	
9-87	2461-2463	or	_	_	
9-88	2464-2475	substitutes	_	_	
9-89	2475-2476	,	_	_	
9-90	2477-2482	shall	_	_	
9-91	2483-2491	lawfully	_	_	
9-92	2492-2494	do	_	_	
9-93	2495-2497	or	_	_	
9-94	2498-2503	cause	_	_	
9-95	2504-2506	to	_	_	
9-96	2507-2509	be	_	_	
9-97	2510-2514	done	_	_	
9-98	2515-2517	by	_	_	
9-99	2518-2524	virtue	_	_	
9-100	2525-2527	of	_	_	
9-101	2528-2532	this	_	_	
9-102	2533-2538	Power	_	_	
9-103	2539-2541	of	_	_	
9-104	2542-2550	Attorney	_	_	
9-105	2551-2554	and	_	_	
9-106	2555-2558	the	_	_	
9-107	2559-2565	rights	_	_	
9-108	2566-2569	and	_	_	
9-109	2570-2576	powers	_	_	
9-110	2577-2583	herein	_	_	
9-111	2584-2591	granted	_	_	
9-112	2591-2592	.	_	_	

#Text=The undersigned acknowledges that the foregoing attorneys-in-fact, in serving in such capacity at the request of the undersigned, are not assuming, nor is the Company assuming, any of the undersigned's responsibilities to comply with Section 16 of the Securities Exchange Act of 1934, as amended.
10-1	2596-2599	The	_	_	
10-2	2600-2611	undersigned	_	_	
10-3	2612-2624	acknowledges	_	_	
10-4	2625-2629	that	_	_	
10-5	2630-2633	the	_	_	
10-6	2634-2643	foregoing	_	_	
10-7	2644-2661	attorneys-in-fact	_	_	
10-8	2661-2662	,	_	_	
10-9	2663-2665	in	_	_	
10-10	2666-2673	serving	_	_	
10-11	2674-2676	in	_	_	
10-12	2677-2681	such	_	_	
10-13	2682-2690	capacity	_	_	
10-14	2691-2693	at	_	_	
10-15	2694-2697	the	_	_	
10-16	2698-2705	request	_	_	
10-17	2706-2708	of	_	_	
10-18	2709-2712	the	_	_	
10-19	2713-2724	undersigned	_	_	
10-20	2724-2725	,	_	_	
10-21	2726-2729	are	_	_	
10-22	2730-2733	not	_	_	
10-23	2734-2742	assuming	_	_	
10-24	2742-2743	,	_	_	
10-25	2744-2747	nor	_	_	
10-26	2748-2750	is	_	_	
10-27	2751-2754	the	_	_	
10-28	2755-2762	Company	_	_	
10-29	2763-2771	assuming	_	_	
10-30	2771-2772	,	_	_	
10-31	2773-2776	any	_	_	
10-32	2777-2779	of	_	_	
10-33	2780-2783	the	_	_	
10-34	2784-2797	undersigned's	_	_	
10-35	2798-2814	responsibilities	_	_	
10-36	2815-2817	to	_	_	
10-37	2818-2824	comply	_	_	
10-38	2825-2829	with	_	_	
10-39	2830-2837	Section	_	_	
10-40	2838-2840	16	_	_	
10-41	2841-2843	of	_	_	
10-42	2844-2847	the	_	_	
10-43	2848-2858	Securities	_	_	
10-44	2859-2867	Exchange	_	_	
10-45	2868-2871	Act	_	_	
10-46	2872-2874	of	_	_	
10-47	2875-2879	1934	_	_	
10-48	2879-2880	,	_	_	
10-49	2881-2883	as	_	_	
10-50	2884-2891	amended	_	_	
10-51	2891-2892	.	_	_	

#Text=This Power of Attorney shall remain in full force and effect until the undersigned is no longer required to file Forms 3, 4, and 5 with respect to the undersigned's holdings of and transactions in securities issued by Selecta Biosciences, Inc., unless earlier revoked by the undersigned in a signed writing delivered to the foregoing attorneys-in-fact.
11-1	2896-2900	This	_	_	
11-2	2901-2906	Power	_	_	
11-3	2907-2909	of	_	_	
11-4	2910-2918	Attorney	_	_	
11-5	2919-2924	shall	_	_	
11-6	2925-2931	remain	_	_	
11-7	2932-2934	in	_	_	
11-8	2935-2939	full	_	_	
11-9	2940-2945	force	_	_	
11-10	2946-2949	and	_	_	
11-11	2950-2956	effect	_	_	
11-12	2957-2962	until	_	_	
11-13	2963-2966	the	_	_	
11-14	2967-2978	undersigned	_	_	
11-15	2979-2981	is	_	_	
11-16	2982-2984	no	_	_	
11-17	2985-2991	longer	_	_	
11-18	2992-3000	required	_	_	
11-19	3001-3003	to	_	_	
11-20	3004-3008	file	_	_	
11-21	3009-3014	Forms	_	_	
11-22	3015-3016	3	_	_	
11-23	3016-3017	,	_	_	
11-24	3018-3019	4	_	_	
11-25	3019-3020	,	_	_	
11-26	3021-3024	and	_	_	
11-27	3025-3026	5	_	_	
11-28	3027-3031	with	_	_	
11-29	3032-3039	respect	_	_	
11-30	3040-3042	to	_	_	
11-31	3043-3046	the	_	_	
11-32	3047-3060	undersigned's	_	_	
11-33	3061-3069	holdings	_	_	
11-34	3070-3072	of	_	_	
11-35	3073-3076	and	_	_	
11-36	3077-3089	transactions	_	_	
11-37	3090-3092	in	_	_	
11-38	3093-3103	securities	_	_	
11-39	3104-3110	issued	_	_	
11-40	3111-3113	by	_	_	
11-41	3114-3121	Selecta	COMP[2]	*[2]	
11-42	3122-3133	Biosciences	COMP[2]	*[2]	
11-43	3133-3134	,	COMP[2]	*[2]	
11-44	3135-3138	Inc	COMP[2]	*[2]	
11-45	3138-3139	.	COMP[2]	*[2]	
11-46	3139-3140	,	_	_	
11-47	3141-3147	unless	_	_	
11-48	3148-3155	earlier	_	_	
11-49	3156-3163	revoked	_	_	
11-50	3164-3166	by	_	_	
11-51	3167-3170	the	_	_	
11-52	3171-3182	undersigned	_	_	
11-53	3183-3185	in	_	_	
11-54	3186-3187	a	_	_	
11-55	3188-3194	signed	_	_	
11-56	3195-3202	writing	_	_	
11-57	3203-3212	delivered	_	_	
11-58	3213-3215	to	_	_	
11-59	3216-3219	the	_	_	
11-60	3220-3229	foregoing	_	_	
11-61	3230-3247	attorneys-in-fact	_	_	
11-62	3247-3248	.	_	_	

#Text=IN WITNESS WHEREOF, the undersigned has caused this Power of Attorney to be executed as of this 6th day of June, 2016.
12-1	3252-3254	IN	_	_	
12-2	3255-3262	WITNESS	_	_	
12-3	3263-3270	WHEREOF	_	_	
12-4	3270-3271	,	_	_	
12-5	3272-3275	the	_	_	
12-6	3276-3287	undersigned	_	_	
12-7	3288-3291	has	_	_	
12-8	3292-3298	caused	_	_	
12-9	3299-3303	this	_	_	
12-10	3304-3309	Power	_	_	
12-11	3310-3312	of	_	_	
12-12	3313-3321	Attorney	_	_	
12-13	3322-3324	to	_	_	
12-14	3325-3327	be	_	_	
12-15	3328-3336	executed	_	_	
12-16	3337-3339	as	_	_	
12-17	3340-3342	of	_	_	
12-18	3343-3347	this	_	_	
12-19	3348-3351	6th	DATE[3]	*[3]	
12-20	3352-3355	day	DATE[3]	*[3]	
12-21	3356-3358	of	DATE[3]	*[3]	
12-22	3359-3363	June	DATE[3]	*[3]	
12-23	3363-3364	,	DATE[3]	*[3]	
12-24	3365-3369	2016	DATE[3]	*[3]	
12-25	3369-3370	.	DATE[3]	*[3]	

#Text=Signature: /s/ Amir Nashat
13-1	3374-3383	Signature	_	_	
13-2	3383-3384	:	_	_	
13-3	3385-3386	/	_	_	
13-4	3386-3387	s	_	_	
13-5	3387-3388	/	_	_	
13-6	3389-3393	Amir	WITNESS[4]	*[4]	
13-7	3394-3400	Nashat	WITNESS[4]	*[4]	

#Text=Print Name: Amir Nashat
14-1	3404-3409	Print	_	_	
14-2	3410-3414	Name	_	_	
14-3	3414-3415	:	_	_	
14-4	3416-3420	Amir	WITNESS[5]	*[5]	
14-5	3421-3427	Nashat	WITNESS[5]	*[5]	

#Text=Schedule A
15-1	3435-3443	Schedule	_	_	
15-2	3444-3445	A	_	_	

#Text=Individuals Appointed as Attorney-in-Fact with Full Power of Substitution and Resubstitution:
16-1	3449-3460	Individuals	_	_	
16-2	3461-3470	Appointed	_	_	
16-3	3471-3473	as	_	_	
16-4	3474-3490	Attorney-in-Fact	_	_	
16-5	3491-3495	with	_	_	
16-6	3496-3500	Full	_	_	
16-7	3501-3506	Power	_	_	
16-8	3507-3509	of	_	_	
16-9	3510-3522	Substitution	_	_	
16-10	3523-3526	and	_	_	
16-11	3527-3541	Resubstitution	_	_	
16-12	3541-3542	:	_	_	

#Text=David Abraham
17-1	3546-3551	David	PER[6]	*[6]	
17-2	3552-3559	Abraham	PER[6]	*[6]	

#Text=John Harold Leaman
18-1	3563-3567	John	PER[7]	*[7]	
18-2	3568-3574	Harold	PER[7]|*[8]	*[7]|*[8]	
18-3	3575-3581	Leaman	PER[7]	*[7]	
