#FORMAT=WebAnno TSV 3.2
#T_SP=webanno.custom.AgreementEntities|Agreement|Employment


#Text=POWER OF ATTORNEY
1-1	0-5	POWER	_	_	
1-2	6-8	OF	_	_	
1-3	9-17	ATTORNEY	_	_	

#Text=KNOW ALL MEN BY THESE PRESENTS, that each of the undersigned, being a director or officer of General Electric Company, a New York corporation (the "Company"), hereby constitutes and appoints Jeffrey R. Immelt, Brackett B. Denniston III, Keith S. Sherin, Jamie S. Miller, and Christoph A. Pereira, and each of them, his or her true and lawful attorney-in-fact and agent, with full power of substitution and resubstitution, for him or her and in his or her name, place and stead in any and all capacities, to sign one or more Annual Reports for the Company's fiscal year ended December 31, 2011 on Form 10-K under the Securities Exchange Act of 1934, as amended, or such other form as any such attorney-in-fact may deem necessary or desirable, any amendments thereto, and all additional amendments thereto, each in such form as they or any one of them may approve, and to file the same with all exhibits thereto and other documents in connection therewith with the Securities and Exchange Commission, granting unto said attorneys-in-fact and agents, and each of them, full power and authority to do and perform each and every act and thing requisite and necessary to be done so that such Annual Report shall comply with the Securities Exchange Act of 1934, as amended, and the applicable Rules and Regulations adopted or issued pursuant thereto, as fully and to all intents and purposes as he or she might or could do in person, hereby ratifying and confirming all that said attorneys-in-fact and agents, or any of them or their substitute or resubstitute, may lawfully do or cause to be done by virtue hereof.
2-1	21-25	KNOW	_	_	
2-2	26-29	ALL	_	_	
2-3	30-33	MEN	_	_	
2-4	34-36	BY	_	_	
2-5	37-42	THESE	_	_	
2-6	43-51	PRESENTS	_	_	
2-7	51-52	,	_	_	
2-8	53-57	that	_	_	
2-9	58-62	each	_	_	
2-10	63-65	of	_	_	
2-11	66-69	the	_	_	
2-12	70-81	undersigned	_	_	
2-13	81-82	,	_	_	
2-14	83-88	being	_	_	
2-15	89-90	a	_	_	
2-16	91-99	director	_	_	
2-17	100-102	or	_	_	
2-18	103-110	officer	_	_	
2-19	111-113	of	_	_	
2-20	114-121	General	COMP[1]	*[1]	
2-21	122-130	Electric	COMP[1]	*[1]	
2-22	131-138	Company	COMP[1]	*[1]	
2-23	138-139	,	_	_	
2-24	140-141	a	_	_	
2-25	142-145	New	_	_	
2-26	146-150	York	_	_	
2-27	151-162	corporation	_	_	
2-28	163-164	(	_	_	
2-29	164-167	the	_	_	
2-30	168-169	"	_	_	
2-31	169-176	Company	_	_	
2-32	176-177	"	_	_	
2-33	177-178	)	_	_	
2-34	178-179	,	_	_	
2-35	180-186	hereby	_	_	
2-36	187-198	constitutes	_	_	
2-37	199-202	and	_	_	
2-38	203-211	appoints	_	_	
2-39	212-219	Jeffrey	PER[2]	*[2]	
2-40	220-221	R	PER[2]	*[2]	
2-41	221-222	.	PER[2]	*[2]	
2-42	223-229	Immelt	PER[2]	*[2]	
2-43	229-230	,	_	_	
2-44	231-239	Brackett	PER[3]	*[3]	
2-45	240-241	B	PER[3]	*[3]	
2-46	241-242	.	PER[3]	*[3]	
2-47	243-252	Denniston	PER[3]	*[3]	
2-48	253-256	III	_	_	
2-49	256-257	,	_	_	
2-50	258-263	Keith	PER[4]	*[4]	
2-51	264-265	S	PER[4]	*[4]	
2-52	265-266	.	PER[4]	*[4]	
2-53	267-273	Sherin	PER[4]	*[4]	
2-54	273-274	,	_	_	
2-55	275-280	Jamie	PER[5]	*[5]	
2-56	281-282	S	PER[5]	*[5]	
2-57	282-283	.	PER[5]	*[5]	
2-58	284-290	Miller	PER[5]	*[5]	
2-59	290-291	,	_	_	
2-60	292-295	and	_	_	
2-61	296-305	Christoph	PER[6]	*[6]	
2-62	306-307	A	PER[6]	*[6]	
2-63	307-308	.	PER[6]	*[6]	
2-64	309-316	Pereira	PER[6]	*[6]	
2-65	316-317	,	_	_	
2-66	318-321	and	_	_	
2-67	322-326	each	_	_	
2-68	327-329	of	_	_	
2-69	330-334	them	_	_	
2-70	334-335	,	_	_	
2-71	336-339	his	_	_	
2-72	340-342	or	_	_	
2-73	343-346	her	_	_	
2-74	347-351	true	_	_	
2-75	352-355	and	_	_	
2-76	356-362	lawful	_	_	
2-77	363-379	attorney-in-fact	_	_	
2-78	380-383	and	_	_	
2-79	384-389	agent	_	_	
2-80	389-390	,	_	_	
2-81	391-395	with	_	_	
2-82	396-400	full	_	_	
2-83	401-406	power	_	_	
2-84	407-409	of	_	_	
2-85	410-422	substitution	_	_	
2-86	423-426	and	_	_	
2-87	427-441	resubstitution	_	_	
2-88	441-442	,	_	_	
2-89	443-446	for	_	_	
2-90	447-450	him	_	_	
2-91	451-453	or	_	_	
2-92	454-457	her	_	_	
2-93	458-461	and	_	_	
2-94	462-464	in	_	_	
2-95	465-468	his	_	_	
2-96	469-471	or	_	_	
2-97	472-475	her	_	_	
2-98	476-480	name	_	_	
2-99	480-481	,	_	_	
2-100	482-487	place	_	_	
2-101	488-491	and	_	_	
2-102	492-497	stead	_	_	
2-103	498-500	in	_	_	
2-104	501-504	any	_	_	
2-105	505-508	and	_	_	
2-106	509-512	all	_	_	
2-107	513-523	capacities	_	_	
2-108	523-524	,	_	_	
2-109	525-527	to	_	_	
2-110	528-532	sign	_	_	
2-111	533-536	one	_	_	
2-112	537-539	or	_	_	
2-113	540-544	more	_	_	
2-114	545-551	Annual	_	_	
2-115	552-559	Reports	_	_	
2-116	560-563	for	_	_	
2-117	564-567	the	_	_	
2-118	568-577	Company's	_	_	
2-119	578-584	fiscal	_	_	
2-120	585-589	year	_	_	
2-121	590-595	ended	_	_	
2-122	596-604	December	_	_	
2-123	605-607	31	_	_	
2-124	607-608	,	_	_	
2-125	609-613	2011	_	_	
2-126	614-616	on	_	_	
2-127	617-621	Form	_	_	
2-128	622-624	10	_	_	
2-129	624-625	-	_	_	
2-130	625-626	K	_	_	
2-131	627-632	under	_	_	
2-132	633-636	the	_	_	
2-133	637-647	Securities	_	_	
2-134	648-656	Exchange	_	_	
2-135	657-660	Act	_	_	
2-136	661-663	of	_	_	
2-137	664-668	1934	_	_	
2-138	668-669	,	_	_	
2-139	670-672	as	_	_	
2-140	673-680	amended	_	_	
2-141	680-681	,	_	_	
2-142	682-684	or	_	_	
2-143	685-689	such	_	_	
2-144	690-695	other	_	_	
2-145	696-700	form	_	_	
2-146	701-703	as	_	_	
2-147	704-707	any	_	_	
2-148	708-712	such	_	_	
2-149	713-729	attorney-in-fact	_	_	
2-150	730-733	may	_	_	
2-151	734-738	deem	_	_	
2-152	739-748	necessary	_	_	
2-153	749-751	or	_	_	
2-154	752-761	desirable	_	_	
2-155	761-762	,	_	_	
2-156	763-766	any	_	_	
2-157	767-777	amendments	_	_	
2-158	778-785	thereto	_	_	
2-159	785-786	,	_	_	
2-160	787-790	and	_	_	
2-161	791-794	all	_	_	
2-162	795-805	additional	_	_	
2-163	806-816	amendments	_	_	
2-164	817-824	thereto	_	_	
2-165	824-825	,	_	_	
2-166	826-830	each	_	_	
2-167	831-833	in	_	_	
2-168	834-838	such	_	_	
2-169	839-843	form	_	_	
2-170	844-846	as	_	_	
2-171	847-851	they	_	_	
2-172	852-854	or	_	_	
2-173	855-858	any	_	_	
2-174	859-862	one	_	_	
2-175	863-865	of	_	_	
2-176	866-870	them	_	_	
2-177	871-874	may	_	_	
2-178	875-882	approve	_	_	
2-179	882-883	,	_	_	
2-180	884-887	and	_	_	
2-181	888-890	to	_	_	
2-182	891-895	file	_	_	
2-183	896-899	the	_	_	
2-184	900-904	same	_	_	
2-185	905-909	with	_	_	
2-186	910-913	all	_	_	
2-187	914-922	exhibits	_	_	
2-188	923-930	thereto	_	_	
2-189	931-934	and	_	_	
2-190	935-940	other	_	_	
2-191	941-950	documents	_	_	
2-192	951-953	in	_	_	
2-193	954-964	connection	_	_	
2-194	965-974	therewith	_	_	
2-195	975-979	with	_	_	
2-196	980-983	the	_	_	
2-197	984-994	Securities	_	_	
2-198	995-998	and	_	_	
2-199	999-1007	Exchange	_	_	
2-200	1008-1018	Commission	_	_	
2-201	1018-1019	,	_	_	
2-202	1020-1028	granting	_	_	
2-203	1029-1033	unto	_	_	
2-204	1034-1038	said	_	_	
2-205	1039-1056	attorneys-in-fact	_	_	
2-206	1057-1060	and	_	_	
2-207	1061-1067	agents	_	_	
2-208	1067-1068	,	_	_	
2-209	1069-1072	and	_	_	
2-210	1073-1077	each	_	_	
2-211	1078-1080	of	_	_	
2-212	1081-1085	them	_	_	
2-213	1085-1086	,	_	_	
2-214	1087-1091	full	_	_	
2-215	1092-1097	power	_	_	
2-216	1098-1101	and	_	_	
2-217	1102-1111	authority	_	_	
2-218	1112-1114	to	_	_	
2-219	1115-1117	do	_	_	
2-220	1118-1121	and	_	_	
2-221	1122-1129	perform	_	_	
2-222	1130-1134	each	_	_	
2-223	1135-1138	and	_	_	
2-224	1139-1144	every	_	_	
2-225	1145-1148	act	_	_	
2-226	1149-1152	and	_	_	
2-227	1153-1158	thing	_	_	
2-228	1159-1168	requisite	_	_	
2-229	1169-1172	and	_	_	
2-230	1173-1182	necessary	_	_	
2-231	1183-1185	to	_	_	
2-232	1186-1188	be	_	_	
2-233	1189-1193	done	_	_	
2-234	1194-1196	so	_	_	
2-235	1197-1201	that	_	_	
2-236	1202-1206	such	_	_	
2-237	1207-1213	Annual	_	_	
2-238	1214-1220	Report	_	_	
2-239	1221-1226	shall	_	_	
2-240	1227-1233	comply	_	_	
2-241	1234-1238	with	_	_	
2-242	1239-1242	the	_	_	
2-243	1243-1253	Securities	_	_	
2-244	1254-1262	Exchange	_	_	
2-245	1263-1266	Act	_	_	
2-246	1267-1269	of	_	_	
2-247	1270-1274	1934	_	_	
2-248	1274-1275	,	_	_	
2-249	1276-1278	as	_	_	
2-250	1279-1286	amended	_	_	
2-251	1286-1287	,	_	_	
2-252	1288-1291	and	_	_	
2-253	1292-1295	the	_	_	
2-254	1296-1306	applicable	_	_	
2-255	1307-1312	Rules	_	_	
2-256	1313-1316	and	_	_	
2-257	1317-1328	Regulations	_	_	
2-258	1329-1336	adopted	_	_	
2-259	1337-1339	or	_	_	
2-260	1340-1346	issued	_	_	
2-261	1347-1355	pursuant	_	_	
2-262	1356-1363	thereto	_	_	
2-263	1363-1364	,	_	_	
2-264	1365-1367	as	_	_	
2-265	1368-1373	fully	_	_	
2-266	1374-1377	and	_	_	
2-267	1378-1380	to	_	_	
2-268	1381-1384	all	_	_	
2-269	1385-1392	intents	_	_	
2-270	1393-1396	and	_	_	
2-271	1397-1405	purposes	_	_	
2-272	1406-1408	as	_	_	
2-273	1409-1411	he	_	_	
2-274	1412-1414	or	_	_	
2-275	1415-1418	she	_	_	
2-276	1419-1424	might	_	_	
2-277	1425-1427	or	_	_	
2-278	1428-1433	could	_	_	
2-279	1434-1436	do	_	_	
2-280	1437-1439	in	_	_	
2-281	1440-1446	person	_	_	
2-282	1446-1447	,	_	_	
2-283	1448-1454	hereby	_	_	
2-284	1455-1464	ratifying	_	_	
2-285	1465-1468	and	_	_	
2-286	1469-1479	confirming	_	_	
2-287	1480-1483	all	_	_	
2-288	1484-1488	that	_	_	
2-289	1489-1493	said	_	_	
2-290	1494-1511	attorneys-in-fact	_	_	
2-291	1512-1515	and	_	_	
2-292	1516-1522	agents	_	_	
2-293	1522-1523	,	_	_	
2-294	1524-1526	or	_	_	
2-295	1527-1530	any	_	_	
2-296	1531-1533	of	_	_	
2-297	1534-1538	them	_	_	
2-298	1539-1541	or	_	_	
2-299	1542-1547	their	_	_	
2-300	1548-1558	substitute	_	_	
2-301	1559-1561	or	_	_	
2-302	1562-1574	resubstitute	_	_	
2-303	1574-1575	,	_	_	
2-304	1576-1579	may	_	_	
2-305	1580-1588	lawfully	_	_	
2-306	1589-1591	do	_	_	
2-307	1592-1594	or	_	_	
2-308	1595-1600	cause	_	_	
2-309	1601-1603	to	_	_	
2-310	1604-1606	be	_	_	
2-311	1607-1611	done	_	_	
2-312	1612-1614	by	_	_	
2-313	1615-1621	virtue	_	_	
2-314	1622-1628	hereof	_	_	
2-315	1628-1629	.	_	_	

#Text=IN WITNESS WHEREOF, each of the undersigned has hereunto set his or her hand this 15th day of February, 2012.
3-1	1633-1635	IN	_	_	
3-2	1636-1643	WITNESS	_	_	
3-3	1644-1651	WHEREOF	_	_	
3-4	1651-1652	,	_	_	
3-5	1653-1657	each	_	_	
3-6	1658-1660	of	_	_	
3-7	1661-1664	the	_	_	
3-8	1665-1676	undersigned	_	_	
3-9	1677-1680	has	_	_	
3-10	1681-1689	hereunto	_	_	
3-11	1690-1693	set	_	_	
3-12	1694-1697	his	_	_	
3-13	1698-1700	or	_	_	
3-14	1701-1704	her	_	_	
3-15	1705-1709	hand	_	_	
3-16	1710-1714	this	_	_	
3-17	1715-1719	15th	DATE[7]	*[7]	
3-18	1720-1723	day	DATE[7]	*[7]	
3-19	1724-1726	of	DATE[7]	*[7]	
3-20	1727-1735	February	DATE[7]	*[7]	
3-21	1735-1736	,	DATE[7]	*[7]	
3-22	1737-1741	2012	DATE[7]	*[7]	
3-23	1741-1742	.	DATE[7]	*[7]	

#Text=/s/ Jeffrey R. Immelt
4-1	1750-1751	/	_	_	
4-2	1751-1752	s	_	_	
4-3	1752-1753	/	_	_	
4-4	1754-1761	Jeffrey	WITNESS[8]	*[8]	
4-5	1762-1763	R	WITNESS[8]	*[8]	
4-6	1763-1764	.	WITNESS[8]	*[8]	
4-7	1765-1771	Immelt	WITNESS[8]	*[8]	

#Text=Jeffrey R. Immelt
5-1	1778-1785	Jeffrey	_	_	
5-2	1786-1787	R	_	_	
5-3	1787-1788	.	_	_	
5-4	1789-1795	Immelt	_	_	

#Text=Chairman of the Board
6-1	1802-1810	Chairman	_	_	
6-2	1811-1813	of	_	_	
6-3	1814-1817	the	_	_	
6-4	1818-1823	Board	_	_	

#Text=(Principal Executive
7-1	1828-1829	(	_	_	
7-2	1829-1838	Principal	_	_	
7-3	1839-1848	Executive	_	_	

#Text=Officer and Director)
8-1	1856-1863	Officer	_	_	
8-2	1864-1867	and	_	_	
8-3	1868-1876	Director	_	_	
8-4	1876-1877	)	_	_	

#Text=/s/ Keith S. Sherin
9-1	1885-1886	/	_	_	
9-2	1886-1887	s	_	_	
9-3	1887-1888	/	_	_	
9-4	1889-1894	Keith	WITNESS[9]	*[9]	
9-5	1895-1896	S	WITNESS[9]	*[9]	
9-6	1896-1897	.	WITNESS[9]	*[9]	
9-7	1898-1904	Sherin	WITNESS[9]	*[9]	

#Text=/s/ Jamie S. Miller
10-1	1910-1911	/	_	_	
10-2	1911-1912	s	_	_	
10-3	1912-1913	/	_	_	
10-4	1914-1919	Jamie	WITNESS[10]	*[10]	
10-5	1920-1921	S	WITNESS[10]	*[10]	
10-6	1921-1922	.	WITNESS[10]	*[10]	
10-7	1923-1929	Miller	WITNESS[10]	*[10]	

#Text=Keith S. Sherin
11-1	1931-1936	Keith	_	_	
11-2	1937-1938	S	_	_	
11-3	1938-1939	.	_	_	
11-4	1940-1946	Sherin	_	_	

#Text=Jamie S. Miller
12-1	1952-1957	Jamie	_	_	
12-2	1958-1959	S	_	_	
12-3	1959-1960	.	_	_	
12-4	1961-1967	Miller	_	_	

#Text=Vice Chairman-
13-1	1969-1973	Vice	_	_	
13-2	1974-1982	Chairman	_	_	
13-3	1982-1983	-	_	_	

#Text=Vice President and Controller
14-1	1989-1993	Vice	_	_	
14-2	1994-2003	President	_	_	
14-3	2004-2007	and	_	_	
14-4	2008-2018	Controller	_	_	

#Text=Chief Financial Officer
15-1	2020-2025	Chief	_	_	
15-2	2026-2035	Financial	_	_	
15-3	2036-2043	Officer	_	_	

#Text=(Principal Accounting Officer)
16-1	2049-2050	(	_	_	
16-2	2050-2059	Principal	_	_	
16-3	2060-2070	Accounting	_	_	
16-4	2071-2078	Officer	_	_	
16-5	2078-2079	)	_	_	

#Text=(Principal Financial Officer)
17-1	2081-2082	(	_	_	
17-2	2082-2091	Principal	_	_	
17-3	2092-2101	Financial	_	_	
17-4	2102-2109	Officer	_	_	
17-5	2109-2110	)	_	_	
