#FORMAT=WebAnno TSV 3.2
#T_SP=webanno.custom.AgreementEntities|Agreement|Employment


#Text=EX-24.A 9 shw-12312013xex24a.htm EXHIBIT 24A
1-1	0-2	EX	_	_	
1-2	2-3	-	_	_	
1-3	3-5	24	_	_	
1-4	5-6	.	_	_	
1-5	6-7	A	_	_	
1-6	8-9	9	_	_	
1-7	10-13	shw	_	_	
1-8	13-14	-	_	_	
1-9	14-32	12312013xex24a.htm	_	_	
1-10	33-40	EXHIBIT	_	_	
1-11	41-44	24A	_	_	

#Text=EXHIBIT 24(a)
2-1	46-53	EXHIBIT	_	_	
2-2	54-56	24	_	_	
2-3	56-57	(	_	_	
2-4	57-58	a	_	_	
2-5	58-59	)	_	_	

#Text=POWER OF ATTORNEY
3-1	61-66	POWER	_	_	
3-2	67-69	OF	_	_	
3-3	70-78	ATTORNEY	_	_	

#Text=THE SHERWIN-WILLIAMS COMPANY
4-1	80-83	THE	COMP[1]	*[1]	
4-2	84-100	SHERWIN-WILLIAMS	COMP[1]	*[1]	
4-3	101-108	COMPANY	COMP[1]	*[1]	

#Text=KNOW ALL BY THESE PRESENTS, that each of the undersigned directors and/or officers of The Sherwin-Williams Company, an Ohio corporation (the “Company”), hereby constitutes and appoints each of Christopher M. Connor, Sean P. Hennessy and Catherine M. Kilbane, with full power of substitution and resubstitution, as the true and lawful attorney-in-fact or attorneys-in-fact of the undersigned to execute and file with the Securities and Exchange Commission under the Securities Exchange Act of 1934 the Company’s Annual Report on Form 10-K for the fiscal year ended December 31, 2013, with any and all amendments, supplements and exhibits thereto, and any and all other documents in connection therewith, with full power and authority to do and perform any and all acts and things necessary, appropriate or desirable to be done in the premises, or in the name, place and stead of the undersigned, as fully to all intents and purposes as such person might or could do in person, hereby ratifying and approving all that said attorneys-in-fact or any of them and any substitute therefor may lawfully do or cause to be done by virtue thereof.
5-1	110-114	KNOW	_	_	
5-2	115-118	ALL	_	_	
5-3	119-121	BY	_	_	
5-4	122-127	THESE	_	_	
5-5	128-136	PRESENTS	_	_	
5-6	136-137	,	_	_	
5-7	138-142	that	_	_	
5-8	143-147	each	_	_	
5-9	148-150	of	_	_	
5-10	151-154	the	_	_	
5-11	155-166	undersigned	_	_	
5-12	167-176	directors	_	_	
5-13	177-180	and	_	_	
5-14	180-181	/	_	_	
5-15	181-183	or	_	_	
5-16	184-192	officers	_	_	
5-17	193-195	of	_	_	
5-18	196-199	The	COMP[2]	*[2]	
5-19	200-216	Sherwin-Williams	COMP[2]	*[2]	
5-20	217-224	Company	COMP[2]	*[2]	
5-21	224-225	,	_	_	
5-22	226-228	an	_	_	
5-23	229-233	Ohio	_	_	
5-24	234-245	corporation	_	_	
5-25	246-247	(	_	_	
5-26	247-250	the	_	_	
5-27	251-252	“	_	_	
5-28	252-259	Company	_	_	
5-29	259-260	”	_	_	
5-30	260-261	)	_	_	
5-31	261-262	,	_	_	
5-32	263-269	hereby	_	_	
5-33	270-281	constitutes	_	_	
5-34	282-285	and	_	_	
5-35	286-294	appoints	_	_	
5-36	295-299	each	_	_	
5-37	300-302	of	_	_	
5-38	303-314	Christopher	PER[3]	*[3]	
5-39	315-316	M	PER[3]	*[3]	
5-40	316-317	.	PER[3]	*[3]	
5-41	318-324	Connor	PER[3]	*[3]	
5-42	324-325	,	_	_	
5-43	326-330	Sean	PER[4]	*[4]	
5-44	331-332	P	PER[4]	*[4]	
5-45	332-333	.	PER[4]	*[4]	
5-46	334-342	Hennessy	PER[4]	*[4]	
5-47	343-346	and	_	_	
5-48	347-356	Catherine	PER[5]	*[5]	
5-49	357-358	M	PER[5]	*[5]	
5-50	358-359	.	PER[5]	*[5]	
5-51	360-367	Kilbane	PER[5]	*[5]	
5-52	367-368	,	_	_	
5-53	369-373	with	_	_	
5-54	374-378	full	_	_	
5-55	379-384	power	_	_	
5-56	385-387	of	_	_	
5-57	388-400	substitution	_	_	
5-58	401-404	and	_	_	
5-59	405-419	resubstitution	_	_	
5-60	419-420	,	_	_	
5-61	421-423	as	_	_	
5-62	424-427	the	_	_	
5-63	428-432	true	_	_	
5-64	433-436	and	_	_	
5-65	437-443	lawful	_	_	
5-66	444-460	attorney-in-fact	_	_	
5-67	461-463	or	_	_	
5-68	464-481	attorneys-in-fact	_	_	
5-69	482-484	of	_	_	
5-70	485-488	the	_	_	
5-71	489-500	undersigned	_	_	
5-72	501-503	to	_	_	
5-73	504-511	execute	_	_	
5-74	512-515	and	_	_	
5-75	516-520	file	_	_	
5-76	521-525	with	_	_	
5-77	526-529	the	_	_	
5-78	530-540	Securities	_	_	
5-79	541-544	and	_	_	
5-80	545-553	Exchange	_	_	
5-81	554-564	Commission	_	_	
5-82	565-570	under	_	_	
5-83	571-574	the	_	_	
5-84	575-585	Securities	_	_	
5-85	586-594	Exchange	_	_	
5-86	595-598	Act	_	_	
5-87	599-601	of	_	_	
5-88	602-606	1934	_	_	
5-89	607-610	the	_	_	
5-90	611-618	Company	_	_	
5-91	618-619	’	_	_	
5-92	619-620	s	_	_	
5-93	621-627	Annual	_	_	
5-94	628-634	Report	_	_	
5-95	635-637	on	_	_	
5-96	638-642	Form	_	_	
5-97	643-645	10	_	_	
5-98	645-646	-	_	_	
5-99	646-647	K	_	_	
5-100	648-651	for	_	_	
5-101	652-655	the	_	_	
5-102	656-662	fiscal	_	_	
5-103	663-667	year	_	_	
5-104	668-673	ended	_	_	
5-105	674-682	December	_	_	
5-106	683-685	31	_	_	
5-107	685-686	,	_	_	
5-108	687-691	2013	_	_	
5-109	691-692	,	_	_	
5-110	693-697	with	_	_	
5-111	698-701	any	_	_	
5-112	702-705	and	_	_	
5-113	706-709	all	_	_	
5-114	710-720	amendments	_	_	
5-115	720-721	,	_	_	
5-116	722-733	supplements	_	_	
5-117	734-737	and	_	_	
5-118	738-746	exhibits	_	_	
5-119	747-754	thereto	_	_	
5-120	754-755	,	_	_	
5-121	756-759	and	_	_	
5-122	760-763	any	_	_	
5-123	764-767	and	_	_	
5-124	768-771	all	_	_	
5-125	772-777	other	_	_	
5-126	778-787	documents	_	_	
5-127	788-790	in	_	_	
5-128	791-801	connection	_	_	
5-129	802-811	therewith	_	_	
5-130	811-812	,	_	_	
5-131	813-817	with	_	_	
5-132	818-822	full	_	_	
5-133	823-828	power	_	_	
5-134	829-832	and	_	_	
5-135	833-842	authority	_	_	
5-136	843-845	to	_	_	
5-137	846-848	do	_	_	
5-138	849-852	and	_	_	
5-139	853-860	perform	_	_	
5-140	861-864	any	_	_	
5-141	865-868	and	_	_	
5-142	869-872	all	_	_	
5-143	873-877	acts	_	_	
5-144	878-881	and	_	_	
5-145	882-888	things	_	_	
5-146	889-898	necessary	_	_	
5-147	898-899	,	_	_	
5-148	900-911	appropriate	_	_	
5-149	912-914	or	_	_	
5-150	915-924	desirable	_	_	
5-151	925-927	to	_	_	
5-152	928-930	be	_	_	
5-153	931-935	done	_	_	
5-154	936-938	in	_	_	
5-155	939-942	the	_	_	
5-156	943-951	premises	_	_	
5-157	951-952	,	_	_	
5-158	953-955	or	_	_	
5-159	956-958	in	_	_	
5-160	959-962	the	_	_	
5-161	963-967	name	_	_	
5-162	967-968	,	_	_	
5-163	969-974	place	_	_	
5-164	975-978	and	_	_	
5-165	979-984	stead	_	_	
5-166	985-987	of	_	_	
5-167	988-991	the	_	_	
5-168	992-1003	undersigned	_	_	
5-169	1003-1004	,	_	_	
5-170	1005-1007	as	_	_	
5-171	1008-1013	fully	_	_	
5-172	1014-1016	to	_	_	
5-173	1017-1020	all	_	_	
5-174	1021-1028	intents	_	_	
5-175	1029-1032	and	_	_	
5-176	1033-1041	purposes	_	_	
5-177	1042-1044	as	_	_	
5-178	1045-1049	such	_	_	
5-179	1050-1056	person	_	_	
5-180	1057-1062	might	_	_	
5-181	1063-1065	or	_	_	
5-182	1066-1071	could	_	_	
5-183	1072-1074	do	_	_	
5-184	1075-1077	in	_	_	
5-185	1078-1084	person	_	_	
5-186	1084-1085	,	_	_	
5-187	1086-1092	hereby	_	_	
5-188	1093-1102	ratifying	_	_	
5-189	1103-1106	and	_	_	
5-190	1107-1116	approving	_	_	
5-191	1117-1120	all	_	_	
5-192	1121-1125	that	_	_	
5-193	1126-1130	said	_	_	
5-194	1131-1148	attorneys-in-fact	_	_	
5-195	1149-1151	or	_	_	
5-196	1152-1155	any	_	_	
5-197	1156-1158	of	_	_	
5-198	1159-1163	them	_	_	
5-199	1164-1167	and	_	_	
5-200	1168-1171	any	_	_	
5-201	1172-1182	substitute	_	_	
5-202	1183-1191	therefor	_	_	
5-203	1192-1195	may	_	_	
5-204	1196-1204	lawfully	_	_	
5-205	1205-1207	do	_	_	
5-206	1208-1210	or	_	_	
5-207	1211-1216	cause	_	_	
5-208	1217-1219	to	_	_	
5-209	1220-1222	be	_	_	
5-210	1223-1227	done	_	_	
5-211	1228-1230	by	_	_	
5-212	1231-1237	virtue	_	_	
5-213	1238-1245	thereof	_	_	
5-214	1245-1246	.	_	_	

#Text=This Power of Attorney may be executed in multiple counterparts, each of which shall be deemed an original with respect to the person executing it.
6-1	1248-1252	This	_	_	
6-2	1253-1258	Power	_	_	
6-3	1259-1261	of	_	_	
6-4	1262-1270	Attorney	_	_	
6-5	1271-1274	may	_	_	
6-6	1275-1277	be	_	_	
6-7	1278-1286	executed	_	_	
6-8	1287-1289	in	_	_	
6-9	1290-1298	multiple	_	_	
6-10	1299-1311	counterparts	_	_	
6-11	1311-1312	,	_	_	
6-12	1313-1317	each	_	_	
6-13	1318-1320	of	_	_	
6-14	1321-1326	which	_	_	
6-15	1327-1332	shall	_	_	
6-16	1333-1335	be	_	_	
6-17	1336-1342	deemed	_	_	
6-18	1343-1345	an	_	_	
6-19	1346-1354	original	_	_	
6-20	1355-1359	with	_	_	
6-21	1360-1367	respect	_	_	
6-22	1368-1370	to	_	_	
6-23	1371-1374	the	_	_	
6-24	1375-1381	person	_	_	
6-25	1382-1391	executing	_	_	
6-26	1392-1394	it	_	_	
6-27	1394-1395	.	_	_	

#Text=Executed as of this 19th day of February, 2014.
7-1	1397-1405	Executed	_	_	
7-2	1406-1408	as	_	_	
7-3	1409-1411	of	_	_	
7-4	1412-1416	this	_	_	
7-5	1417-1421	19th	DATE[6]	*[6]	
7-6	1422-1425	day	DATE[6]	*[6]	
7-7	1426-1428	of	DATE[6]	*[6]	
7-8	1429-1437	February	DATE[6]	*[6]	
7-9	1437-1438	,	DATE[6]	*[6]	
7-10	1439-1443	2014	DATE[6]	*[6]	
7-11	1443-1444	.	_	_	

#Text=Signature
8-1	1446-1455	Signature	_	_	

#Text=Title
9-1	1459-1464	Title	_	_	

#Text=/s/ Christopher M. Connor
10-1	1468-1469	/	_	_	
10-2	1469-1470	s	_	_	
10-3	1470-1471	/	_	_	
10-4	1472-1483	Christopher	WITNESS[7]	*[7]	
10-5	1484-1485	M	WITNESS[7]	*[7]	
10-6	1485-1486	.	WITNESS[7]	*[7]	
10-7	1487-1493	Connor	WITNESS[7]	*[7]	

#Text=Chairman and Chief Executive Officer, Director (Principal Executive Officer)
11-1	1497-1505	Chairman	_	_	
11-2	1506-1509	and	_	_	
11-3	1510-1515	Chief	_	_	
11-4	1516-1525	Executive	_	_	
11-5	1526-1533	Officer	_	_	
11-6	1533-1534	,	_	_	
11-7	1535-1543	Director	_	_	
11-8	1544-1545	(	_	_	
11-9	1545-1554	Principal	_	_	
11-10	1555-1564	Executive	_	_	
11-11	1565-1572	Officer	_	_	
11-12	1572-1573	)	_	_	

#Text=Christopher M. Connor
12-1	1575-1586	Christopher	_	_	
12-2	1587-1588	M	_	_	
12-3	1588-1589	.	_	_	
12-4	1590-1596	Connor	_	_	

#Text=/s/ Sean P. Hennessy
13-1	1603-1604	/	_	_	
13-2	1604-1605	s	_	_	
13-3	1605-1606	/	_	_	
13-4	1607-1611	Sean	WITNESS[8]	*[8]	
13-5	1612-1613	P	WITNESS[8]	*[8]	
13-6	1613-1614	.	WITNESS[8]	*[8]	
13-7	1615-1623	Hennessy	WITNESS[8]	*[8]	

#Text=Senior Vice President - Finance and Chief Financial Officer (Principal Financial Officer)
14-1	1627-1633	Senior	_	_	
14-2	1634-1638	Vice	_	_	
14-3	1639-1648	President	_	_	
14-4	1649-1650	-	_	_	
14-5	1651-1658	Finance	_	_	
14-6	1659-1662	and	_	_	
14-7	1663-1668	Chief	_	_	
14-8	1669-1678	Financial	_	_	
14-9	1679-1686	Officer	_	_	
14-10	1687-1688	(	_	_	
14-11	1688-1697	Principal	_	_	
14-12	1698-1707	Financial	_	_	
14-13	1708-1715	Officer	_	_	
14-14	1715-1716	)	_	_	

#Text=Sean P. Hennessy
15-1	1718-1722	Sean	_	_	
15-2	1723-1724	P	_	_	
15-3	1724-1725	.	_	_	
15-4	1726-1734	Hennessy	_	_	

#Text=/s/ Allen J. Mistysyn
16-1	1740-1741	/	_	_	
16-2	1741-1742	s	_	_	
16-3	1742-1743	/	_	_	
16-4	1744-1749	Allen	WITNESS[9]	*[9]	
16-5	1750-1751	J	WITNESS[9]	*[9]	
16-6	1751-1752	.	WITNESS[9]	*[9]	
16-7	1753-1761	Mistysyn	WITNESS[9]	*[9]	

#Text=Vice President - Corporate Controller
17-1	1766-1770	Vice	_	_	
17-2	1771-1780	President	_	_	
17-3	1781-1782	-	_	_	
17-4	1783-1792	Corporate	_	_	
17-5	1793-1803	Controller	_	_	

#Text=(Principal Accounting Officer)
18-1	1805-1806	(	_	_	
18-2	1806-1815	Principal	_	_	
18-3	1816-1826	Accounting	_	_	
18-4	1827-1834	Officer	_	_	
18-5	1834-1835	)	_	_	

#Text=Allen J. Mistysyn
19-1	1837-1842	Allen	_	_	
19-2	1843-1844	J	_	_	
19-3	1844-1845	.	_	_	
19-4	1846-1854	Mistysyn	_	_	

#Text=/s/ Arthur F. Anton
20-1	1860-1861	/	_	_	
20-2	1861-1862	s	_	_	
20-3	1862-1863	/	_	_	
20-4	1864-1870	Arthur	WITNESS[10]	*[10]	
20-5	1871-1872	F	WITNESS[10]	*[10]	
20-6	1872-1873	.	WITNESS[10]	*[10]	
20-7	1874-1879	Anton	WITNESS[10]	*[10]	

#Text=Director
21-1	1884-1892	Director	_	_	

#Text=Arthur F. Anton
22-1	1894-1900	Arthur	_	_	
22-2	1901-1902	F	_	_	
22-3	1902-1903	.	_	_	
22-4	1904-1909	Anton	_	_	

#Text=/s/ David F. Hodnik
23-1	1915-1916	/	_	_	
23-2	1916-1917	s	_	_	
23-3	1917-1918	/	_	_	
23-4	1919-1924	David	WITNESS[11]	*[11]	
23-5	1925-1926	F	WITNESS[11]	*[11]	
23-6	1926-1927	.	WITNESS[11]	*[11]	
23-7	1928-1934	Hodnik	WITNESS[11]	*[11]	

#Text=Director
24-1	1938-1946	Director	_	_	

#Text=David F. Hodnik
25-1	1948-1953	David	_	_	
25-2	1954-1955	F	_	_	
25-3	1955-1956	.	_	_	
25-4	1957-1963	Hodnik	_	_	

#Text=/s/ Thomas G. Kadien
26-1	1969-1970	/	_	_	
26-2	1970-1971	s	_	_	
26-3	1971-1972	/	_	_	
26-4	1973-1979	Thomas	WITNESS[12]	*[12]	
26-5	1980-1981	G	WITNESS[12]	*[12]	
26-6	1981-1982	.	WITNESS[12]	*[12]	
26-7	1983-1989	Kadien	WITNESS[12]	*[12]	

#Text=Director
27-1	1993-2001	Director	_	_	

#Text=Thomas G. Kadien
28-1	2003-2009	Thomas	_	_	
28-2	2010-2011	G	_	_	
28-3	2011-2012	.	_	_	
28-4	2013-2019	Kadien	_	_	

#Text=/s/ Richard J. Kramer
29-1	2025-2026	/	_	_	
29-2	2026-2027	s	_	_	
29-3	2027-2028	/	_	_	
29-4	2029-2036	Richard	WITNESS[13]	*[13]	
29-5	2037-2038	J	WITNESS[13]	*[13]	
29-6	2038-2039	.	WITNESS[13]	*[13]	
29-7	2040-2046	Kramer	WITNESS[13]	*[13]	

#Text=Director
30-1	2050-2058	Director	_	_	

#Text=Richard J. Kramer
31-1	2060-2067	Richard	_	_	
31-2	2068-2069	J	_	_	
31-3	2069-2070	.	_	_	
31-4	2071-2077	Kramer	_	_	

#Text=/s/ Susan J. Kropf
32-1	2083-2084	/	_	_	
32-2	2084-2085	s	_	_	
32-3	2085-2086	/	_	_	
32-4	2087-2092	Susan	WITNESS[14]	*[14]	
32-5	2093-2094	J	WITNESS[14]	*[14]	
32-6	2094-2095	.	WITNESS[14]	*[14]	
32-7	2096-2101	Kropf	WITNESS[14]	*[14]	

#Text=Director
33-1	2105-2113	Director	_	_	

#Text=Susan J. Kropf
34-1	2115-2120	Susan	_	_	
34-2	2121-2122	J	_	_	
34-3	2122-2123	.	_	_	
34-4	2124-2129	Kropf	_	_	

#Text=/s/ Richard K. Smucker
35-1	2134-2135	/	_	_	
35-2	2135-2136	s	_	_	
35-3	2136-2137	/	_	_	
35-4	2138-2145	Richard	WITNESS[15]	*[15]	
35-5	2146-2147	K	WITNESS[15]	*[15]	
35-6	2147-2148	.	WITNESS[15]	*[15]	
35-7	2149-2156	Smucker	WITNESS[15]	*[15]	

#Text=Director
36-1	2158-2166	Director	_	_	

#Text=Richard K. Smucker
37-1	2168-2175	Richard	_	_	
37-2	2176-2177	K	_	_	
37-3	2177-2178	.	_	_	
37-4	2179-2186	Smucker	_	_	

#Text=/s/ John M. Stropki
38-1	2191-2192	/	_	_	
38-2	2192-2193	s	_	_	
38-3	2193-2194	/	_	_	
38-4	2195-2199	John	WITNESS[16]	*[16]	
38-5	2200-2201	M	WITNESS[16]	*[16]	
38-6	2201-2202	.	WITNESS[16]	*[16]	
38-7	2203-2210	Stropki	WITNESS[16]	*[16]	

#Text=Director
39-1	2214-2222	Director	_	_	

#Text=John M. Stropki
40-1	2224-2228	John	_	_	
40-2	2229-2230	M	_	_	
40-3	2230-2231	.	_	_	
40-4	2232-2239	Stropki	_	_	
