#FORMAT=WebAnno TSV 3.2
#T_SP=webanno.custom.AgreementEntities|Agreement|Employment


#Text=EX-24.B 10 shw-12312013xex24b.htm EXHIBIT 24B
1-1	0-2	EX	_	_	
1-2	2-3	-	_	_	
1-3	3-5	24	_	_	
1-4	5-6	.	_	_	
1-5	6-7	B	_	_	
1-6	8-10	10	_	_	
1-7	11-14	shw	_	_	
1-8	14-15	-	_	_	
1-9	15-33	12312013xex24b.htm	_	_	
1-10	34-41	EXHIBIT	_	_	
1-11	42-45	24B	_	_	

#Text=EXHIBIT 24(b)
2-1	47-54	EXHIBIT	_	_	
2-2	55-57	24	_	_	
2-3	57-58	(	_	_	
2-4	58-59	b	_	_	
2-5	59-60	)	_	_	

#Text=CERTIFICATE
3-1	62-73	CERTIFICATE	_	_	

#Text=I, the undersigned, Secretary of The Sherwin-Williams Company (the “Company”), hereby certify that attached hereto is a true and complete copy of a resolution of the Board of Directors of the Company, duly adopted at a meeting held on February 19, 2014, and that such resolution is in full force and effect and has not been amended, modified, revoked or rescinded as of the date hereof.
4-1	77-78	I	_	_	
4-2	78-79	,	_	_	
4-3	80-83	the	_	_	
4-4	84-95	undersigned	_	_	
4-5	95-96	,	_	_	
4-6	97-106	Secretary	_	_	
4-7	107-109	of	_	_	
4-8	110-113	The	COMP[1]	*[1]	
4-9	114-130	Sherwin-Williams	COMP[1]	*[1]	
4-10	131-138	Company	COMP[1]	*[1]	
4-11	139-140	(	_	_	
4-12	140-143	the	_	_	
4-13	144-145	“	_	_	
4-14	145-152	Company	_	_	
4-15	152-153	”	_	_	
4-16	153-154	)	_	_	
4-17	154-155	,	_	_	
4-18	156-162	hereby	_	_	
4-19	163-170	certify	_	_	
4-20	171-175	that	_	_	
4-21	176-184	attached	_	_	
4-22	185-191	hereto	_	_	
4-23	192-194	is	_	_	
4-24	195-196	a	_	_	
4-25	197-201	true	_	_	
4-26	202-205	and	_	_	
4-27	206-214	complete	_	_	
4-28	215-219	copy	_	_	
4-29	220-222	of	_	_	
4-30	223-224	a	_	_	
4-31	225-235	resolution	_	_	
4-32	236-238	of	_	_	
4-33	239-242	the	_	_	
4-34	243-248	Board	_	_	
4-35	249-251	of	_	_	
4-36	252-261	Directors	_	_	
4-37	262-264	of	_	_	
4-38	265-268	the	_	_	
4-39	269-276	Company	_	_	
4-40	276-277	,	_	_	
4-41	278-282	duly	_	_	
4-42	283-290	adopted	_	_	
4-43	291-293	at	_	_	
4-44	294-295	a	_	_	
4-45	296-303	meeting	_	_	
4-46	304-308	held	_	_	
4-47	309-311	on	_	_	
4-48	312-320	February	_	_	
4-49	321-323	19	_	_	
4-50	323-324	,	_	_	
4-51	325-329	2014	_	_	
4-52	329-330	,	_	_	
4-53	331-334	and	_	_	
4-54	335-339	that	_	_	
4-55	340-344	such	_	_	
4-56	345-355	resolution	_	_	
4-57	356-358	is	_	_	
4-58	359-361	in	_	_	
4-59	362-366	full	_	_	
4-60	367-372	force	_	_	
4-61	373-376	and	_	_	
4-62	377-383	effect	_	_	
4-63	384-387	and	_	_	
4-64	388-391	has	_	_	
4-65	392-395	not	_	_	
4-66	396-400	been	_	_	
4-67	401-408	amended	_	_	
4-68	408-409	,	_	_	
4-69	410-418	modified	_	_	
4-70	418-419	,	_	_	
4-71	420-427	revoked	_	_	
4-72	428-430	or	_	_	
4-73	431-440	rescinded	_	_	
4-74	441-443	as	_	_	
4-75	444-446	of	_	_	
4-76	447-450	the	_	_	
4-77	451-455	date	_	_	
4-78	456-462	hereof	_	_	
4-79	462-463	.	_	_	

#Text=IN WITNESS WHEREOF, I have executed this certificate as of this 19th day of February, 2014.
5-1	467-469	IN	_	_	
5-2	470-477	WITNESS	_	_	
5-3	478-485	WHEREOF	_	_	
5-4	485-486	,	_	_	
5-5	487-488	I	_	_	
5-6	489-493	have	_	_	
5-7	494-502	executed	_	_	
5-8	503-507	this	_	_	
5-9	508-519	certificate	_	_	
5-10	520-522	as	_	_	
5-11	523-525	of	_	_	
5-12	526-530	this	_	_	
5-13	531-535	19th	DATE[2]	*[2]	
5-14	536-539	day	DATE[2]	*[2]	
5-15	540-542	of	DATE[2]	*[2]	
5-16	543-551	February	DATE[2]	*[2]	
5-17	551-552	,	DATE[2]	*[2]	
5-18	553-557	2014	DATE[2]	*[2]	
5-19	557-558	.	_	_	

#Text=/s/ Catherine M. Kilbane
6-1	560-561	/	_	_	
6-2	561-562	s	_	_	
6-3	562-563	/	_	_	
6-4	564-573	Catherine	WITNESS[3]	*[3]	
6-5	574-575	M	WITNESS[3]	*[3]	
6-6	575-576	.	WITNESS[3]	*[3]	
6-7	577-584	Kilbane	WITNESS[3]	*[3]	

#Text=Catherine M. Kilbane
7-1	602-611	Catherine	WITNESS[4]	*[4]	
7-2	612-613	M	WITNESS[4]	*[4]	
7-3	613-614	.	WITNESS[4]	*[4]	
7-4	615-622	Kilbane	WITNESS[4]	*[4]	

#Text=Secretary
8-1	624-633	Secretary	_	_	

#Text=RESOLVED, that the appropriate officers of the Company are each hereby authorized to execute and deliver a power of attorney appointing Christopher M. Connor, Sean P. Hennessy and Catherine M. Kilbane or any of them, with full power of substitution and resubstitution, to act as attorneys-in-fact for the Company and for such officers for the purpose of executing and filing with the Securities and Exchange Commission and any national securities exchange, on behalf of the Company, the Annual Report on Form 10-K for the fiscal year ended December 31, 2013 and any and all amendments, exhibits and other documents in connection therewith, and to take other action deemed necessary and appropriate to effect the filing of such Annual Report on Form 10-K and any and all such amendments, exhibits and other documents in connection therewith.
9-1	635-643	RESOLVED	_	_	
9-2	643-644	,	_	_	
9-3	645-649	that	_	_	
9-4	650-653	the	_	_	
9-5	654-665	appropriate	_	_	
9-6	666-674	officers	_	_	
9-7	675-677	of	_	_	
9-8	678-681	the	_	_	
9-9	682-689	Company	_	_	
9-10	690-693	are	_	_	
9-11	694-698	each	_	_	
9-12	699-705	hereby	_	_	
9-13	706-716	authorized	_	_	
9-14	717-719	to	_	_	
9-15	720-727	execute	_	_	
9-16	728-731	and	_	_	
9-17	732-739	deliver	_	_	
9-18	740-741	a	_	_	
9-19	742-747	power	_	_	
9-20	748-750	of	_	_	
9-21	751-759	attorney	_	_	
9-22	760-770	appointing	_	_	
9-23	771-782	Christopher	PER[5]	*[5]	
9-24	783-784	M	PER[5]	*[5]	
9-25	784-785	.	PER[5]	*[5]	
9-26	786-792	Connor	PER[5]	*[5]	
9-27	792-793	,	_	_	
9-28	794-798	Sean	PER[6]	*[6]	
9-29	799-800	P	PER[6]	*[6]	
9-30	800-801	.	PER[6]	*[6]	
9-31	802-810	Hennessy	PER[6]	*[6]	
9-32	811-814	and	_	_	
9-33	815-824	Catherine	PER[7]	*[7]	
9-34	825-826	M	PER[7]	*[7]	
9-35	826-827	.	PER[7]	*[7]	
9-36	828-835	Kilbane	PER[7]	*[7]	
9-37	836-838	or	_	_	
9-38	839-842	any	_	_	
9-39	843-845	of	_	_	
9-40	846-850	them	_	_	
9-41	850-851	,	_	_	
9-42	852-856	with	_	_	
9-43	857-861	full	_	_	
9-44	862-867	power	_	_	
9-45	868-870	of	_	_	
9-46	871-883	substitution	_	_	
9-47	884-887	and	_	_	
9-48	888-902	resubstitution	_	_	
9-49	902-903	,	_	_	
9-50	904-906	to	_	_	
9-51	907-910	act	_	_	
9-52	911-913	as	_	_	
9-53	914-931	attorneys-in-fact	_	_	
9-54	932-935	for	_	_	
9-55	936-939	the	_	_	
9-56	940-947	Company	_	_	
9-57	948-951	and	_	_	
9-58	952-955	for	_	_	
9-59	956-960	such	_	_	
9-60	961-969	officers	_	_	
9-61	970-973	for	_	_	
9-62	974-977	the	_	_	
9-63	978-985	purpose	_	_	
9-64	986-988	of	_	_	
9-65	989-998	executing	_	_	
9-66	999-1002	and	_	_	
9-67	1003-1009	filing	_	_	
9-68	1010-1014	with	_	_	
9-69	1015-1018	the	_	_	
9-70	1019-1029	Securities	_	_	
9-71	1030-1033	and	_	_	
9-72	1034-1042	Exchange	_	_	
9-73	1043-1053	Commission	_	_	
9-74	1054-1057	and	_	_	
9-75	1058-1061	any	_	_	
9-76	1062-1070	national	_	_	
9-77	1071-1081	securities	_	_	
9-78	1082-1090	exchange	_	_	
9-79	1090-1091	,	_	_	
9-80	1092-1094	on	_	_	
9-81	1095-1101	behalf	_	_	
9-82	1102-1104	of	_	_	
9-83	1105-1108	the	_	_	
9-84	1109-1116	Company	_	_	
9-85	1116-1117	,	_	_	
9-86	1118-1121	the	_	_	
9-87	1122-1128	Annual	_	_	
9-88	1129-1135	Report	_	_	
9-89	1136-1138	on	_	_	
9-90	1139-1143	Form	_	_	
9-91	1144-1146	10	_	_	
9-92	1146-1147	-	_	_	
9-93	1147-1148	K	_	_	
9-94	1149-1152	for	_	_	
9-95	1153-1156	the	_	_	
9-96	1157-1163	fiscal	_	_	
9-97	1164-1168	year	_	_	
9-98	1169-1174	ended	_	_	
9-99	1175-1183	December	_	_	
9-100	1184-1186	31	_	_	
9-101	1186-1187	,	_	_	
9-102	1188-1192	2013	_	_	
9-103	1193-1196	and	_	_	
9-104	1197-1200	any	_	_	
9-105	1201-1204	and	_	_	
9-106	1205-1208	all	_	_	
9-107	1209-1219	amendments	_	_	
9-108	1219-1220	,	_	_	
9-109	1221-1229	exhibits	_	_	
9-110	1230-1233	and	_	_	
9-111	1234-1239	other	_	_	
9-112	1240-1249	documents	_	_	
9-113	1250-1252	in	_	_	
9-114	1253-1263	connection	_	_	
9-115	1264-1273	therewith	_	_	
9-116	1273-1274	,	_	_	
9-117	1275-1278	and	_	_	
9-118	1279-1281	to	_	_	
9-119	1282-1286	take	_	_	
9-120	1287-1292	other	_	_	
9-121	1293-1299	action	_	_	
9-122	1300-1306	deemed	_	_	
9-123	1307-1316	necessary	_	_	
9-124	1317-1320	and	_	_	
9-125	1321-1332	appropriate	_	_	
9-126	1333-1335	to	_	_	
9-127	1336-1342	effect	_	_	
9-128	1343-1346	the	_	_	
9-129	1347-1353	filing	_	_	
9-130	1354-1356	of	_	_	
9-131	1357-1361	such	_	_	
9-132	1362-1368	Annual	_	_	
9-133	1369-1375	Report	_	_	
9-134	1376-1378	on	_	_	
9-135	1379-1383	Form	_	_	
9-136	1384-1386	10	_	_	
9-137	1386-1387	-	_	_	
9-138	1387-1388	K	_	_	
9-139	1389-1392	and	_	_	
9-140	1393-1396	any	_	_	
9-141	1397-1400	and	_	_	
9-142	1401-1404	all	_	_	
9-143	1405-1409	such	_	_	
9-144	1410-1420	amendments	_	_	
9-145	1420-1421	,	_	_	
9-146	1422-1430	exhibits	_	_	
9-147	1431-1434	and	_	_	
9-148	1435-1440	other	_	_	
9-149	1441-1450	documents	_	_	
9-150	1451-1453	in	_	_	
9-151	1454-1464	connection	_	_	
9-152	1465-1474	therewith	_	_	
9-153	1474-1475	.	_	_	
