#FORMAT=WebAnno TSV 3.2
#T_SP=webanno.custom.AgreementEntities|Agreement|Employment


#Text=EX-24 2 c584006_24x1.htm POWER OF ATTORNEY
1-1	0-2	EX	_	_	
1-2	2-3	-	_	_	
1-3	3-5	24	_	_	
1-4	6-7	2	_	_	
1-5	8-15	c584006	_	_	
1-6	15-16	_	_	_	
1-7	16-20	24x1	_	_	
1-8	20-21	.	_	_	
1-9	21-24	htm	_	_	
1-10	25-30	POWER	_	_	
1-11	31-33	OF	_	_	
1-12	34-42	ATTORNEY	_	_	

#Text=LIMITED POWER OF ATTORNEY FOR SECTION 16 REPORTING OBLIGATIONS
2-1	57-64	LIMITED	_	_	
2-2	65-70	POWER	_	_	
2-3	71-73	OF	_	_	
2-4	74-82	ATTORNEY	_	_	
2-5	83-86	FOR	_	_	
2-6	87-94	SECTION	_	_	
2-7	95-97	16	_	_	
2-8	98-107	REPORTING	_	_	
2-9	108-119	OBLIGATIONS	_	_	

#Text=Know all by these present that the undersigned hereby makes, constitutes
3-1	130-134	Know	_	_	
3-2	135-138	all	_	_	
3-3	139-141	by	_	_	
3-4	142-147	these	_	_	
3-5	148-155	present	_	_	
3-6	156-160	that	_	_	
3-7	161-164	the	_	_	
3-8	165-176	undersigned	_	_	
3-9	177-183	hereby	_	_	
3-10	184-189	makes	_	_	
3-11	189-190	,	_	_	
3-12	191-202	constitutes	_	_	

#Text=and appoints each of Samir Kaul, Tammy Tompkins and Kimberly Totah, signing
4-1	204-207	and	_	_	
4-2	208-216	appoints	_	_	
4-3	217-221	each	_	_	
4-4	222-224	of	_	_	
4-5	225-230	Samir	PER[1]	*[1]	
4-6	231-235	Kaul	PER[1]	*[1]	
4-7	235-236	,	_	_	
4-8	237-242	Tammy	PER[2]	*[2]	
4-9	243-251	Tompkins	PER[2]	*[2]	
4-10	252-255	and	_	_	
4-11	256-264	Kimberly	PER[3]	*[3]	
4-12	265-270	Totah	PER[3]	*[3]	
4-13	270-271	,	_	_	
4-14	272-279	signing	_	_	

#Text=singly and each acting individually, as the undersigned's true and lawful
5-1	281-287	singly	_	_	
5-2	288-291	and	_	_	
5-3	292-296	each	_	_	
5-4	297-303	acting	_	_	
5-5	304-316	individually	_	_	
5-6	316-317	,	_	_	
5-7	318-320	as	_	_	
5-8	321-324	the	_	_	
5-9	325-338	undersigned's	_	_	
5-10	339-343	true	_	_	
5-11	344-347	and	_	_	
5-12	348-354	lawful	_	_	

#Text=attorney-in-fact with full power and authority as hereinafter described to:
6-1	356-372	attorney-in-fact	_	_	
6-2	373-377	with	_	_	
6-3	378-382	full	_	_	
6-4	383-388	power	_	_	
6-5	389-392	and	_	_	
6-6	393-402	authority	_	_	
6-7	403-405	as	_	_	
6-8	406-417	hereinafter	_	_	
6-9	418-427	described	_	_	
6-10	428-430	to	_	_	
6-11	430-431	:	_	_	

#Text=(1)\tprepare, execute in the undersigned's name and on the undersigned's
7-1	442-443	(	_	_	
7-2	443-444	1	_	_	
7-3	444-445	)	_	_	
7-4	446-453	prepare	_	_	
7-5	453-454	,	_	_	
7-6	455-462	execute	_	_	
7-7	463-465	in	_	_	
7-8	466-469	the	_	_	
7-9	470-483	undersigned's	_	_	
7-10	484-488	name	_	_	
7-11	489-492	and	_	_	
7-12	493-495	on	_	_	
7-13	496-499	the	_	_	
7-14	500-513	undersigned's	_	_	

#Text=behalf, and submit to the U.S. Securities and Exchange Commission (the "SEC")
8-1	515-521	behalf	_	_	
8-2	521-522	,	_	_	
8-3	523-526	and	_	_	
8-4	527-533	submit	_	_	
8-5	534-536	to	_	_	
8-6	537-540	the	_	_	
8-7	541-544	U.S	_	_	
8-8	544-545	.	_	_	
8-9	546-556	Securities	_	_	
8-10	557-560	and	_	_	
8-11	561-569	Exchange	_	_	
8-12	570-580	Commission	_	_	
8-13	581-582	(	_	_	
8-14	582-585	the	_	_	
8-15	586-587	"	_	_	
8-16	587-590	SEC	_	_	
8-17	590-591	"	_	_	
8-18	591-592	)	_	_	

#Text=a Form ID, including amendments thereto, and any other application materials
9-1	594-595	a	_	_	
9-2	596-600	Form	_	_	
9-3	601-603	ID	_	_	
9-4	603-604	,	_	_	
9-5	605-614	including	_	_	
9-6	615-625	amendments	_	_	
9-7	626-633	thereto	_	_	
9-8	633-634	,	_	_	
9-9	635-638	and	_	_	
9-10	639-642	any	_	_	
9-11	643-648	other	_	_	
9-12	649-660	application	_	_	
9-13	661-670	materials	_	_	

#Text=necessary or appropriate to obtain codes and passwords enabling the undersigned
10-1	672-681	necessary	_	_	
10-2	682-684	or	_	_	
10-3	685-696	appropriate	_	_	
10-4	697-699	to	_	_	
10-5	700-706	obtain	_	_	
10-6	707-712	codes	_	_	
10-7	713-716	and	_	_	
10-8	717-726	passwords	_	_	
10-9	727-735	enabling	_	_	
10-10	736-739	the	_	_	
10-11	740-751	undersigned	_	_	

#Text=to gain or maintain access to the Electronic Data Gathering, Analysis and
11-1	753-755	to	_	_	
11-2	756-760	gain	_	_	
11-3	761-763	or	_	_	
11-4	764-772	maintain	_	_	
11-5	773-779	access	_	_	
11-6	780-782	to	_	_	
11-7	783-786	the	_	_	
11-8	787-797	Electronic	_	_	
11-9	798-802	Data	_	_	
11-10	803-812	Gathering	_	_	
11-11	812-813	,	_	_	
11-12	814-822	Analysis	_	_	
11-13	823-826	and	_	_	

#Text=Retrieval system of the SEC and make electronic filings with the SEC of reports
12-1	828-837	Retrieval	_	_	
12-2	838-844	system	_	_	
12-3	845-847	of	_	_	
12-4	848-851	the	_	_	
12-5	852-855	SEC	_	_	
12-6	856-859	and	_	_	
12-7	860-864	make	_	_	
12-8	865-875	electronic	_	_	
12-9	876-883	filings	_	_	
12-10	884-888	with	_	_	
12-11	889-892	the	_	_	
12-12	893-896	SEC	_	_	
12-13	897-899	of	_	_	
12-14	900-907	reports	_	_	

#Text=required by Section 16(a) of the Securities Exchange Act of 1934 (the "Exchange
13-1	909-917	required	_	_	
13-2	918-920	by	_	_	
13-3	921-928	Section	_	_	
13-4	929-931	16	_	_	
13-5	931-932	(	_	_	
13-6	932-933	a	_	_	
13-7	933-934	)	_	_	
13-8	935-937	of	_	_	
13-9	938-941	the	_	_	
13-10	942-952	Securities	_	_	
13-11	953-961	Exchange	_	_	
13-12	962-965	Act	_	_	
13-13	966-968	of	_	_	
13-14	969-973	1934	_	_	
13-15	974-975	(	_	_	
13-16	975-978	the	_	_	
13-17	979-980	"	_	_	
13-18	980-988	Exchange	_	_	

#Text=Act") or any rule or regulation of the SEC;
14-1	990-993	Act	_	_	
14-2	993-994	"	_	_	
14-3	994-995	)	_	_	
14-4	996-998	or	_	_	
14-5	999-1002	any	_	_	
14-6	1003-1007	rule	_	_	
14-7	1008-1010	or	_	_	
14-8	1011-1021	regulation	_	_	
14-9	1022-1024	of	_	_	
14-10	1025-1028	the	_	_	
14-11	1029-1032	SEC	_	_	
14-12	1032-1033	;	_	_	

#Text=(2) \texecute for and on behalf of the undersigned, in his own capacity
15-1	1044-1045	(	_	_	
15-2	1045-1046	2	_	_	
15-3	1046-1047	)	_	_	
15-4	1049-1056	execute	_	_	
15-5	1057-1060	for	_	_	
15-6	1061-1064	and	_	_	
15-7	1065-1067	on	_	_	
15-8	1068-1074	behalf	_	_	
15-9	1075-1077	of	_	_	
15-10	1078-1081	the	_	_	
15-11	1082-1093	undersigned	_	_	
15-12	1093-1094	,	_	_	
15-13	1095-1097	in	_	_	
15-14	1098-1101	his	_	_	
15-15	1102-1105	own	_	_	
15-16	1106-1114	capacity	_	_	

#Text=and in the undersigned's capacity as managing manager of VK Services, LLC,
16-1	1116-1119	and	_	_	
16-2	1120-1122	in	_	_	
16-3	1123-1126	the	_	_	
16-4	1127-1140	undersigned's	_	_	
16-5	1141-1149	capacity	_	_	
16-6	1150-1152	as	_	_	
16-7	1153-1161	managing	_	_	
16-8	1162-1169	manager	_	_	
16-9	1170-1172	of	_	_	
16-10	1173-1175	VK	_	_	
16-11	1176-1184	Services	_	_	
16-12	1184-1185	,	_	_	
16-13	1186-1189	LLC	_	_	
16-14	1189-1190	,	_	_	

#Text=Forms 3, 4, and 5 (including any amendments thereto) in accordance with Section
17-1	1192-1197	Forms	_	_	
17-2	1198-1199	3	_	_	
17-3	1199-1200	,	_	_	
17-4	1201-1202	4	_	_	
17-5	1202-1203	,	_	_	
17-6	1204-1207	and	_	_	
17-7	1208-1209	5	_	_	
17-8	1210-1211	(	_	_	
17-9	1211-1220	including	_	_	
17-10	1221-1224	any	_	_	
17-11	1225-1235	amendments	_	_	
17-12	1236-1243	thereto	_	_	
17-13	1243-1244	)	_	_	
17-14	1245-1247	in	_	_	
17-15	1248-1258	accordance	_	_	
17-16	1259-1263	with	_	_	
17-17	1264-1271	Section	_	_	

#Text=16(a) of the Exchange Act;
18-1	1273-1275	16	_	_	
18-2	1275-1276	(	_	_	
18-3	1276-1277	a	_	_	
18-4	1277-1278	)	_	_	
18-5	1279-1281	of	_	_	
18-6	1282-1285	the	_	_	
18-7	1286-1294	Exchange	_	_	
18-8	1295-1298	Act	_	_	
18-9	1298-1299	;	_	_	

#Text=(3)\tdo and perform any and all acts for and on behalf of the undersigned
19-1	1310-1311	(	_	_	
19-2	1311-1312	3	_	_	
19-3	1312-1313	)	_	_	
19-4	1314-1316	do	_	_	
19-5	1317-1320	and	_	_	
19-6	1321-1328	perform	_	_	
19-7	1329-1332	any	_	_	
19-8	1333-1336	and	_	_	
19-9	1337-1340	all	_	_	
19-10	1341-1345	acts	_	_	
19-11	1346-1349	for	_	_	
19-12	1350-1353	and	_	_	
19-13	1354-1356	on	_	_	
19-14	1357-1363	behalf	_	_	
19-15	1364-1366	of	_	_	
19-16	1367-1370	the	_	_	
19-17	1371-1382	undersigned	_	_	

#Text=which may be necessary or desirable to prepare, complete and execute any such
20-1	1384-1389	which	_	_	
20-2	1390-1393	may	_	_	
20-3	1394-1396	be	_	_	
20-4	1397-1406	necessary	_	_	
20-5	1407-1409	or	_	_	
20-6	1410-1419	desirable	_	_	
20-7	1420-1422	to	_	_	
20-8	1423-1430	prepare	_	_	
20-9	1430-1431	,	_	_	
20-10	1432-1440	complete	_	_	
20-11	1441-1444	and	_	_	
20-12	1445-1452	execute	_	_	
20-13	1453-1456	any	_	_	
20-14	1457-1461	such	_	_	

#Text=Form 3, 4, or 5, or other form or report, prepare, complete and execute any
21-1	1463-1467	Form	_	_	
21-2	1468-1469	3	_	_	
21-3	1469-1470	,	_	_	
21-4	1471-1472	4	_	_	
21-5	1472-1473	,	_	_	
21-6	1474-1476	or	_	_	
21-7	1477-1478	5	_	_	
21-8	1478-1479	,	_	_	
21-9	1480-1482	or	_	_	
21-10	1483-1488	other	_	_	
21-11	1489-1493	form	_	_	
21-12	1494-1496	or	_	_	
21-13	1497-1503	report	_	_	
21-14	1503-1504	,	_	_	
21-15	1505-1512	prepare	_	_	
21-16	1512-1513	,	_	_	
21-17	1514-1522	complete	_	_	
21-18	1523-1526	and	_	_	
21-19	1527-1534	execute	_	_	
21-20	1535-1538	any	_	_	

#Text=amendment or amendments thereto, and timely deliver and file such form or report
22-1	1540-1549	amendment	_	_	
22-2	1550-1552	or	_	_	
22-3	1553-1563	amendments	_	_	
22-4	1564-1571	thereto	_	_	
22-5	1571-1572	,	_	_	
22-6	1573-1576	and	_	_	
22-7	1577-1583	timely	_	_	
22-8	1584-1591	deliver	_	_	
22-9	1592-1595	and	_	_	
22-10	1596-1600	file	_	_	
22-11	1601-1605	such	_	_	
22-12	1606-1610	form	_	_	
22-13	1611-1613	or	_	_	
22-14	1614-1620	report	_	_	

#Text=with the SEC and any stock exchange or similar authority;
23-1	1622-1626	with	_	_	
23-2	1627-1630	the	_	_	
23-3	1631-1634	SEC	_	_	
23-4	1635-1638	and	_	_	
23-5	1639-1642	any	_	_	
23-6	1643-1648	stock	_	_	
23-7	1649-1657	exchange	_	_	
23-8	1658-1660	or	_	_	
23-9	1661-1668	similar	_	_	
23-10	1669-1678	authority	_	_	
23-11	1678-1679	;	_	_	

#Text=(4)\tseek or obtain, as the undersigned's representative and on the
24-1	1690-1691	(	_	_	
24-2	1691-1692	4	_	_	
24-3	1692-1693	)	_	_	
24-4	1694-1698	seek	_	_	
24-5	1699-1701	or	_	_	
24-6	1702-1708	obtain	_	_	
24-7	1708-1709	,	_	_	
24-8	1710-1712	as	_	_	
24-9	1713-1716	the	_	_	
24-10	1717-1730	undersigned's	_	_	
24-11	1731-1745	representative	_	_	
24-12	1746-1749	and	_	_	
24-13	1750-1752	on	_	_	
24-14	1753-1756	the	_	_	

#Text=undersigned's behalf, information regarding transactions in any of the
25-1	1758-1771	undersigned's	_	_	
25-2	1772-1778	behalf	_	_	
25-3	1778-1779	,	_	_	
25-4	1780-1791	information	_	_	
25-5	1792-1801	regarding	_	_	
25-6	1802-1814	transactions	_	_	
25-7	1815-1817	in	_	_	
25-8	1818-1821	any	_	_	
25-9	1822-1824	of	_	_	
25-10	1825-1828	the	_	_	

#Text=securities issued by entities in which any of Khosla Ventures I, L.P., Khosla
26-1	1830-1840	securities	_	_	
26-2	1841-1847	issued	_	_	
26-3	1848-1850	by	_	_	
26-4	1851-1859	entities	_	_	
26-5	1860-1862	in	_	_	
26-6	1863-1868	which	_	_	
26-7	1869-1872	any	_	_	
26-8	1873-1875	of	_	_	
26-9	1876-1882	Khosla	COMP[4]	*[4]	
26-10	1883-1891	Ventures	COMP[4]	*[4]	
26-11	1892-1893	I	COMP[4]	*[4]	
26-12	1893-1894	,	_	_	
26-13	1895-1898	L.P	_	_	
26-14	1898-1899	.	_	_	
26-15	1899-1900	,	_	_	
26-16	1901-1907	Khosla	_	_	

#Text=Ventures II, L.P., Khosla Ventures III, L.P., Khosla Ventures IV, L.P., Khosla
27-1	1909-1917	Ventures	_	_	
27-2	1918-1920	II	_	_	
27-3	1920-1921	,	_	_	
27-4	1922-1925	L.P	_	_	
27-5	1925-1926	.	_	_	
27-6	1926-1927	,	_	_	
27-7	1928-1934	Khosla	_	_	
27-8	1935-1943	Ventures	_	_	
27-9	1944-1947	III	_	_	
27-10	1947-1948	,	_	_	
27-11	1949-1952	L.P	_	_	
27-12	1952-1953	.	_	_	
27-13	1953-1954	,	_	_	
27-14	1955-1961	Khosla	_	_	
27-15	1962-1970	Ventures	_	_	
27-16	1971-1973	IV	_	_	
27-17	1973-1974	,	_	_	
27-18	1975-1978	L.P	_	_	
27-19	1978-1979	.	_	_	
27-20	1979-1980	,	_	_	
27-21	1981-1987	Khosla	_	_	

#Text=Ventures IV (CF), L.P., Khosla Ventures Seed, L.P., Khosla Ventures Seed Side
28-1	1989-1997	Ventures	_	_	
28-2	1998-2000	IV	_	_	
28-3	2001-2002	(	_	_	
28-4	2002-2004	CF	_	_	
28-5	2004-2005	)	_	_	
28-6	2005-2006	,	_	_	
28-7	2007-2010	L.P	_	_	
28-8	2010-2011	.	_	_	
28-9	2011-2012	,	_	_	
28-10	2013-2019	Khosla	_	_	
28-11	2020-2028	Ventures	_	_	
28-12	2029-2033	Seed	_	_	
28-13	2033-2034	,	_	_	
28-14	2035-2038	L.P	_	_	
28-15	2038-2039	.	_	_	
28-16	2039-2040	,	_	_	
28-17	2041-2047	Khosla	_	_	
28-18	2048-2056	Ventures	_	_	
28-19	2057-2061	Seed	_	_	
28-20	2062-2066	Side	_	_	

#Text=Fund, L.P., Khosla Ventures Seed B, L.P., or Khosla Ventures Seed B (CF), L.P.
29-1	2068-2072	Fund	_	_	
29-2	2072-2073	,	_	_	
29-3	2074-2077	L.P	_	_	
29-4	2077-2078	.	_	_	
29-5	2078-2079	,	_	_	
29-6	2080-2086	Khosla	_	_	
29-7	2087-2095	Ventures	_	_	
29-8	2096-2100	Seed	_	_	
29-9	2101-2102	B	_	_	
29-10	2102-2103	,	_	_	
29-11	2104-2107	L.P	_	_	
29-12	2107-2108	.	_	_	
29-13	2108-2109	,	_	_	
29-14	2110-2112	or	_	_	
29-15	2113-2119	Khosla	_	_	
29-16	2120-2128	Ventures	_	_	
29-17	2129-2133	Seed	_	_	
29-18	2134-2135	B	_	_	
29-19	2136-2137	(	_	_	
29-20	2137-2139	CF	_	_	
29-21	2139-2140	)	_	_	
29-22	2140-2141	,	_	_	
29-23	2142-2145	L.P	_	_	
29-24	2145-2146	.	_	_	

#Text=has made an investment (each and any of such entities, the "Khosla Portfolio
30-1	2148-2151	has	_	_	
30-2	2152-2156	made	_	_	
30-3	2157-2159	an	_	_	
30-4	2160-2170	investment	_	_	
30-5	2171-2172	(	_	_	
30-6	2172-2176	each	_	_	
30-7	2177-2180	and	_	_	
30-8	2181-2184	any	_	_	
30-9	2185-2187	of	_	_	
30-10	2188-2192	such	_	_	
30-11	2193-2201	entities	_	_	
30-12	2201-2202	,	_	_	
30-13	2203-2206	the	_	_	
30-14	2207-2208	"	_	_	
30-15	2208-2214	Khosla	_	_	
30-16	2215-2224	Portfolio	_	_	

#Text=Companies") from any third party, including brokers, employee benefit plan
31-1	2226-2235	Companies	_	_	
31-2	2235-2236	"	_	_	
31-3	2236-2237	)	_	_	
31-4	2238-2242	from	_	_	
31-5	2243-2246	any	_	_	
31-6	2247-2252	third	_	_	
31-7	2253-2258	party	_	_	
31-8	2258-2259	,	_	_	
31-9	2260-2269	including	_	_	
31-10	2270-2277	brokers	_	_	
31-11	2277-2278	,	_	_	
31-12	2279-2287	employee	_	_	
31-13	2288-2295	benefit	_	_	
31-14	2296-2300	plan	_	_	

#Text=administrators and trustees, and the undersigned hereby authorizes any such
32-1	2302-2316	administrators	_	_	
32-2	2317-2320	and	_	_	
32-3	2321-2329	trustees	_	_	
32-4	2329-2330	,	_	_	
32-5	2331-2334	and	_	_	
32-6	2335-2338	the	_	_	
32-7	2339-2350	undersigned	_	_	
32-8	2351-2357	hereby	_	_	
32-9	2358-2368	authorizes	_	_	
32-10	2369-2372	any	_	_	
32-11	2373-2377	such	_	_	

#Text=person to release any such information to such attorney-in-fact and approves and
33-1	2379-2385	person	_	_	
33-2	2386-2388	to	_	_	
33-3	2389-2396	release	_	_	
33-4	2397-2400	any	_	_	
33-5	2401-2405	such	_	_	
33-6	2406-2417	information	_	_	
33-7	2418-2420	to	_	_	
33-8	2421-2425	such	_	_	
33-9	2426-2442	attorney-in-fact	_	_	
33-10	2443-2446	and	_	_	
33-11	2447-2455	approves	_	_	
33-12	2456-2459	and	_	_	

#Text=ratifies any such release of information; and
34-1	2461-2469	ratifies	_	_	
34-2	2470-2473	any	_	_	
34-3	2474-2478	such	_	_	
34-4	2479-2486	release	_	_	
34-5	2487-2489	of	_	_	
34-6	2490-2501	information	_	_	
34-7	2501-2502	;	_	_	
34-8	2503-2506	and	_	_	

#Text=(5)\ttake any other action of any type whatsoever in connection with the
35-1	2517-2518	(	_	_	
35-2	2518-2519	5	_	_	
35-3	2519-2520	)	_	_	
35-4	2521-2525	take	_	_	
35-5	2526-2529	any	_	_	
35-6	2530-2535	other	_	_	
35-7	2536-2542	action	_	_	
35-8	2543-2545	of	_	_	
35-9	2546-2549	any	_	_	
35-10	2550-2554	type	_	_	
35-11	2555-2565	whatsoever	_	_	
35-12	2566-2568	in	_	_	
35-13	2569-2579	connection	_	_	
35-14	2580-2584	with	_	_	
35-15	2585-2588	the	_	_	

#Text=foregoing which, in the opinion of such attorney-in-fact, may be of benefit to,
36-1	2590-2599	foregoing	_	_	
36-2	2600-2605	which	_	_	
36-3	2605-2606	,	_	_	
36-4	2607-2609	in	_	_	
36-5	2610-2613	the	_	_	
36-6	2614-2621	opinion	_	_	
36-7	2622-2624	of	_	_	
36-8	2625-2629	such	_	_	
36-9	2630-2646	attorney-in-fact	_	_	
36-10	2646-2647	,	_	_	
36-11	2648-2651	may	_	_	
36-12	2652-2654	be	_	_	
36-13	2655-2657	of	_	_	
36-14	2658-2665	benefit	_	_	
36-15	2666-2668	to	_	_	
36-16	2668-2669	,	_	_	

#Text=in the best interest of, or legally required by, the undersigned, it being
37-1	2671-2673	in	_	_	
37-2	2674-2677	the	_	_	
37-3	2678-2682	best	_	_	
37-4	2683-2691	interest	_	_	
37-5	2692-2694	of	_	_	
37-6	2694-2695	,	_	_	
37-7	2696-2698	or	_	_	
37-8	2699-2706	legally	_	_	
37-9	2707-2715	required	_	_	
37-10	2716-2718	by	_	_	
37-11	2718-2719	,	_	_	
37-12	2720-2723	the	_	_	
37-13	2724-2735	undersigned	_	_	
37-14	2735-2736	,	_	_	
37-15	2737-2739	it	_	_	
37-16	2740-2745	being	_	_	

#Text=understood that the documents executed by such attorney-in-fact on behalf of
38-1	2747-2757	understood	_	_	
38-2	2758-2762	that	_	_	
38-3	2763-2766	the	_	_	
38-4	2767-2776	documents	_	_	
38-5	2777-2785	executed	_	_	
38-6	2786-2788	by	_	_	
38-7	2789-2793	such	_	_	
38-8	2794-2810	attorney-in-fact	_	_	
38-9	2811-2813	on	_	_	
38-10	2814-2820	behalf	_	_	
38-11	2821-2823	of	_	_	

#Text=the undersigned pursuant to this Power of Attorney shall be in such form and
39-1	2825-2828	the	_	_	
39-2	2829-2840	undersigned	_	_	
39-3	2841-2849	pursuant	_	_	
39-4	2850-2852	to	_	_	
39-5	2853-2857	this	_	_	
39-6	2858-2863	Power	_	_	
39-7	2864-2866	of	_	_	
39-8	2867-2875	Attorney	_	_	
39-9	2876-2881	shall	_	_	
39-10	2882-2884	be	_	_	
39-11	2885-2887	in	_	_	
39-12	2888-2892	such	_	_	
39-13	2893-2897	form	_	_	
39-14	2898-2901	and	_	_	

#Text=shall contain such terms and conditions as such attorney-in-fact may approve in
40-1	2903-2908	shall	_	_	
40-2	2909-2916	contain	_	_	
40-3	2917-2921	such	_	_	
40-4	2922-2927	terms	_	_	
40-5	2928-2931	and	_	_	
40-6	2932-2942	conditions	_	_	
40-7	2943-2945	as	_	_	
40-8	2946-2950	such	_	_	
40-9	2951-2967	attorney-in-fact	_	_	
40-10	2968-2971	may	_	_	
40-11	2972-2979	approve	_	_	
40-12	2980-2982	in	_	_	

#Text=such attorney-in-fact's discretion.
41-1	2984-2988	such	_	_	
41-2	2989-3007	attorney-in-fact's	_	_	
41-3	3008-3018	discretion	_	_	
41-4	3018-3019	.	_	_	

#Text=The undersigned hereby grants to each such attorney-in-fact full power
42-1	3030-3033	The	_	_	
42-2	3034-3045	undersigned	_	_	
42-3	3046-3052	hereby	_	_	
42-4	3053-3059	grants	_	_	
42-5	3060-3062	to	_	_	
42-6	3063-3067	each	_	_	
42-7	3068-3072	such	_	_	
42-8	3073-3089	attorney-in-fact	_	_	
42-9	3090-3094	full	_	_	
42-10	3095-3100	power	_	_	

#Text=and authority to do and perform any and every act and thing whatsoever
43-1	3102-3105	and	_	_	
43-2	3106-3115	authority	_	_	
43-3	3116-3118	to	_	_	
43-4	3119-3121	do	_	_	
43-5	3122-3125	and	_	_	
43-6	3126-3133	perform	_	_	
43-7	3134-3137	any	_	_	
43-8	3138-3141	and	_	_	
43-9	3142-3147	every	_	_	
43-10	3148-3151	act	_	_	
43-11	3152-3155	and	_	_	
43-12	3156-3161	thing	_	_	
43-13	3162-3172	whatsoever	_	_	

#Text=requisite, necessary, or proper to be done in the exercise of any of the rights
44-1	3174-3183	requisite	_	_	
44-2	3183-3184	,	_	_	
44-3	3185-3194	necessary	_	_	
44-4	3194-3195	,	_	_	
44-5	3196-3198	or	_	_	
44-6	3199-3205	proper	_	_	
44-7	3206-3208	to	_	_	
44-8	3209-3211	be	_	_	
44-9	3212-3216	done	_	_	
44-10	3217-3219	in	_	_	
44-11	3220-3223	the	_	_	
44-12	3224-3232	exercise	_	_	
44-13	3233-3235	of	_	_	
44-14	3236-3239	any	_	_	
44-15	3240-3242	of	_	_	
44-16	3243-3246	the	_	_	
44-17	3247-3253	rights	_	_	

#Text=and powers herein granted, as fully to all intents and purposes as the
45-1	3255-3258	and	_	_	
45-2	3259-3265	powers	_	_	
45-3	3266-3272	herein	_	_	
45-4	3273-3280	granted	_	_	
45-5	3280-3281	,	_	_	
45-6	3282-3284	as	_	_	
45-7	3285-3290	fully	_	_	
45-8	3291-3293	to	_	_	
45-9	3294-3297	all	_	_	
45-10	3298-3305	intents	_	_	
45-11	3306-3309	and	_	_	
45-12	3310-3318	purposes	_	_	
45-13	3319-3321	as	_	_	
45-14	3322-3325	the	_	_	

#Text=undersigned might or could do if personally present, with full power of
46-1	3327-3338	undersigned	_	_	
46-2	3339-3344	might	_	_	
46-3	3345-3347	or	_	_	
46-4	3348-3353	could	_	_	
46-5	3354-3356	do	_	_	
46-6	3357-3359	if	_	_	
46-7	3360-3370	personally	_	_	
46-8	3371-3378	present	_	_	
46-9	3378-3379	,	_	_	
46-10	3380-3384	with	_	_	
46-11	3385-3389	full	_	_	
46-12	3390-3395	power	_	_	
46-13	3396-3398	of	_	_	

#Text=substitution or revocation, hereby ratifying and confirming all that such
47-1	3400-3412	substitution	_	_	
47-2	3413-3415	or	_	_	
47-3	3416-3426	revocation	_	_	
47-4	3426-3427	,	_	_	
47-5	3428-3434	hereby	_	_	
47-6	3435-3444	ratifying	_	_	
47-7	3445-3448	and	_	_	
47-8	3449-3459	confirming	_	_	
47-9	3460-3463	all	_	_	
47-10	3464-3468	that	_	_	
47-11	3469-3473	such	_	_	

#Text=attorney-in-fact, or such attorney-in-fact's substitute or substitutes,
48-1	3475-3491	attorney-in-fact	_	_	
48-2	3491-3492	,	_	_	
48-3	3493-3495	or	_	_	
48-4	3496-3500	such	_	_	
48-5	3501-3519	attorney-in-fact's	_	_	
48-6	3520-3530	substitute	_	_	
48-7	3531-3533	or	_	_	
48-8	3534-3545	substitutes	_	_	
48-9	3545-3546	,	_	_	

#Text=shall lawfully do or cause to be done by virtue of this power of attorney and
49-1	3548-3553	shall	_	_	
49-2	3554-3562	lawfully	_	_	
49-3	3563-3565	do	_	_	
49-4	3566-3568	or	_	_	
49-5	3569-3574	cause	_	_	
49-6	3575-3577	to	_	_	
49-7	3578-3580	be	_	_	
49-8	3581-3585	done	_	_	
49-9	3586-3588	by	_	_	
49-10	3589-3595	virtue	_	_	
49-11	3596-3598	of	_	_	
49-12	3599-3603	this	_	_	
49-13	3604-3609	power	_	_	
49-14	3610-3612	of	_	_	
49-15	3613-3621	attorney	_	_	
49-16	3622-3625	and	_	_	

#Text=the rights and powers herein granted.  The undersigned acknowledges that the
50-1	3627-3630	the	_	_	
50-2	3631-3637	rights	_	_	
50-3	3638-3641	and	_	_	
50-4	3642-3648	powers	_	_	
50-5	3649-3655	herein	_	_	
50-6	3656-3663	granted	_	_	
50-7	3663-3664	.	_	_	
50-8	3666-3669	The	_	_	
50-9	3670-3681	undersigned	_	_	
50-10	3682-3694	acknowledges	_	_	
50-11	3695-3699	that	_	_	
50-12	3700-3703	the	_	_	

#Text=foregoing attorneys-in-fact, in serving in such capacity at the request of the
51-1	3705-3714	foregoing	_	_	
51-2	3715-3732	attorneys-in-fact	_	_	
51-3	3732-3733	,	_	_	
51-4	3734-3736	in	_	_	
51-5	3737-3744	serving	_	_	
51-6	3745-3747	in	_	_	
51-7	3748-3752	such	_	_	
51-8	3753-3761	capacity	_	_	
51-9	3762-3764	at	_	_	
51-10	3765-3768	the	_	_	
51-11	3769-3776	request	_	_	
51-12	3777-3779	of	_	_	
51-13	3780-3783	the	_	_	

#Text=undersigned, are not assuming or relieving, nor is VK Services, LLC assuming or
52-1	3785-3796	undersigned	_	_	
52-2	3796-3797	,	_	_	
52-3	3798-3801	are	_	_	
52-4	3802-3805	not	_	_	
52-5	3806-3814	assuming	_	_	
52-6	3815-3817	or	_	_	
52-7	3818-3827	relieving	_	_	
52-8	3827-3828	,	_	_	
52-9	3829-3832	nor	_	_	
52-10	3833-3835	is	_	_	
52-11	3836-3838	VK	_	_	
52-12	3839-3847	Services	_	_	
52-13	3847-3848	,	_	_	
52-14	3849-3852	LLC	_	_	
52-15	3853-3861	assuming	_	_	
52-16	3862-3864	or	_	_	

#Text=relieving, any of the undersigned's responsibilities to comply with Section 16
53-1	3866-3875	relieving	_	_	
53-2	3875-3876	,	_	_	
53-3	3877-3880	any	_	_	
53-4	3881-3883	of	_	_	
53-5	3884-3887	the	_	_	
53-6	3888-3901	undersigned's	_	_	
53-7	3902-3918	responsibilities	_	_	
53-8	3919-3921	to	_	_	
53-9	3922-3928	comply	_	_	
53-10	3929-3933	with	_	_	
53-11	3934-3941	Section	_	_	
53-12	3942-3944	16	_	_	

#Text=of the Exchange Act.  The undersigned acknowledges that neither VK Services, LLC
54-1	3946-3948	of	_	_	
54-2	3949-3952	the	_	_	
54-3	3953-3961	Exchange	_	_	
54-4	3962-3965	Act	_	_	
54-5	3965-3966	.	_	_	
54-6	3968-3971	The	_	_	
54-7	3972-3983	undersigned	_	_	
54-8	3984-3996	acknowledges	_	_	
54-9	3997-4001	that	_	_	
54-10	4002-4009	neither	_	_	
54-11	4010-4012	VK	_	_	
54-12	4013-4021	Services	_	_	
54-13	4021-4022	,	_	_	
54-14	4023-4026	LLC	_	_	

#Text=nor the foregoing attorneys-in-fact assumes (i) any liability for the
55-1	4028-4031	nor	_	_	
55-2	4032-4035	the	_	_	
55-3	4036-4045	foregoing	_	_	
55-4	4046-4063	attorneys-in-fact	_	_	
55-5	4064-4071	assumes	_	_	
55-6	4072-4073	(	_	_	
55-7	4073-4074	i	_	_	
55-8	4074-4075	)	_	_	
55-9	4076-4079	any	_	_	
55-10	4080-4089	liability	_	_	
55-11	4090-4093	for	_	_	
55-12	4094-4097	the	_	_	

#Text=undersigned's responsibility to comply with the requirements of the Exchange
56-1	4099-4112	undersigned's	_	_	
56-2	4113-4127	responsibility	_	_	
56-3	4128-4130	to	_	_	
56-4	4131-4137	comply	_	_	
56-5	4138-4142	with	_	_	
56-6	4143-4146	the	_	_	
56-7	4147-4159	requirements	_	_	
56-8	4160-4162	of	_	_	
56-9	4163-4166	the	_	_	
56-10	4167-4175	Exchange	_	_	

#Text=Act, (ii) any liability of the undersigned for any failure to comply with such
57-1	4177-4180	Act	_	_	
57-2	4180-4181	,	_	_	
57-3	4182-4183	(	_	_	
57-4	4183-4185	ii	_	_	
57-5	4185-4186	)	_	_	
57-6	4187-4190	any	_	_	
57-7	4191-4200	liability	_	_	
57-8	4201-4203	of	_	_	
57-9	4204-4207	the	_	_	
57-10	4208-4219	undersigned	_	_	
57-11	4220-4223	for	_	_	
57-12	4224-4227	any	_	_	
57-13	4228-4235	failure	_	_	
57-14	4236-4238	to	_	_	
57-15	4239-4245	comply	_	_	
57-16	4246-4250	with	_	_	
57-17	4251-4255	such	_	_	

#Text=requirements, or (iii) any obligation or liability of the undersigned for profit
58-1	4257-4269	requirements	_	_	
58-2	4269-4270	,	_	_	
58-3	4271-4273	or	_	_	
58-4	4274-4275	(	_	_	
58-5	4275-4278	iii	_	_	
58-6	4278-4279	)	_	_	
58-7	4280-4283	any	_	_	
58-8	4284-4294	obligation	_	_	
58-9	4295-4297	or	_	_	
58-10	4298-4307	liability	_	_	
58-11	4308-4310	of	_	_	
58-12	4311-4314	the	_	_	
58-13	4315-4326	undersigned	_	_	
58-14	4327-4330	for	_	_	
58-15	4331-4337	profit	_	_	

#Text=disgorgement under Section 16(b) of the Exchange Act.
59-1	4339-4351	disgorgement	_	_	
59-2	4352-4357	under	_	_	
59-3	4358-4365	Section	_	_	
59-4	4366-4368	16	_	_	
59-5	4368-4369	(	_	_	
59-6	4369-4370	b	_	_	
59-7	4370-4371	)	_	_	
59-8	4372-4374	of	_	_	
59-9	4375-4378	the	_	_	
59-10	4379-4387	Exchange	_	_	
59-11	4388-4391	Act	_	_	
59-12	4391-4392	.	_	_	

#Text=This Power of Attorney shall remain in full force and effect until the
60-1	4403-4407	This	_	_	
60-2	4408-4413	Power	_	_	
60-3	4414-4416	of	_	_	
60-4	4417-4425	Attorney	_	_	
60-5	4426-4431	shall	_	_	
60-6	4432-4438	remain	_	_	
60-7	4439-4441	in	_	_	
60-8	4442-4446	full	_	_	
60-9	4447-4452	force	_	_	
60-10	4453-4456	and	_	_	
60-11	4457-4463	effect	_	_	
60-12	4464-4469	until	_	_	
60-13	4470-4473	the	_	_	

#Text=undersigned is no longer required to file Forms 3, 4, or 5 with respect to the
61-1	4475-4486	undersigned	_	_	
61-2	4487-4489	is	_	_	
61-3	4490-4492	no	_	_	
61-4	4493-4499	longer	_	_	
61-5	4500-4508	required	_	_	
61-6	4509-4511	to	_	_	
61-7	4512-4516	file	_	_	
61-8	4517-4522	Forms	_	_	
61-9	4523-4524	3	_	_	
61-10	4524-4525	,	_	_	
61-11	4526-4527	4	_	_	
61-12	4527-4528	,	_	_	
61-13	4529-4531	or	_	_	
61-14	4532-4533	5	_	_	
61-15	4534-4538	with	_	_	
61-16	4539-4546	respect	_	_	
61-17	4547-4549	to	_	_	
61-18	4550-4553	the	_	_	

#Text=undersigned's holdings of and transactions in securities issued by any of the
62-1	4555-4568	undersigned's	_	_	
62-2	4569-4577	holdings	_	_	
62-3	4578-4580	of	_	_	
62-4	4581-4584	and	_	_	
62-5	4585-4597	transactions	_	_	
62-6	4598-4600	in	_	_	
62-7	4601-4611	securities	_	_	
62-8	4612-4618	issued	_	_	
62-9	4619-4621	by	_	_	
62-10	4622-4625	any	_	_	
62-11	4626-4628	of	_	_	
62-12	4629-4632	the	_	_	

#Text=Khosla Portfolio Companies, unless earlier revoked by the undersigned in a
63-1	4634-4640	Khosla	COMP[5]	*[5]	
63-2	4641-4650	Portfolio	COMP[5]	*[5]	
63-3	4651-4660	Companies	COMP[5]	*[5]	
63-4	4660-4661	,	_	_	
63-5	4662-4668	unless	_	_	
63-6	4669-4676	earlier	_	_	
63-7	4677-4684	revoked	_	_	
63-8	4685-4687	by	_	_	
63-9	4688-4691	the	_	_	
63-10	4692-4703	undersigned	_	_	
63-11	4704-4706	in	_	_	
63-12	4707-4708	a	_	_	

#Text=signed writing delivered to the foregoing attorneys-in-fact.
64-1	4710-4716	signed	_	_	
64-2	4717-4724	writing	_	_	
64-3	4725-4734	delivered	_	_	
64-4	4735-4737	to	_	_	
64-5	4738-4741	the	_	_	
64-6	4742-4751	foregoing	_	_	
64-7	4752-4769	attorneys-in-fact	_	_	
64-8	4769-4770	.	_	_	

#Text=IN WITNESS WHEREOF, the undersigned has caused this Power of Attorney to
65-1	4780-4782	IN	_	_	
65-2	4783-4790	WITNESS	_	_	
65-3	4791-4798	WHEREOF	_	_	
65-4	4798-4799	,	_	_	
65-5	4800-4803	the	_	_	
65-6	4804-4815	undersigned	_	_	
65-7	4816-4819	has	_	_	
65-8	4820-4826	caused	_	_	
65-9	4827-4831	this	_	_	
65-10	4832-4837	Power	_	_	
65-11	4838-4840	of	_	_	
65-12	4841-4849	Attorney	_	_	
65-13	4850-4852	to	_	_	

#Text=be executed as of this 6th day of August, 2013.
66-1	4854-4856	be	_	_	
66-2	4857-4865	executed	_	_	
66-3	4866-4868	as	_	_	
66-4	4869-4871	of	_	_	
66-5	4872-4876	this	_	_	
66-6	4877-4880	6th	DATE[6]	*[6]	
66-7	4881-4884	day	DATE[6]	*[6]	
66-8	4885-4887	of	DATE[6]	*[6]	
66-9	4888-4894	August	DATE[6]	*[6]	
66-10	4894-4895	,	DATE[6]	*[6]	
66-11	4896-4900	2013	DATE[6]	*[6]	
66-12	4900-4901	.	_	_	

#Text=/s/ Vinod Khosla
67-1	4949-4950	/	_	_	
67-2	4950-4951	s	_	_	
67-3	4951-4952	/	_	_	
67-4	4953-4958	Vinod	WITNESS[7]	*[7]	
67-5	4959-4965	Khosla	WITNESS[7]	*[7]	

#Text=------------------------
68-1	5009-5010	-	_	_	
68-2	5010-5011	-	_	_	
68-3	5011-5012	-	_	_	
68-4	5012-5013	-	_	_	
68-5	5013-5014	-	_	_	
68-6	5014-5015	-	_	_	
68-7	5015-5016	-	_	_	
68-8	5016-5017	-	_	_	
68-9	5017-5018	-	_	_	
68-10	5018-5019	-	_	_	
68-11	5019-5020	-	_	_	
68-12	5020-5021	-	_	_	
68-13	5021-5022	-	_	_	
68-14	5022-5023	-	_	_	
68-15	5023-5024	-	_	_	
68-16	5024-5025	-	_	_	
68-17	5025-5026	-	_	_	
68-18	5026-5027	-	_	_	
68-19	5027-5028	-	_	_	
68-20	5028-5029	-	_	_	
68-21	5029-5030	-	_	_	
68-22	5030-5031	-	_	_	
68-23	5031-5032	-	_	_	
68-24	5032-5033	-	_	_	

#Text=Signature
69-1	5077-5086	Signature	_	_	

#Text=Vinod Khosla
70-1	5132-5137	Vinod	WITNESS[8]	*[8]	
70-2	5138-5144	Khosla	WITNESS[8]	*[8]	

#Text=------------------------
71-1	5188-5189	-	_	_	
71-2	5189-5190	-	_	_	
71-3	5190-5191	-	_	_	
71-4	5191-5192	-	_	_	
71-5	5192-5193	-	_	_	
71-6	5193-5194	-	_	_	
71-7	5194-5195	-	_	_	
71-8	5195-5196	-	_	_	
71-9	5196-5197	-	_	_	
71-10	5197-5198	-	_	_	
71-11	5198-5199	-	_	_	
71-12	5199-5200	-	_	_	
71-13	5200-5201	-	_	_	
71-14	5201-5202	-	_	_	
71-15	5202-5203	-	_	_	
71-16	5203-5204	-	_	_	
71-17	5204-5205	-	_	_	
71-18	5205-5206	-	_	_	
71-19	5206-5207	-	_	_	
71-20	5207-5208	-	_	_	
71-21	5208-5209	-	_	_	
71-22	5209-5210	-	_	_	
71-23	5210-5211	-	_	_	
71-24	5211-5212	-	_	_	

#Text=Print Name
72-1	5256-5261	Print	_	_	
72-2	5262-5266	Name	_	_	
