#FORMAT=WebAnno TSV 3.2
#T_SP=webanno.custom.AgreementEntities|Agreement|Employment


#Text=EX-24 21 f12312017exhibit24.htm EXHIBIT 24
1-1	0-2	EX	_	_	
1-2	2-3	-	_	_	
1-3	3-5	24	_	_	
1-4	6-8	21	_	_	
1-5	9-27	f12312017exhibit24	_	_	
1-6	27-28	.	_	_	
1-7	28-31	htm	_	_	
1-8	32-39	EXHIBIT	_	_	
1-9	40-42	24	_	_	

#Text=Exhibit 24
2-1	44-51	Exhibit	_	_	
2-2	52-54	24	_	_	

#Text=FORD MOTOR COMPANY
3-1	56-60	FORD	COMP[1]	*[1]	
3-2	61-66	MOTOR	COMP[1]	*[1]	
3-3	67-74	COMPANY	COMP[1]	*[1]	

#Text=Certificate of Secretary
4-1	76-87	Certificate	_	_	
4-2	88-90	of	_	_	
4-3	91-100	Secretary	_	_	

#Text=The undersigned, Jonathan E. Osgood, Secretary of Ford Motor Company, a Delaware corporation (the “Company”), DOES HEREBY CERTIFY that the following resolutions were adopted at a meeting of the Board of Directors of the Company duly called and held on February 7, 2018 and that the same are in full force and effect:
5-1	102-105	The	_	_	
5-2	106-117	undersigned	_	_	
5-3	117-118	,	_	_	
5-4	119-127	Jonathan	PER[2]	*[2]	
5-5	128-129	E	PER[2]	*[2]	
5-6	129-130	.	PER[2]	*[2]	
5-7	131-137	Osgood	PER[2]	*[2]	
5-8	137-138	,	_	_	
5-9	139-148	Secretary	_	_	
5-10	149-151	of	_	_	
5-11	152-156	Ford	_	_	
5-12	157-162	Motor	_	_	
5-13	163-170	Company	_	_	
5-14	170-171	,	_	_	
5-15	172-173	a	_	_	
5-16	174-182	Delaware	_	_	
5-17	183-194	corporation	_	_	
5-18	195-196	(	_	_	
5-19	196-199	the	_	_	
5-20	200-201	“	_	_	
5-21	201-208	Company	_	_	
5-22	208-209	”	_	_	
5-23	209-210	)	_	_	
5-24	210-211	,	_	_	
5-25	212-216	DOES	_	_	
5-26	217-223	HEREBY	_	_	
5-27	224-231	CERTIFY	_	_	
5-28	232-236	that	_	_	
5-29	237-240	the	_	_	
5-30	241-250	following	_	_	
5-31	251-262	resolutions	_	_	
5-32	263-267	were	_	_	
5-33	268-275	adopted	_	_	
5-34	276-278	at	_	_	
5-35	279-280	a	_	_	
5-36	281-288	meeting	_	_	
5-37	289-291	of	_	_	
5-38	292-295	the	_	_	
5-39	296-301	Board	_	_	
5-40	302-304	of	_	_	
5-41	305-314	Directors	_	_	
5-42	315-317	of	_	_	
5-43	318-321	the	_	_	
5-44	322-329	Company	_	_	
5-45	330-334	duly	_	_	
5-46	335-341	called	_	_	
5-47	342-345	and	_	_	
5-48	346-350	held	_	_	
5-49	351-353	on	_	_	
5-50	354-362	February	_	_	
5-51	363-364	7	_	_	
5-52	364-365	,	_	_	
5-53	366-370	2018	_	_	
5-54	371-374	and	_	_	
5-55	375-379	that	_	_	
5-56	380-383	the	_	_	
5-57	384-388	same	_	_	
5-58	389-392	are	_	_	
5-59	393-395	in	_	_	
5-60	396-400	full	_	_	
5-61	401-406	force	_	_	
5-62	407-410	and	_	_	
5-63	411-417	effect	_	_	
5-64	417-418	:	_	_	

#Text=WHEREAS, pursuant to Sections 302 and 906 of the Sarbanes-Oxley Act of 2002, James P. Hackett, President and Chief Executive Officer of the Company, and Bob Shanks, Executive Vice President and Chief Financial Officer of the Company, each will execute certifications with respect to the Company’s Annual Report on Form 10-K for the year ended December 31, 2017 (“Form 10-K Report”), which certifications are to be set forth in the Form 10-K Report; and
6-1	422-429	WHEREAS	_	_	
6-2	429-430	,	_	_	
6-3	431-439	pursuant	_	_	
6-4	440-442	to	_	_	
6-5	443-451	Sections	_	_	
6-6	452-455	302	_	_	
6-7	456-459	and	_	_	
6-8	460-463	906	_	_	
6-9	464-466	of	_	_	
6-10	467-470	the	_	_	
6-11	471-485	Sarbanes-Oxley	_	_	
6-12	486-489	Act	_	_	
6-13	490-492	of	_	_	
6-14	493-497	2002	_	_	
6-15	497-498	,	_	_	
6-16	499-504	James	_	_	
6-17	505-506	P	_	_	
6-18	506-507	.	_	_	
6-19	508-515	Hackett	_	_	
6-20	515-516	,	_	_	
6-21	517-526	President	_	_	
6-22	527-530	and	_	_	
6-23	531-536	Chief	_	_	
6-24	537-546	Executive	_	_	
6-25	547-554	Officer	_	_	
6-26	555-557	of	_	_	
6-27	558-561	the	_	_	
6-28	562-569	Company	_	_	
6-29	569-570	,	_	_	
6-30	571-574	and	_	_	
6-31	575-578	Bob	_	_	
6-32	579-585	Shanks	_	_	
6-33	585-586	,	_	_	
6-34	587-596	Executive	_	_	
6-35	597-601	Vice	_	_	
6-36	602-611	President	_	_	
6-37	612-615	and	_	_	
6-38	616-621	Chief	_	_	
6-39	622-631	Financial	_	_	
6-40	632-639	Officer	_	_	
6-41	640-642	of	_	_	
6-42	643-646	the	_	_	
6-43	647-654	Company	_	_	
6-44	654-655	,	_	_	
6-45	656-660	each	_	_	
6-46	661-665	will	_	_	
6-47	666-673	execute	_	_	
6-48	674-688	certifications	_	_	
6-49	689-693	with	_	_	
6-50	694-701	respect	_	_	
6-51	702-704	to	_	_	
6-52	705-708	the	_	_	
6-53	709-716	Company	_	_	
6-54	716-717	’	_	_	
6-55	717-718	s	_	_	
6-56	719-725	Annual	_	_	
6-57	726-732	Report	_	_	
6-58	733-735	on	_	_	
6-59	736-740	Form	_	_	
6-60	741-743	10	_	_	
6-61	743-744	-	_	_	
6-62	744-745	K	_	_	
6-63	746-749	for	_	_	
6-64	750-753	the	_	_	
6-65	754-758	year	_	_	
6-66	759-764	ended	_	_	
6-67	765-773	December	_	_	
6-68	774-776	31	_	_	
6-69	776-777	,	_	_	
6-70	778-782	2017	_	_	
6-71	783-784	(	_	_	
6-72	784-785	“	_	_	
6-73	785-789	Form	_	_	
6-74	790-792	10	_	_	
6-75	792-793	-	_	_	
6-76	793-794	K	_	_	
6-77	795-801	Report	_	_	
6-78	801-802	”	_	_	
6-79	802-803	)	_	_	
6-80	803-804	,	_	_	
6-81	805-810	which	_	_	
6-82	811-825	certifications	_	_	
6-83	826-829	are	_	_	
6-84	830-832	to	_	_	
6-85	833-835	be	_	_	
6-86	836-839	set	_	_	
6-87	840-845	forth	_	_	
6-88	846-848	in	_	_	
6-89	849-852	the	_	_	
6-90	853-857	Form	_	_	
6-91	858-860	10	_	_	
6-92	860-861	-	_	_	
6-93	861-862	K	_	_	
6-94	863-869	Report	_	_	
6-95	869-870	;	_	_	
6-96	871-874	and	_	_	

#Text=WHEREAS, such certifications are made, in part, on reliance of the assurances given by the Company’s Disclosure Committee, co-chaired by Bradley M. Gayton, Group Vice President, Chief Administrative Officer and General Counsel of the Company, and John T. Lawler, Vice President and Controller & Chief Financial Officer, Global Markets, of the Company, which committee oversees the preparation of the Company’s annual and quarterly reports.
7-1	878-885	WHEREAS	_	_	
7-2	885-886	,	_	_	
7-3	887-891	such	_	_	
7-4	892-906	certifications	_	_	
7-5	907-910	are	_	_	
7-6	911-915	made	_	_	
7-7	915-916	,	_	_	
7-8	917-919	in	_	_	
7-9	920-924	part	_	_	
7-10	924-925	,	_	_	
7-11	926-928	on	_	_	
7-12	929-937	reliance	_	_	
7-13	938-940	of	_	_	
7-14	941-944	the	_	_	
7-15	945-955	assurances	_	_	
7-16	956-961	given	_	_	
7-17	962-964	by	_	_	
7-18	965-968	the	_	_	
7-19	969-976	Company	_	_	
7-20	976-977	’	_	_	
7-21	977-978	s	_	_	
7-22	979-989	Disclosure	_	_	
7-23	990-999	Committee	_	_	
7-24	999-1000	,	_	_	
7-25	1001-1011	co-chaired	_	_	
7-26	1012-1014	by	_	_	
7-27	1015-1022	Bradley	_	_	
7-28	1023-1024	M	_	_	
7-29	1024-1025	.	_	_	
7-30	1026-1032	Gayton	_	_	
7-31	1032-1033	,	_	_	
7-32	1034-1039	Group	_	_	
7-33	1040-1044	Vice	_	_	
7-34	1045-1054	President	_	_	
7-35	1054-1055	,	_	_	
7-36	1056-1061	Chief	_	_	
7-37	1062-1076	Administrative	_	_	
7-38	1077-1084	Officer	_	_	
7-39	1085-1088	and	_	_	
7-40	1089-1096	General	_	_	
7-41	1097-1104	Counsel	_	_	
7-42	1105-1107	of	_	_	
7-43	1108-1111	the	_	_	
7-44	1112-1119	Company	_	_	
7-45	1119-1120	,	_	_	
7-46	1121-1124	and	_	_	
7-47	1125-1129	John	_	_	
7-48	1130-1131	T	_	_	
7-49	1131-1132	.	_	_	
7-50	1133-1139	Lawler	_	_	
7-51	1139-1140	,	_	_	
7-52	1141-1145	Vice	_	_	
7-53	1146-1155	President	_	_	
7-54	1156-1159	and	_	_	
7-55	1160-1170	Controller	_	_	
7-56	1171-1172	&	_	_	
7-57	1173-1178	Chief	_	_	
7-58	1179-1188	Financial	_	_	
7-59	1189-1196	Officer	_	_	
7-60	1196-1197	,	_	_	
7-61	1198-1204	Global	_	_	
7-62	1205-1212	Markets	_	_	
7-63	1212-1213	,	_	_	
7-64	1214-1216	of	_	_	
7-65	1217-1220	the	_	_	
7-66	1221-1228	Company	_	_	
7-67	1228-1229	,	_	_	
7-68	1230-1235	which	_	_	
7-69	1236-1245	committee	_	_	
7-70	1246-1254	oversees	_	_	
7-71	1255-1258	the	_	_	
7-72	1259-1270	preparation	_	_	
7-73	1271-1273	of	_	_	
7-74	1274-1277	the	_	_	
7-75	1278-1285	Company	_	_	
7-76	1285-1286	’	_	_	
7-77	1286-1287	s	_	_	
7-78	1288-1294	annual	_	_	
7-79	1295-1298	and	_	_	
7-80	1299-1308	quarterly	_	_	
7-81	1309-1316	reports	_	_	
7-82	1316-1317	.	_	_	

#Text=NOW, THEREFORE, BE IT:
8-1	1321-1324	NOW	_	_	
8-2	1324-1325	,	_	_	
8-3	1326-1335	THEREFORE	_	_	
8-4	1335-1336	,	_	_	
8-5	1337-1339	BE	_	_	
8-6	1340-1342	IT	_	_	
8-7	1342-1343	:	_	_	

#Text=RESOLVED, That the draft Form 10-K Report presented to this meeting to be filed with the Securities and Exchange Commission (the “Commission”) under the Securities Exchange Act of 1934, as amended, be and hereby is in all respects authorized and approved; that the directors and appropriate officers of the Company, and each of them, be and hereby are authorized to sign and execute in their own behalf, or in the name and on behalf of the Company, or both, as the case may be, the Form 10-K Report, and any and all amendments thereto, with such changes therein as such directors or officers may deem necessary, appropriate or desirable, as conclusively evidenced by their execution thereof; and that the appropriate officers of the Company, and each of them, be and hereby are authorized to cause the Form 10-K Report and any such amendments, so executed, to be filed with the Commission.
9-1	1347-1355	RESOLVED	_	_	
9-2	1355-1356	,	_	_	
9-3	1357-1361	That	_	_	
9-4	1362-1365	the	_	_	
9-5	1366-1371	draft	_	_	
9-6	1372-1376	Form	_	_	
9-7	1377-1379	10	_	_	
9-8	1379-1380	-	_	_	
9-9	1380-1381	K	_	_	
9-10	1382-1388	Report	_	_	
9-11	1389-1398	presented	_	_	
9-12	1399-1401	to	_	_	
9-13	1402-1406	this	_	_	
9-14	1407-1414	meeting	_	_	
9-15	1415-1417	to	_	_	
9-16	1418-1420	be	_	_	
9-17	1421-1426	filed	_	_	
9-18	1427-1431	with	_	_	
9-19	1432-1435	the	_	_	
9-20	1436-1446	Securities	_	_	
9-21	1447-1450	and	_	_	
9-22	1451-1459	Exchange	_	_	
9-23	1460-1470	Commission	_	_	
9-24	1471-1472	(	_	_	
9-25	1472-1475	the	_	_	
9-26	1476-1477	“	_	_	
9-27	1477-1487	Commission	_	_	
9-28	1487-1488	”	_	_	
9-29	1488-1489	)	_	_	
9-30	1490-1495	under	_	_	
9-31	1496-1499	the	_	_	
9-32	1500-1510	Securities	_	_	
9-33	1511-1519	Exchange	_	_	
9-34	1520-1523	Act	_	_	
9-35	1524-1526	of	_	_	
9-36	1527-1531	1934	_	_	
9-37	1531-1532	,	_	_	
9-38	1533-1535	as	_	_	
9-39	1536-1543	amended	_	_	
9-40	1543-1544	,	_	_	
9-41	1545-1547	be	_	_	
9-42	1548-1551	and	_	_	
9-43	1552-1558	hereby	_	_	
9-44	1559-1561	is	_	_	
9-45	1562-1564	in	_	_	
9-46	1565-1568	all	_	_	
9-47	1569-1577	respects	_	_	
9-48	1578-1588	authorized	_	_	
9-49	1589-1592	and	_	_	
9-50	1593-1601	approved	_	_	
9-51	1601-1602	;	_	_	
9-52	1603-1607	that	_	_	
9-53	1608-1611	the	_	_	
9-54	1612-1621	directors	_	_	
9-55	1622-1625	and	_	_	
9-56	1626-1637	appropriate	_	_	
9-57	1638-1646	officers	_	_	
9-58	1647-1649	of	_	_	
9-59	1650-1653	the	_	_	
9-60	1654-1661	Company	_	_	
9-61	1661-1662	,	_	_	
9-62	1663-1666	and	_	_	
9-63	1667-1671	each	_	_	
9-64	1672-1674	of	_	_	
9-65	1675-1679	them	_	_	
9-66	1679-1680	,	_	_	
9-67	1681-1683	be	_	_	
9-68	1684-1687	and	_	_	
9-69	1688-1694	hereby	_	_	
9-70	1695-1698	are	_	_	
9-71	1699-1709	authorized	_	_	
9-72	1710-1712	to	_	_	
9-73	1713-1717	sign	_	_	
9-74	1718-1721	and	_	_	
9-75	1722-1729	execute	_	_	
9-76	1730-1732	in	_	_	
9-77	1733-1738	their	_	_	
9-78	1739-1742	own	_	_	
9-79	1743-1749	behalf	_	_	
9-80	1749-1750	,	_	_	
9-81	1751-1753	or	_	_	
9-82	1754-1756	in	_	_	
9-83	1757-1760	the	_	_	
9-84	1761-1765	name	_	_	
9-85	1766-1769	and	_	_	
9-86	1770-1772	on	_	_	
9-87	1773-1779	behalf	_	_	
9-88	1780-1782	of	_	_	
9-89	1783-1786	the	_	_	
9-90	1787-1794	Company	_	_	
9-91	1794-1795	,	_	_	
9-92	1796-1798	or	_	_	
9-93	1799-1803	both	_	_	
9-94	1803-1804	,	_	_	
9-95	1805-1807	as	_	_	
9-96	1808-1811	the	_	_	
9-97	1812-1816	case	_	_	
9-98	1817-1820	may	_	_	
9-99	1821-1823	be	_	_	
9-100	1823-1824	,	_	_	
9-101	1825-1828	the	_	_	
9-102	1829-1833	Form	_	_	
9-103	1834-1836	10	_	_	
9-104	1836-1837	-	_	_	
9-105	1837-1838	K	_	_	
9-106	1839-1845	Report	_	_	
9-107	1845-1846	,	_	_	
9-108	1847-1850	and	_	_	
9-109	1851-1854	any	_	_	
9-110	1855-1858	and	_	_	
9-111	1859-1862	all	_	_	
9-112	1863-1873	amendments	_	_	
9-113	1874-1881	thereto	_	_	
9-114	1881-1882	,	_	_	
9-115	1883-1887	with	_	_	
9-116	1888-1892	such	_	_	
9-117	1893-1900	changes	_	_	
9-118	1901-1908	therein	_	_	
9-119	1909-1911	as	_	_	
9-120	1912-1916	such	_	_	
9-121	1917-1926	directors	_	_	
9-122	1927-1929	or	_	_	
9-123	1930-1938	officers	_	_	
9-124	1939-1942	may	_	_	
9-125	1943-1947	deem	_	_	
9-126	1948-1957	necessary	_	_	
9-127	1957-1958	,	_	_	
9-128	1959-1970	appropriate	_	_	
9-129	1971-1973	or	_	_	
9-130	1974-1983	desirable	_	_	
9-131	1983-1984	,	_	_	
9-132	1985-1987	as	_	_	
9-133	1988-2000	conclusively	_	_	
9-134	2001-2010	evidenced	_	_	
9-135	2011-2013	by	_	_	
9-136	2014-2019	their	_	_	
9-137	2020-2029	execution	_	_	
9-138	2030-2037	thereof	_	_	
9-139	2037-2038	;	_	_	
9-140	2039-2042	and	_	_	
9-141	2043-2047	that	_	_	
9-142	2048-2051	the	_	_	
9-143	2052-2063	appropriate	_	_	
9-144	2064-2072	officers	_	_	
9-145	2073-2075	of	_	_	
9-146	2076-2079	the	_	_	
9-147	2080-2087	Company	_	_	
9-148	2087-2088	,	_	_	
9-149	2089-2092	and	_	_	
9-150	2093-2097	each	_	_	
9-151	2098-2100	of	_	_	
9-152	2101-2105	them	_	_	
9-153	2105-2106	,	_	_	
9-154	2107-2109	be	_	_	
9-155	2110-2113	and	_	_	
9-156	2114-2120	hereby	_	_	
9-157	2121-2124	are	_	_	
9-158	2125-2135	authorized	_	_	
9-159	2136-2138	to	_	_	
9-160	2139-2144	cause	_	_	
9-161	2145-2148	the	_	_	
9-162	2149-2153	Form	_	_	
9-163	2154-2156	10	_	_	
9-164	2156-2157	-	_	_	
9-165	2157-2158	K	_	_	
9-166	2159-2165	Report	_	_	
9-167	2166-2169	and	_	_	
9-168	2170-2173	any	_	_	
9-169	2174-2178	such	_	_	
9-170	2179-2189	amendments	_	_	
9-171	2189-2190	,	_	_	
9-172	2191-2193	so	_	_	
9-173	2194-2202	executed	_	_	
9-174	2202-2203	,	_	_	
9-175	2204-2206	to	_	_	
9-176	2207-2209	be	_	_	
9-177	2210-2215	filed	_	_	
9-178	2216-2220	with	_	_	
9-179	2221-2224	the	_	_	
9-180	2225-2235	Commission	_	_	
9-181	2235-2236	.	_	_	

#Text=RESOLVED, That each officer and director who may be required to sign and execute the Form 10-K Report or any amendment thereto or document in connection therewith (whether in the name and on behalf of the Company, or as an officer or director of the Company, or otherwise), be and hereby is authorized to execute a power of attorney appointing B. M. Gayton, J. T. Lawler, J. E. Osgood, and C. M. MacGillivray, and each of them, severally, his or her true and lawful attorney or attorneys to sign in his or her name, place, and stead in any such capacity the Form 10-K Report and any and all amendments thereto and documents in connection therewith, and to file the same with the Commission, each of said attorneys to have power to act with or without the other, and to have full power and authority to do and perform in the name and on behalf of each of said officers and directors who shall have executed such power of attorney, every act whatsoever which such attorneys, or any of them, may deem necessary, appropriate or desirable to be done in connection therewith as fully and to all intents and purposes as such officers or directors might or could do in person.
10-1	2240-2248	RESOLVED	_	_	
10-2	2248-2249	,	_	_	
10-3	2250-2254	That	_	_	
10-4	2255-2259	each	_	_	
10-5	2260-2267	officer	_	_	
10-6	2268-2271	and	_	_	
10-7	2272-2280	director	_	_	
10-8	2281-2284	who	_	_	
10-9	2285-2288	may	_	_	
10-10	2289-2291	be	_	_	
10-11	2292-2300	required	_	_	
10-12	2301-2303	to	_	_	
10-13	2304-2308	sign	_	_	
10-14	2309-2312	and	_	_	
10-15	2313-2320	execute	_	_	
10-16	2321-2324	the	_	_	
10-17	2325-2329	Form	_	_	
10-18	2330-2332	10	_	_	
10-19	2332-2333	-	_	_	
10-20	2333-2334	K	_	_	
10-21	2335-2341	Report	_	_	
10-22	2342-2344	or	_	_	
10-23	2345-2348	any	_	_	
10-24	2349-2358	amendment	_	_	
10-25	2359-2366	thereto	_	_	
10-26	2367-2369	or	_	_	
10-27	2370-2378	document	_	_	
10-28	2379-2381	in	_	_	
10-29	2382-2392	connection	_	_	
10-30	2393-2402	therewith	_	_	
10-31	2403-2404	(	_	_	
10-32	2404-2411	whether	_	_	
10-33	2412-2414	in	_	_	
10-34	2415-2418	the	_	_	
10-35	2419-2423	name	_	_	
10-36	2424-2427	and	_	_	
10-37	2428-2430	on	_	_	
10-38	2431-2437	behalf	_	_	
10-39	2438-2440	of	_	_	
10-40	2441-2444	the	_	_	
10-41	2445-2452	Company	_	_	
10-42	2452-2453	,	_	_	
10-43	2454-2456	or	_	_	
10-44	2457-2459	as	_	_	
10-45	2460-2462	an	_	_	
10-46	2463-2470	officer	_	_	
10-47	2471-2473	or	_	_	
10-48	2474-2482	director	_	_	
10-49	2483-2485	of	_	_	
10-50	2486-2489	the	_	_	
10-51	2490-2497	Company	_	_	
10-52	2497-2498	,	_	_	
10-53	2499-2501	or	_	_	
10-54	2502-2511	otherwise	_	_	
10-55	2511-2512	)	_	_	
10-56	2512-2513	,	_	_	
10-57	2514-2516	be	_	_	
10-58	2517-2520	and	_	_	
10-59	2521-2527	hereby	_	_	
10-60	2528-2530	is	_	_	
10-61	2531-2541	authorized	_	_	
10-62	2542-2544	to	_	_	
10-63	2545-2552	execute	_	_	
10-64	2553-2554	a	_	_	
10-65	2555-2560	power	_	_	
10-66	2561-2563	of	_	_	
10-67	2564-2572	attorney	_	_	
10-68	2573-2583	appointing	_	_	
10-69	2584-2585	B	_	_	
10-70	2585-2586	.	_	_	
10-71	2587-2588	M	_	_	
10-72	2588-2589	.	_	_	
10-73	2590-2596	Gayton	_	_	
10-74	2596-2597	,	_	_	
10-75	2598-2599	J	_	_	
10-76	2599-2600	.	_	_	
10-77	2601-2602	T	_	_	
10-78	2602-2603	.	_	_	
10-79	2604-2610	Lawler	_	_	
10-80	2610-2611	,	_	_	
10-81	2612-2613	J	_	_	
10-82	2613-2614	.	_	_	
10-83	2615-2616	E	_	_	
10-84	2616-2617	.	_	_	
10-85	2618-2624	Osgood	_	_	
10-86	2624-2625	,	_	_	
10-87	2626-2629	and	_	_	
10-88	2630-2631	C	_	_	
10-89	2631-2632	.	_	_	
10-90	2633-2634	M	_	_	
10-91	2634-2635	.	_	_	
10-92	2636-2648	MacGillivray	_	_	
10-93	2648-2649	,	_	_	
10-94	2650-2653	and	_	_	
10-95	2654-2658	each	_	_	
10-96	2659-2661	of	_	_	
10-97	2662-2666	them	_	_	
10-98	2666-2667	,	_	_	
10-99	2668-2677	severally	_	_	
10-100	2677-2678	,	_	_	
10-101	2679-2682	his	_	_	
10-102	2683-2685	or	_	_	
10-103	2686-2689	her	_	_	
10-104	2690-2694	true	_	_	
10-105	2695-2698	and	_	_	
10-106	2699-2705	lawful	_	_	
10-107	2706-2714	attorney	_	_	
10-108	2715-2717	or	_	_	
10-109	2718-2727	attorneys	_	_	
10-110	2728-2730	to	_	_	
10-111	2731-2735	sign	_	_	
10-112	2736-2738	in	_	_	
10-113	2739-2742	his	_	_	
10-114	2743-2745	or	_	_	
10-115	2746-2749	her	_	_	
10-116	2750-2754	name	_	_	
10-117	2754-2755	,	_	_	
10-118	2756-2761	place	_	_	
10-119	2761-2762	,	_	_	
10-120	2763-2766	and	_	_	
10-121	2767-2772	stead	_	_	
10-122	2773-2775	in	_	_	
10-123	2776-2779	any	_	_	
10-124	2780-2784	such	_	_	
10-125	2785-2793	capacity	_	_	
10-126	2794-2797	the	_	_	
10-127	2798-2802	Form	_	_	
10-128	2803-2805	10	_	_	
10-129	2805-2806	-	_	_	
10-130	2806-2807	K	_	_	
10-131	2808-2814	Report	_	_	
10-132	2815-2818	and	_	_	
10-133	2819-2822	any	_	_	
10-134	2823-2826	and	_	_	
10-135	2827-2830	all	_	_	
10-136	2831-2841	amendments	_	_	
10-137	2842-2849	thereto	_	_	
10-138	2850-2853	and	_	_	
10-139	2854-2863	documents	_	_	
10-140	2864-2866	in	_	_	
10-141	2867-2877	connection	_	_	
10-142	2878-2887	therewith	_	_	
10-143	2887-2888	,	_	_	
10-144	2889-2892	and	_	_	
10-145	2893-2895	to	_	_	
10-146	2896-2900	file	_	_	
10-147	2901-2904	the	_	_	
10-148	2905-2909	same	_	_	
10-149	2910-2914	with	_	_	
10-150	2915-2918	the	_	_	
10-151	2919-2929	Commission	_	_	
10-152	2929-2930	,	_	_	
10-153	2931-2935	each	_	_	
10-154	2936-2938	of	_	_	
10-155	2939-2943	said	_	_	
10-156	2944-2953	attorneys	_	_	
10-157	2954-2956	to	_	_	
10-158	2957-2961	have	_	_	
10-159	2962-2967	power	_	_	
10-160	2968-2970	to	_	_	
10-161	2971-2974	act	_	_	
10-162	2975-2979	with	_	_	
10-163	2980-2982	or	_	_	
10-164	2983-2990	without	_	_	
10-165	2991-2994	the	_	_	
10-166	2995-3000	other	_	_	
10-167	3000-3001	,	_	_	
10-168	3002-3005	and	_	_	
10-169	3006-3008	to	_	_	
10-170	3009-3013	have	_	_	
10-171	3014-3018	full	_	_	
10-172	3019-3024	power	_	_	
10-173	3025-3028	and	_	_	
10-174	3029-3038	authority	_	_	
10-175	3039-3041	to	_	_	
10-176	3042-3044	do	_	_	
10-177	3045-3048	and	_	_	
10-178	3049-3056	perform	_	_	
10-179	3057-3059	in	_	_	
10-180	3060-3063	the	_	_	
10-181	3064-3068	name	_	_	
10-182	3069-3072	and	_	_	
10-183	3073-3075	on	_	_	
10-184	3076-3082	behalf	_	_	
10-185	3083-3085	of	_	_	
10-186	3086-3090	each	_	_	
10-187	3091-3093	of	_	_	
10-188	3094-3098	said	_	_	
10-189	3099-3107	officers	_	_	
10-190	3108-3111	and	_	_	
10-191	3112-3121	directors	_	_	
10-192	3122-3125	who	_	_	
10-193	3126-3131	shall	_	_	
10-194	3132-3136	have	_	_	
10-195	3137-3145	executed	_	_	
10-196	3146-3150	such	_	_	
10-197	3151-3156	power	_	_	
10-198	3157-3159	of	_	_	
10-199	3160-3168	attorney	_	_	
10-200	3168-3169	,	_	_	
10-201	3170-3175	every	_	_	
10-202	3176-3179	act	_	_	
10-203	3180-3190	whatsoever	_	_	
10-204	3191-3196	which	_	_	
10-205	3197-3201	such	_	_	
10-206	3202-3211	attorneys	_	_	
10-207	3211-3212	,	_	_	
10-208	3213-3215	or	_	_	
10-209	3216-3219	any	_	_	
10-210	3220-3222	of	_	_	
10-211	3223-3227	them	_	_	
10-212	3227-3228	,	_	_	
10-213	3229-3232	may	_	_	
10-214	3233-3237	deem	_	_	
10-215	3238-3247	necessary	_	_	
10-216	3247-3248	,	_	_	
10-217	3249-3260	appropriate	_	_	
10-218	3261-3263	or	_	_	
10-219	3264-3273	desirable	_	_	
10-220	3274-3276	to	_	_	
10-221	3277-3279	be	_	_	
10-222	3280-3284	done	_	_	
10-223	3285-3287	in	_	_	
10-224	3288-3298	connection	_	_	
10-225	3299-3308	therewith	_	_	
10-226	3309-3311	as	_	_	
10-227	3312-3317	fully	_	_	
10-228	3318-3321	and	_	_	
10-229	3322-3324	to	_	_	
10-230	3325-3328	all	_	_	
10-231	3329-3336	intents	_	_	
10-232	3337-3340	and	_	_	
10-233	3341-3349	purposes	_	_	
10-234	3350-3352	as	_	_	
10-235	3353-3357	such	_	_	
10-236	3358-3366	officers	_	_	
10-237	3367-3369	or	_	_	
10-238	3370-3379	directors	_	_	
10-239	3380-3385	might	_	_	
10-240	3386-3388	or	_	_	
10-241	3389-3394	could	_	_	
10-242	3395-3397	do	_	_	
10-243	3398-3400	in	_	_	
10-244	3401-3407	person	_	_	
10-245	3407-3408	.	_	_	

#Text=WITNESS my hand as of this 8th day of February, 2018.
11-1	3412-3419	WITNESS	_	_	
11-2	3420-3422	my	_	_	
11-3	3423-3427	hand	_	_	
11-4	3428-3430	as	_	_	
11-5	3431-3433	of	_	_	
11-6	3434-3438	this	_	_	
11-7	3439-3442	8th	DATE[3]	*[3]	
11-8	3443-3446	day	DATE[3]	*[3]	
11-9	3447-3449	of	DATE[3]	*[3]	
11-10	3450-3458	February	DATE[3]	*[3]	
11-11	3458-3459	,	DATE[3]	*[3]	
11-12	3460-3464	2018	DATE[3]	*[3]	
11-13	3464-3465	.	_	_	

#Text=/s/ Jonathan E. Osgood
12-1	3469-3470	/	_	_	
12-2	3470-3471	s	_	_	
12-3	3471-3472	/	_	_	
12-4	3473-3481	Jonathan	WITNESS[4]	*[4]	
12-5	3482-3483	E	WITNESS[4]	*[4]	
12-6	3483-3484	.	WITNESS[4]	*[4]	
12-7	3485-3491	Osgood	WITNESS[4]	*[4]	

#Text=Jonathan E. Osgood
13-1	3493-3501	Jonathan	_	_	
13-2	3502-3503	E	_	_	
13-3	3503-3504	.	_	_	
13-4	3505-3511	Osgood	_	_	

#Text=Secretary
14-1	3513-3522	Secretary	_	_	

#Text=(SEAL)
15-1	3526-3527	(	_	_	
15-2	3527-3531	SEAL	_	_	
15-3	3531-3532	)	_	_	

#Text=Exhibit 24 (Continued)
16-1	3534-3541	Exhibit	_	_	
16-2	3542-3544	24	_	_	
16-3	3545-3546	(	_	_	
16-4	3546-3555	Continued	_	_	
16-5	3555-3556	)	_	_	

#Text=POWER OF ATTORNEY WITH RESPECT TO
17-1	3558-3563	POWER	_	_	
17-2	3564-3566	OF	_	_	
17-3	3567-3575	ATTORNEY	_	_	
17-4	3576-3580	WITH	_	_	
17-5	3581-3588	RESPECT	_	_	
17-6	3589-3591	TO	_	_	

#Text=ANNUAL REPORT OF FORD MOTOR COMPANY ON
18-1	3593-3599	ANNUAL	_	_	
18-2	3600-3606	REPORT	_	_	
18-3	3607-3609	OF	_	_	
18-4	3610-3614	FORD	COMP[5]	*[5]	
18-5	3615-3620	MOTOR	COMP[5]	*[5]	
18-6	3621-3628	COMPANY	COMP[5]	*[5]	
18-7	3629-3631	ON	_	_	

#Text=FORM 10-K FOR THE YEAR ENDED DECEMBER 31, 2017
19-1	3633-3637	FORM	_	_	
19-2	3638-3640	10	_	_	
19-3	3640-3641	-	_	_	
19-4	3641-3642	K	_	_	
19-5	3643-3646	FOR	_	_	
19-6	3647-3650	THE	_	_	
19-7	3651-3655	YEAR	_	_	
19-8	3656-3661	ENDED	_	_	
19-9	3662-3670	DECEMBER	_	_	
19-10	3671-3673	31	_	_	
19-11	3673-3674	,	_	_	
19-12	3675-3679	2017	_	_	

#Text=Each of the undersigned, a director or officer of Ford Motor Company (“Ford”), appoints each of B. M. Gayton, J. T. Lawler, J. E. Osgood, and C. M. MacGillivray, his or her true and lawful attorney and agent to do any and all acts and things and execute any and all instruments which the attorney and agent may deem necessary or advisable in order to enable Ford to comply with the Securities Exchange Act of 1934, and any requirements of the Securities and Exchange Commission, in connection with the filing of Ford’s Annual Report on Form 10-K for the year ended December 31, 2017 and any and all amendments thereto, as authorized at a meeting of the Board of Directors of Ford duly called and held on February 7, 2018 including, but not limited to, power and authority to sign his or her name (whether on behalf of Ford, or as a director or officer of Ford, or by attesting the seal of Ford, or otherwise) to such instruments and to such Annual Report and any amendments thereto, and to file them with the Securities and Exchange Commission.  Each of the undersigned ratifies and confirms all that any of the attorneys and agents shall do or cause to be done by virtue hereof.  Any one of the attorneys and agents shall have, and may exercise, all the powers conferred by this instrument. Each of the undersigned has signed his or her name as of the 7th day of February, 2018:
20-1	3683-3687	Each	_	_	
20-2	3688-3690	of	_	_	
20-3	3691-3694	the	_	_	
20-4	3695-3706	undersigned	_	_	
20-5	3706-3707	,	_	_	
20-6	3708-3709	a	_	_	
20-7	3710-3718	director	_	_	
20-8	3719-3721	or	_	_	
20-9	3722-3729	officer	_	_	
20-10	3730-3732	of	_	_	
20-11	3733-3737	Ford	COMP[6]	*[6]	
20-12	3738-3743	Motor	COMP[6]	*[6]	
20-13	3744-3751	Company	COMP[6]	*[6]	
20-14	3752-3753	(	_	_	
20-15	3753-3754	“	_	_	
20-16	3754-3758	Ford	_	_	
20-17	3758-3759	”	_	_	
20-18	3759-3760	)	_	_	
20-19	3760-3761	,	_	_	
20-20	3762-3770	appoints	_	_	
20-21	3771-3775	each	_	_	
20-22	3776-3778	of	_	_	
20-23	3779-3780	B	PER[7]	*[7]	
20-24	3780-3781	.	PER[7]	*[7]	
20-25	3782-3783	M	PER[7]	*[7]	
20-26	3783-3784	.	PER[7]	*[7]	
20-27	3785-3791	Gayton	PER[7]	*[7]	
20-28	3791-3792	,	_	_	
20-29	3793-3794	J	PER[8]	*[8]	
20-30	3794-3795	.	PER[8]	*[8]	
20-31	3796-3797	T	PER[8]	*[8]	
20-32	3797-3798	.	PER[8]	*[8]	
20-33	3799-3805	Lawler	PER[8]	*[8]	
20-34	3805-3806	,	_	_	
20-35	3807-3808	J	PER[9]	*[9]	
20-36	3808-3809	.	PER[9]	*[9]	
20-37	3810-3811	E	PER[9]	*[9]	
20-38	3811-3812	.	PER[9]	*[9]	
20-39	3813-3819	Osgood	PER[9]	*[9]	
20-40	3819-3820	,	_	_	
20-41	3821-3824	and	_	_	
20-42	3825-3826	C	_	_	
20-43	3826-3827	.	PER[10]	*[10]	
20-44	3828-3829	M	PER[10]	*[10]	
20-45	3829-3830	.	PER[10]	*[10]	
20-46	3831-3843	MacGillivray	PER[10]	*[10]	
20-47	3843-3844	,	_	_	
20-48	3845-3848	his	_	_	
20-49	3849-3851	or	_	_	
20-50	3852-3855	her	_	_	
20-51	3856-3860	true	_	_	
20-52	3861-3864	and	_	_	
20-53	3865-3871	lawful	_	_	
20-54	3872-3880	attorney	_	_	
20-55	3881-3884	and	_	_	
20-56	3885-3890	agent	_	_	
20-57	3891-3893	to	_	_	
20-58	3894-3896	do	_	_	
20-59	3897-3900	any	_	_	
20-60	3901-3904	and	_	_	
20-61	3905-3908	all	_	_	
20-62	3909-3913	acts	_	_	
20-63	3914-3917	and	_	_	
20-64	3918-3924	things	_	_	
20-65	3925-3928	and	_	_	
20-66	3929-3936	execute	_	_	
20-67	3937-3940	any	_	_	
20-68	3941-3944	and	_	_	
20-69	3945-3948	all	_	_	
20-70	3949-3960	instruments	_	_	
20-71	3961-3966	which	_	_	
20-72	3967-3970	the	_	_	
20-73	3971-3979	attorney	_	_	
20-74	3980-3983	and	_	_	
20-75	3984-3989	agent	_	_	
20-76	3990-3993	may	_	_	
20-77	3994-3998	deem	_	_	
20-78	3999-4008	necessary	_	_	
20-79	4009-4011	or	_	_	
20-80	4012-4021	advisable	_	_	
20-81	4022-4024	in	_	_	
20-82	4025-4030	order	_	_	
20-83	4031-4033	to	_	_	
20-84	4034-4040	enable	_	_	
20-85	4041-4045	Ford	_	_	
20-86	4046-4048	to	_	_	
20-87	4049-4055	comply	_	_	
20-88	4056-4060	with	_	_	
20-89	4061-4064	the	_	_	
20-90	4065-4075	Securities	_	_	
20-91	4076-4084	Exchange	_	_	
20-92	4085-4088	Act	_	_	
20-93	4089-4091	of	_	_	
20-94	4092-4096	1934	_	_	
20-95	4096-4097	,	_	_	
20-96	4098-4101	and	_	_	
20-97	4102-4105	any	_	_	
20-98	4106-4118	requirements	_	_	
20-99	4119-4121	of	_	_	
20-100	4122-4125	the	_	_	
20-101	4126-4136	Securities	_	_	
20-102	4137-4140	and	_	_	
20-103	4141-4149	Exchange	_	_	
20-104	4150-4160	Commission	_	_	
20-105	4160-4161	,	_	_	
20-106	4162-4164	in	_	_	
20-107	4165-4175	connection	_	_	
20-108	4176-4180	with	_	_	
20-109	4181-4184	the	_	_	
20-110	4185-4191	filing	_	_	
20-111	4192-4194	of	_	_	
20-112	4195-4199	Ford	_	_	
20-113	4199-4200	’	_	_	
20-114	4200-4201	s	_	_	
20-115	4202-4208	Annual	_	_	
20-116	4209-4215	Report	_	_	
20-117	4216-4218	on	_	_	
20-118	4219-4223	Form	_	_	
20-119	4224-4226	10	_	_	
20-120	4226-4227	-	_	_	
20-121	4227-4228	K	_	_	
20-122	4229-4232	for	_	_	
20-123	4233-4236	the	_	_	
20-124	4237-4241	year	_	_	
20-125	4242-4247	ended	_	_	
20-126	4248-4256	December	_	_	
20-127	4257-4259	31	_	_	
20-128	4259-4260	,	_	_	
20-129	4261-4265	2017	_	_	
20-130	4266-4269	and	_	_	
20-131	4270-4273	any	_	_	
20-132	4274-4277	and	_	_	
20-133	4278-4281	all	_	_	
20-134	4282-4292	amendments	_	_	
20-135	4293-4300	thereto	_	_	
20-136	4300-4301	,	_	_	
20-137	4302-4304	as	_	_	
20-138	4305-4315	authorized	_	_	
20-139	4316-4318	at	_	_	
20-140	4319-4320	a	_	_	
20-141	4321-4328	meeting	_	_	
20-142	4329-4331	of	_	_	
20-143	4332-4335	the	_	_	
20-144	4336-4341	Board	_	_	
20-145	4342-4344	of	_	_	
20-146	4345-4354	Directors	_	_	
20-147	4355-4357	of	_	_	
20-148	4358-4362	Ford	_	_	
20-149	4363-4367	duly	_	_	
20-150	4368-4374	called	_	_	
20-151	4375-4378	and	_	_	
20-152	4379-4383	held	_	_	
20-153	4384-4386	on	_	_	
20-154	4387-4395	February	_	_	
20-155	4396-4397	7	_	_	
20-156	4397-4398	,	_	_	
20-157	4399-4403	2018	_	_	
20-158	4404-4413	including	_	_	
20-159	4413-4414	,	_	_	
20-160	4415-4418	but	_	_	
20-161	4419-4422	not	_	_	
20-162	4423-4430	limited	_	_	
20-163	4431-4433	to	_	_	
20-164	4433-4434	,	_	_	
20-165	4435-4440	power	_	_	
20-166	4441-4444	and	_	_	
20-167	4445-4454	authority	_	_	
20-168	4455-4457	to	_	_	
20-169	4458-4462	sign	_	_	
20-170	4463-4466	his	_	_	
20-171	4467-4469	or	_	_	
20-172	4470-4473	her	_	_	
20-173	4474-4478	name	_	_	
20-174	4479-4480	(	_	_	
20-175	4480-4487	whether	_	_	
20-176	4488-4490	on	_	_	
20-177	4491-4497	behalf	_	_	
20-178	4498-4500	of	_	_	
20-179	4501-4505	Ford	_	_	
20-180	4505-4506	,	_	_	
20-181	4507-4509	or	_	_	
20-182	4510-4512	as	_	_	
20-183	4513-4514	a	_	_	
20-184	4515-4523	director	_	_	
20-185	4524-4526	or	_	_	
20-186	4527-4534	officer	_	_	
20-187	4535-4537	of	_	_	
20-188	4538-4542	Ford	_	_	
20-189	4542-4543	,	_	_	
20-190	4544-4546	or	_	_	
20-191	4547-4549	by	_	_	
20-192	4550-4559	attesting	_	_	
20-193	4560-4563	the	_	_	
20-194	4564-4568	seal	_	_	
20-195	4569-4571	of	_	_	
20-196	4572-4576	Ford	_	_	
20-197	4576-4577	,	_	_	
20-198	4578-4580	or	_	_	
20-199	4581-4590	otherwise	_	_	
20-200	4590-4591	)	_	_	
20-201	4592-4594	to	_	_	
20-202	4595-4599	such	_	_	
20-203	4600-4611	instruments	_	_	
20-204	4612-4615	and	_	_	
20-205	4616-4618	to	_	_	
20-206	4619-4623	such	_	_	
20-207	4624-4630	Annual	_	_	
20-208	4631-4637	Report	_	_	
20-209	4638-4641	and	_	_	
20-210	4642-4645	any	_	_	
20-211	4646-4656	amendments	_	_	
20-212	4657-4664	thereto	_	_	
20-213	4664-4665	,	_	_	
20-214	4666-4669	and	_	_	
20-215	4670-4672	to	_	_	
20-216	4673-4677	file	_	_	
20-217	4678-4682	them	_	_	
20-218	4683-4687	with	_	_	
20-219	4688-4691	the	_	_	
20-220	4692-4702	Securities	_	_	
20-221	4703-4706	and	_	_	
20-222	4707-4715	Exchange	_	_	
20-223	4716-4726	Commission	_	_	
20-224	4726-4727	.	_	_	
20-225	4729-4733	Each	_	_	
20-226	4734-4736	of	_	_	
20-227	4737-4740	the	_	_	
20-228	4741-4752	undersigned	_	_	
20-229	4753-4761	ratifies	_	_	
20-230	4762-4765	and	_	_	
20-231	4766-4774	confirms	_	_	
20-232	4775-4778	all	_	_	
20-233	4779-4783	that	_	_	
20-234	4784-4787	any	_	_	
20-235	4788-4790	of	_	_	
20-236	4791-4794	the	_	_	
20-237	4795-4804	attorneys	_	_	
20-238	4805-4808	and	_	_	
20-239	4809-4815	agents	_	_	
20-240	4816-4821	shall	_	_	
20-241	4822-4824	do	_	_	
20-242	4825-4827	or	_	_	
20-243	4828-4833	cause	_	_	
20-244	4834-4836	to	_	_	
20-245	4837-4839	be	_	_	
20-246	4840-4844	done	_	_	
20-247	4845-4847	by	_	_	
20-248	4848-4854	virtue	_	_	
20-249	4855-4861	hereof	_	_	
20-250	4861-4862	.	_	_	
20-251	4864-4867	Any	_	_	
20-252	4868-4871	one	_	_	
20-253	4872-4874	of	_	_	
20-254	4875-4878	the	_	_	
20-255	4879-4888	attorneys	_	_	
20-256	4889-4892	and	_	_	
20-257	4893-4899	agents	_	_	
20-258	4900-4905	shall	_	_	
20-259	4906-4910	have	_	_	
20-260	4910-4911	,	_	_	
20-261	4912-4915	and	_	_	
20-262	4916-4919	may	_	_	
20-263	4920-4928	exercise	_	_	
20-264	4928-4929	,	_	_	
20-265	4930-4933	all	_	_	
20-266	4934-4937	the	_	_	
20-267	4938-4944	powers	_	_	
20-268	4945-4954	conferred	_	_	
20-269	4955-4957	by	_	_	
20-270	4958-4962	this	_	_	
20-271	4963-4973	instrument	_	_	
20-272	4973-4974	.	_	_	
20-273	4975-4979	Each	_	_	
20-274	4980-4982	of	_	_	
20-275	4983-4986	the	_	_	
20-276	4987-4998	undersigned	_	_	
20-277	4999-5002	has	_	_	
20-278	5003-5009	signed	_	_	
20-279	5010-5013	his	_	_	
20-280	5014-5016	or	_	_	
20-281	5017-5020	her	_	_	
20-282	5021-5025	name	_	_	
20-283	5026-5028	as	_	_	
20-284	5029-5031	of	_	_	
20-285	5032-5035	the	_	_	
20-286	5036-5039	7th	DATE[11]	*[11]	
20-287	5040-5043	day	DATE[11]	*[11]	
20-288	5044-5046	of	DATE[11]	*[11]	
20-289	5047-5055	February	DATE[11]	*[11]	
20-290	5055-5056	,	DATE[11]	*[11]	
20-291	5057-5061	2018	DATE[11]	*[11]	
20-292	5061-5062	:	_	_	

#Text=/s/ William Clay Ford, Jr.
21-1	5066-5067	/	_	_	
21-2	5067-5068	s	_	_	
21-3	5068-5069	/	_	_	
21-4	5070-5077	William	WITNESS[12]	*[12]	
21-5	5078-5082	Clay	WITNESS[12]	*[12]	
21-6	5083-5087	Ford	WITNESS[12]	*[12]	
21-7	5087-5088	,	WITNESS[12]	*[12]	
21-8	5089-5091	Jr	WITNESS[12]	*[12]	
21-9	5091-5092	.	_	_	

#Text=/s/ John C. Lechleiter
22-1	5097-5098	/	_	_	
22-2	5098-5099	s	_	_	
22-3	5099-5100	/	_	_	
22-4	5101-5105	John	WITNESS[13]	*[13]	
22-5	5106-5107	C	WITNESS[13]	*[13]	
22-6	5107-5108	.	WITNESS[13]	*[13]	
22-7	5109-5119	Lechleiter	WITNESS[13]	*[13]	

#Text=(William Clay Ford, Jr.)
23-1	5121-5122	(	_	_	
23-2	5122-5129	William	_	_	
23-3	5130-5134	Clay	_	_	
23-4	5135-5139	Ford	_	_	
23-5	5139-5140	,	_	_	
23-6	5141-5143	Jr	_	_	
23-7	5143-5144	.	_	_	
23-8	5144-5145	)	_	_	

#Text=(John C. Lechleiter)
24-1	5150-5151	(	_	_	
24-2	5151-5155	John	_	_	
24-3	5156-5157	C	_	_	
24-4	5157-5158	.	_	_	
24-5	5159-5169	Lechleiter	_	_	
24-6	5169-5170	)	_	_	

#Text=/s/ Stephen G. Butler
25-1	5175-5176	/	_	_	
25-2	5176-5177	s	_	_	
25-3	5177-5178	/	_	_	
25-4	5179-5186	Stephen	WITNESS[14]	*[14]	
25-5	5187-5188	G	WITNESS[14]	*[14]	
25-6	5188-5189	.	WITNESS[14]	*[14]	
25-7	5190-5196	Butler	WITNESS[14]	*[14]	

#Text=/s/ Ellen R. Marram
26-1	5201-5202	/	_	_	
26-2	5202-5203	s	_	_	
26-3	5203-5204	/	_	_	
26-4	5205-5210	Ellen	WITNESS[15]	*[15]	
26-5	5211-5212	R	WITNESS[15]	*[15]	
26-6	5212-5213	.	WITNESS[15]	*[15]	
26-7	5214-5220	Marram	WITNESS[15]	*[15]	

#Text=(Stephen G. Butler)
27-1	5222-5223	(	_	_	
27-2	5223-5230	Stephen	_	_	
27-3	5231-5232	G	_	_	
27-4	5232-5233	.	_	_	
27-5	5234-5240	Butler	_	_	
27-6	5240-5241	)	_	_	

#Text=(Ellen R. Marram)
28-1	5246-5247	(	_	_	
28-2	5247-5252	Ellen	_	_	
28-3	5253-5254	R	_	_	
28-4	5254-5255	.	_	_	
28-5	5256-5262	Marram	_	_	
28-6	5262-5263	)	_	_	

#Text=/s/ Kimberly A. Casiano
29-1	5267-5268	/	_	_	
29-2	5268-5269	s	_	_	
29-3	5269-5270	/	_	_	
29-4	5271-5279	Kimberly	WITNESS[16]	*[16]	
29-5	5280-5281	A	WITNESS[16]	*[16]	
29-6	5281-5282	.	WITNESS[16]	*[16]	
29-7	5283-5290	Casiano	WITNESS[16]	*[16]	

#Text=/s/ John L. Thornton
30-1	5295-5296	/	_	_	
30-2	5296-5297	s	_	_	
30-3	5297-5298	/	_	_	
30-4	5299-5303	John	WITNESS[17]	*[17]	
30-5	5304-5305	L	WITNESS[17]	*[17]	
30-6	5305-5306	.	WITNESS[17]	*[17]	
30-7	5307-5315	Thornton	WITNESS[17]	*[17]	

#Text=(Kimberly A. Casiano)
31-1	5317-5318	(	_	_	
31-2	5318-5326	Kimberly	_	_	
31-3	5327-5328	A	_	_	
31-4	5328-5329	.	_	_	
31-5	5330-5337	Casiano	_	_	
31-6	5337-5338	)	_	_	

#Text=(John L. Thornton)
32-1	5343-5344	(	_	_	
32-2	5344-5348	John	_	_	
32-3	5349-5350	L	_	_	
32-4	5350-5351	.	_	_	
32-5	5352-5360	Thornton	_	_	
32-6	5360-5361	)	_	_	

#Text=/s/ Anthony F. Earley, Jr.
33-1	5365-5366	/	_	_	
33-2	5366-5367	s	_	_	
33-3	5367-5368	/	_	_	
33-4	5369-5376	Anthony	WITNESS[18]	*[18]	
33-5	5377-5378	F	WITNESS[18]	*[18]	
33-6	5378-5379	.	WITNESS[18]	*[18]	
33-7	5380-5386	Earley	WITNESS[18]	*[18]	
33-8	5386-5387	,	WITNESS[18]	*[18]	
33-9	5388-5390	Jr	WITNESS[18]	*[18]	
33-10	5390-5391	.	_	_	

#Text=/s/ John B. Veihmeyer
34-1	5396-5397	/	_	_	
34-2	5397-5398	s	_	_	
34-3	5398-5399	/	_	_	
34-4	5400-5404	John	WITNESS[19]	*[19]	
34-5	5405-5406	B	WITNESS[19]	*[19]	
34-6	5406-5407	.	WITNESS[19]	*[19]	
34-7	5408-5417	Veihmeyer	WITNESS[19]	*[19]	

#Text=(Anthony F. Earley, Jr.)
35-1	5419-5420	(	_	_	
35-2	5420-5427	Anthony	_	_	
35-3	5428-5429	F	_	_	
35-4	5429-5430	.	_	_	
35-5	5431-5437	Earley	_	_	
35-6	5437-5438	,	_	_	
35-7	5439-5441	Jr	_	_	
35-8	5441-5442	.	_	_	
35-9	5442-5443	)	_	_	

#Text=(John B. Veihmeyer)
36-1	5448-5449	(	_	_	
36-2	5449-5453	John	_	_	
36-3	5454-5455	B	_	_	
36-4	5455-5456	.	_	_	
36-5	5457-5466	Veihmeyer	_	_	
36-6	5466-5467	)	_	_	

#Text=/s/ Edsel B. Ford II
37-1	5471-5472	/	_	_	
37-2	5472-5473	s	_	_	
37-3	5473-5474	/	_	_	
37-4	5475-5480	Edsel	WITNESS[20]	*[20]	
37-5	5481-5482	B	WITNESS[20]	*[20]	
37-6	5482-5483	.	WITNESS[20]	*[20]	
37-7	5484-5488	Ford	WITNESS[20]	*[20]	
37-8	5489-5491	II	_	_	

#Text=/s/ Lynn M. Vojvodich
38-1	5496-5497	/	_	_	
38-2	5497-5498	s	_	_	
38-3	5498-5499	/	_	_	
38-4	5500-5504	Lynn	WITNESS[21]	*[21]	
38-5	5505-5506	M	WITNESS[21]	*[21]	
38-6	5506-5507	.	WITNESS[21]	*[21]	
38-7	5508-5517	Vojvodich	WITNESS[21]	*[21]	

#Text=(Edsel B. Ford II)
39-1	5519-5520	(	_	_	
39-2	5520-5525	Edsel	_	_	
39-3	5526-5527	B	_	_	
39-4	5527-5528	.	_	_	
39-5	5529-5533	Ford	_	_	
39-6	5534-5536	II	_	_	
39-7	5536-5537	)	_	_	

#Text=(Lynn M. Vojvodich)
40-1	5542-5543	(	_	_	
40-2	5543-5547	Lynn	_	_	
40-3	5548-5549	M	_	_	
40-4	5549-5550	.	_	_	
40-5	5551-5560	Vojvodich	_	_	
40-6	5560-5561	)	_	_	

#Text=/s/ James P. Hackett
41-1	5565-5566	/	_	_	
41-2	5566-5567	s	_	_	
41-3	5567-5568	/	_	_	
41-4	5569-5574	James	WITNESS[22]	*[22]	
41-5	5575-5576	P	WITNESS[22]	*[22]	
41-6	5576-5577	.	WITNESS[22]	*[22]	
41-7	5578-5585	Hackett	WITNESS[22]	*[22]	

#Text=/s/ John S. Weinberg
42-1	5590-5591	/	_	_	
42-2	5591-5592	s	_	_	
42-3	5592-5593	/	_	_	
42-4	5594-5598	John	WITNESS[23]	*[23]	
42-5	5599-5600	S	WITNESS[23]	*[23]	
42-6	5600-5601	.	WITNESS[23]	*[23]	
42-7	5602-5610	Weinberg	WITNESS[23]	*[23]	

#Text=(James P. Hackett)
43-1	5612-5613	(	_	_	
43-2	5613-5618	James	_	_	
43-3	5619-5620	P	_	_	
43-4	5620-5621	.	_	_	
43-5	5622-5629	Hackett	_	_	
43-6	5629-5630	)	_	_	

#Text=(John S. Weinberg)
44-1	5635-5636	(	_	_	
44-2	5636-5640	John	_	_	
44-3	5641-5642	S	_	_	
44-4	5642-5643	.	_	_	
44-5	5644-5652	Weinberg	_	_	
44-6	5652-5653	)	_	_	

#Text=/s/ William W. Helman IV
45-1	5657-5658	/	_	_	
45-2	5658-5659	s	_	_	
45-3	5659-5660	/	_	_	
45-4	5661-5668	William	WITNESS[24]	*[24]	
45-5	5669-5670	W	WITNESS[24]	*[24]	
45-6	5670-5671	.	WITNESS[24]	*[24]	
45-7	5672-5678	Helman	WITNESS[24]	*[24]	
45-8	5679-5681	IV	WITNESS[24]	*[24]	

#Text=/s/ Bob Shanks
46-1	5686-5687	/	_	_	
46-2	5687-5688	s	_	_	
46-3	5688-5689	/	_	_	
46-4	5690-5693	Bob	WITNESS[25]	*[25]	
46-5	5694-5700	Shanks	WITNESS[25]	*[25]	

#Text=(William W. Helman IV)
47-1	5702-5703	(	_	_	
47-2	5703-5710	William	_	_	
47-3	5711-5712	W	_	_	
47-4	5712-5713	.	_	_	
47-5	5714-5720	Helman	_	_	
47-6	5721-5723	IV	_	_	
47-7	5723-5724	)	_	_	

#Text=(Bob Shanks)
48-1	5729-5730	(	_	_	
48-2	5730-5733	Bob	_	_	
48-3	5734-5740	Shanks	_	_	
48-4	5740-5741	)	_	_	

#Text=/s/ William E. Kennard
49-1	5745-5746	/	_	_	
49-2	5746-5747	s	_	_	
49-3	5747-5748	/	_	_	
49-4	5749-5756	William	WITNESS[26]	*[26]	
49-5	5757-5758	E	WITNESS[26]	*[26]	
49-6	5758-5759	.	WITNESS[26]	*[26]	
49-7	5760-5767	Kennard	WITNESS[26]	*[26]	

#Text=/s/ John T. Lawler
50-1	5772-5773	/	_	_	
50-2	5773-5774	s	_	_	
50-3	5774-5775	/	_	_	
50-4	5776-5780	John	WITNESS[27]	*[27]	
50-5	5781-5782	T	WITNESS[27]	*[27]	
50-6	5782-5783	.	WITNESS[27]	*[27]	
50-7	5784-5790	Lawler	WITNESS[27]	*[27]	

#Text=(William E. Kennard)
51-1	5792-5793	(	_	_	
51-2	5793-5800	William	_	_	
51-3	5801-5802	E	_	_	
51-4	5802-5803	.	_	_	
51-5	5804-5811	Kennard	_	_	
51-6	5811-5812	)	_	_	

#Text=(John T. Lawler)
52-1	5817-5818	(	_	_	
52-2	5818-5822	John	_	_	
52-3	5823-5824	T	_	_	
52-4	5824-5825	.	_	_	
52-5	5826-5832	Lawler	_	_	
52-6	5832-5833	)	_	_	
