#FORMAT=WebAnno TSV 3.2
#T_SP=webanno.custom.AgreementEntities|Agreement|Employment


#Text=EX-24.B 10 shw-12312013xex24b.htm EXHIBIT 24B
1-1	0-2	EX	_	_	
1-2	2-3	-	_	_	
1-3	3-5	24	_	_	
1-4	5-6	.	_	_	
1-5	6-7	B	_	_	
1-6	8-10	10	_	_	
1-7	11-14	shw	_	_	
1-8	14-15	-	_	_	
1-9	15-33	12312013xex24b.htm	_	_	
1-10	34-41	EXHIBIT	_	_	
1-11	42-45	24B	_	_	

#Text=EXHIBIT 24(b)
2-1	49-56	EXHIBIT	_	_	
2-2	57-59	24	_	_	
2-3	59-60	(	_	_	
2-4	60-61	b	_	_	
2-5	61-62	)	_	_	

#Text=CERTIFICATE
3-1	66-77	CERTIFICATE	_	_	

#Text=I, the undersigned, Secretary of The Sherwin-Williams Company (the “Company”), hereby certify that attached hereto is a true and complete copy of a resolution of the Board of Directors of the Company, duly adopted at a meeting held on February 19, 2014, and that such resolution is in full force and effect and has not been amended, modified, revoked or rescinded as of the date hereof.
4-1	81-82	I	_	_	
4-2	82-83	,	_	_	
4-3	84-87	the	_	_	
4-4	88-99	undersigned	_	_	
4-5	99-100	,	_	_	
4-6	101-110	Secretary	_	_	
4-7	111-113	of	_	_	
4-8	114-117	The	COMP[1]	*[1]	
4-9	118-134	Sherwin-Williams	COMP[1]	*[1]	
4-10	135-142	Company	COMP[1]	*[1]	
4-11	143-144	(	_	_	
4-12	144-147	the	_	_	
4-13	148-149	“	_	_	
4-14	149-156	Company	_	_	
4-15	156-157	”	_	_	
4-16	157-158	)	_	_	
4-17	158-159	,	_	_	
4-18	160-166	hereby	_	_	
4-19	167-174	certify	_	_	
4-20	175-179	that	_	_	
4-21	180-188	attached	_	_	
4-22	189-195	hereto	_	_	
4-23	196-198	is	_	_	
4-24	199-200	a	_	_	
4-25	201-205	true	_	_	
4-26	206-209	and	_	_	
4-27	210-218	complete	_	_	
4-28	219-223	copy	_	_	
4-29	224-226	of	_	_	
4-30	227-228	a	_	_	
4-31	229-239	resolution	_	_	
4-32	240-242	of	_	_	
4-33	243-246	the	_	_	
4-34	247-252	Board	_	_	
4-35	253-255	of	_	_	
4-36	256-265	Directors	_	_	
4-37	266-268	of	_	_	
4-38	269-272	the	_	_	
4-39	273-280	Company	_	_	
4-40	280-281	,	_	_	
4-41	282-286	duly	_	_	
4-42	287-294	adopted	_	_	
4-43	295-297	at	_	_	
4-44	298-299	a	_	_	
4-45	300-307	meeting	_	_	
4-46	308-312	held	_	_	
4-47	313-315	on	_	_	
4-48	316-324	February	_	_	
4-49	325-327	19	_	_	
4-50	327-328	,	_	_	
4-51	329-333	2014	_	_	
4-52	333-334	,	_	_	
4-53	335-338	and	_	_	
4-54	339-343	that	_	_	
4-55	344-348	such	_	_	
4-56	349-359	resolution	_	_	
4-57	360-362	is	_	_	
4-58	363-365	in	_	_	
4-59	366-370	full	_	_	
4-60	371-376	force	_	_	
4-61	377-380	and	_	_	
4-62	381-387	effect	_	_	
4-63	388-391	and	_	_	
4-64	392-395	has	_	_	
4-65	396-399	not	_	_	
4-66	400-404	been	_	_	
4-67	405-412	amended	_	_	
4-68	412-413	,	_	_	
4-69	414-422	modified	_	_	
4-70	422-423	,	_	_	
4-71	424-431	revoked	_	_	
4-72	432-434	or	_	_	
4-73	435-444	rescinded	_	_	
4-74	445-447	as	_	_	
4-75	448-450	of	_	_	
4-76	451-454	the	_	_	
4-77	455-459	date	_	_	
4-78	460-466	hereof	_	_	
4-79	466-467	.	_	_	

#Text=IN WITNESS WHEREOF, I have executed this certificate as of this 19th day of February, 2014.
5-1	471-473	IN	_	_	
5-2	474-481	WITNESS	_	_	
5-3	482-489	WHEREOF	_	_	
5-4	489-490	,	_	_	
5-5	491-492	I	_	_	
5-6	493-497	have	_	_	
5-7	498-506	executed	_	_	
5-8	507-511	this	_	_	
5-9	512-523	certificate	_	_	
5-10	524-526	as	_	_	
5-11	527-529	of	_	_	
5-12	530-534	this	_	_	
5-13	535-539	19th	DATE[2]	*[2]	
5-14	540-543	day	DATE[2]	*[2]	
5-15	544-546	of	DATE[2]	*[2]	
5-16	547-555	February	DATE[2]	*[2]	
5-17	555-556	,	DATE[2]	*[2]	
5-18	557-561	2014	DATE[2]	*[2]	
5-19	561-562	.	_	_	

#Text=/s/ Catherine M. Kilbane
6-1	568-569	/	_	_	
6-2	569-570	s	_	_	
6-3	570-571	/	_	_	
6-4	572-581	Catherine	WITNESS[3]	*[3]	
6-5	582-583	M	WITNESS[3]	*[3]	
6-6	583-584	.	WITNESS[3]	*[3]	
6-7	585-592	Kilbane	WITNESS[3]	*[3]	

#Text=Catherine M. Kilbane
7-1	610-619	Catherine	WITNESS[4]	*[4]	
7-2	620-621	M	WITNESS[4]	*[4]	
7-3	621-622	.	WITNESS[4]	*[4]	
7-4	623-630	Kilbane	WITNESS[4]	*[4]	

#Text=Secretary
8-1	632-641	Secretary	_	_	

#Text=RESOLVED, that the appropriate officers of the Company are each hereby authorized to execute and deliver a power of attorney appointing Christopher M. Connor, Sean P. Hennessy and Catherine M. Kilbane or any of them, with full power of substitution and resubstitution, to act as attorneys-in-fact for the Company and for such officers for the purpose of executing and filing with the Securities and Exchange Commission and any national securities exchange, on behalf of the Company, the Annual Report on Form 10-K for the fiscal year ended December 31, 2013 and any and all amendments, exhibits and other documents in connection therewith, and to take other action deemed necessary and appropriate to effect the filing of such Annual Report on Form 10-K and any and all such amendments, exhibits and other documents in connection therewith.
9-1	645-653	RESOLVED	_	_	
9-2	653-654	,	_	_	
9-3	655-659	that	_	_	
9-4	660-663	the	_	_	
9-5	664-675	appropriate	_	_	
9-6	676-684	officers	_	_	
9-7	685-687	of	_	_	
9-8	688-691	the	_	_	
9-9	692-699	Company	_	_	
9-10	700-703	are	_	_	
9-11	704-708	each	_	_	
9-12	709-715	hereby	_	_	
9-13	716-726	authorized	_	_	
9-14	727-729	to	_	_	
9-15	730-737	execute	_	_	
9-16	738-741	and	_	_	
9-17	742-749	deliver	_	_	
9-18	750-751	a	_	_	
9-19	752-757	power	_	_	
9-20	758-760	of	_	_	
9-21	761-769	attorney	_	_	
9-22	770-780	appointing	_	_	
9-23	781-792	Christopher	PER[5]	*[5]	
9-24	793-794	M	PER[5]	*[5]	
9-25	794-795	.	PER[5]	*[5]	
9-26	796-802	Connor	PER[5]	*[5]	
9-27	802-803	,	_	_	
9-28	804-808	Sean	PER[6]	*[6]	
9-29	809-810	P	PER[6]	*[6]	
9-30	810-811	.	PER[6]	*[6]	
9-31	812-820	Hennessy	PER[6]	*[6]	
9-32	821-824	and	_	_	
9-33	825-834	Catherine	PER[7]	*[7]	
9-34	835-836	M	PER[7]	*[7]	
9-35	836-837	.	PER[7]	*[7]	
9-36	838-845	Kilbane	PER[7]	*[7]	
9-37	846-848	or	_	_	
9-38	849-852	any	_	_	
9-39	853-855	of	_	_	
9-40	856-860	them	_	_	
9-41	860-861	,	_	_	
9-42	862-866	with	_	_	
9-43	867-871	full	_	_	
9-44	872-877	power	_	_	
9-45	878-880	of	_	_	
9-46	881-893	substitution	_	_	
9-47	894-897	and	_	_	
9-48	898-912	resubstitution	_	_	
9-49	912-913	,	_	_	
9-50	914-916	to	_	_	
9-51	917-920	act	_	_	
9-52	921-923	as	_	_	
9-53	924-941	attorneys-in-fact	_	_	
9-54	942-945	for	_	_	
9-55	946-949	the	_	_	
9-56	950-957	Company	_	_	
9-57	958-961	and	_	_	
9-58	962-965	for	_	_	
9-59	966-970	such	_	_	
9-60	971-979	officers	_	_	
9-61	980-983	for	_	_	
9-62	984-987	the	_	_	
9-63	988-995	purpose	_	_	
9-64	996-998	of	_	_	
9-65	999-1008	executing	_	_	
9-66	1009-1012	and	_	_	
9-67	1013-1019	filing	_	_	
9-68	1020-1024	with	_	_	
9-69	1025-1028	the	_	_	
9-70	1029-1039	Securities	_	_	
9-71	1040-1043	and	_	_	
9-72	1044-1052	Exchange	_	_	
9-73	1053-1063	Commission	_	_	
9-74	1064-1067	and	_	_	
9-75	1068-1071	any	_	_	
9-76	1072-1080	national	_	_	
9-77	1081-1091	securities	_	_	
9-78	1092-1100	exchange	_	_	
9-79	1100-1101	,	_	_	
9-80	1102-1104	on	_	_	
9-81	1105-1111	behalf	_	_	
9-82	1112-1114	of	_	_	
9-83	1115-1118	the	_	_	
9-84	1119-1126	Company	_	_	
9-85	1126-1127	,	_	_	
9-86	1128-1131	the	_	_	
9-87	1132-1138	Annual	_	_	
9-88	1139-1145	Report	_	_	
9-89	1146-1148	on	_	_	
9-90	1149-1153	Form	_	_	
9-91	1154-1156	10	_	_	
9-92	1156-1157	-	_	_	
9-93	1157-1158	K	_	_	
9-94	1159-1162	for	_	_	
9-95	1163-1166	the	_	_	
9-96	1167-1173	fiscal	_	_	
9-97	1174-1178	year	_	_	
9-98	1179-1184	ended	_	_	
9-99	1185-1193	December	_	_	
9-100	1194-1196	31	_	_	
9-101	1196-1197	,	_	_	
9-102	1198-1202	2013	_	_	
9-103	1203-1206	and	_	_	
9-104	1207-1210	any	_	_	
9-105	1211-1214	and	_	_	
9-106	1215-1218	all	_	_	
9-107	1219-1229	amendments	_	_	
9-108	1229-1230	,	_	_	
9-109	1231-1239	exhibits	_	_	
9-110	1240-1243	and	_	_	
9-111	1244-1249	other	_	_	
9-112	1250-1259	documents	_	_	
9-113	1260-1262	in	_	_	
9-114	1263-1273	connection	_	_	
9-115	1274-1283	therewith	_	_	
9-116	1283-1284	,	_	_	
9-117	1285-1288	and	_	_	
9-118	1289-1291	to	_	_	
9-119	1292-1296	take	_	_	
9-120	1297-1302	other	_	_	
9-121	1303-1309	action	_	_	
9-122	1310-1316	deemed	_	_	
9-123	1317-1326	necessary	_	_	
9-124	1327-1330	and	_	_	
9-125	1331-1342	appropriate	_	_	
9-126	1343-1345	to	_	_	
9-127	1346-1352	effect	_	_	
9-128	1353-1356	the	_	_	
9-129	1357-1363	filing	_	_	
9-130	1364-1366	of	_	_	
9-131	1367-1371	such	_	_	
9-132	1372-1378	Annual	_	_	
9-133	1379-1385	Report	_	_	
9-134	1386-1388	on	_	_	
9-135	1389-1393	Form	_	_	
9-136	1394-1396	10	_	_	
9-137	1396-1397	-	_	_	
9-138	1397-1398	K	_	_	
9-139	1399-1402	and	_	_	
9-140	1403-1406	any	_	_	
9-141	1407-1410	and	_	_	
9-142	1411-1414	all	_	_	
9-143	1415-1419	such	_	_	
9-144	1420-1430	amendments	_	_	
9-145	1430-1431	,	_	_	
9-146	1432-1440	exhibits	_	_	
9-147	1441-1444	and	_	_	
9-148	1445-1450	other	_	_	
9-149	1451-1460	documents	_	_	
9-150	1461-1463	in	_	_	
9-151	1464-1474	connection	_	_	
9-152	1475-1484	therewith	_	_	
9-153	1484-1485	.	_	_	
