#FORMAT=WebAnno TSV 3.2
#T_SP=webanno.custom.AgreementEntities|Agreement|Employment


#Text=EX-24 9 exhibi24.htm EXHIBIT 24
1-1	0-2	EX	_	_	
1-2	2-3	-	_	_	
1-3	3-5	24	_	_	
1-4	6-7	9	_	_	
1-5	8-16	exhibi24	_	_	
1-6	16-17	.	_	_	
1-7	17-20	htm	_	_	
1-8	21-28	EXHIBIT	_	_	
1-9	29-31	24	_	_	

#Text=Exhibit 24
2-1	33-40	Exhibit	_	_	
2-2	41-43	24	_	_	

#Text=POWER OF ATTORNEY
3-1	47-52	POWER	_	_	
3-2	53-55	OF	_	_	
3-3	56-64	ATTORNEY	_	_	

#Text=KNOW ALL MEN BY THESE PRESENTS, that each of the undersigned, being a director or officer of General Electric Company, a New York corporation (the "Company"), hereby constitutes and appoints Jeffrey R. Immelt, Brackett B. Denniston III, Jeffrey S. Bornstein, Jan R. Hauser, and Christoph A. Pereira, and each of them, his or her true and lawful attorney-in-fact and agent, with full power of substitution and resubstitution, for him or her and in his or her name, place and stead in any and all capacities, to sign one or more Annual Reports for the Company's fiscal year ended December 31, 2013 on Form 10-K under the Securities Exchange Act of 1934, as amended, or such other form as any such attorney-in-fact may deem necessary or desirable, any amendments thereto, and all additional amendments thereto, each in such form as they or any one of them may approve, and to file the same with all exhibits thereto and other documents in connection therewith with the Securities and Exchange Commission, granting unto said attorneys-in-fact and agents, and each of them, full power and authority to do and perform each and every act and thing requisite and necessary to be done so that such Annual Report shall comply with the Securities Exchange Act of 1934, as amended, and the applicable Rules and Regulations adopted or issued pursuant thereto, as fully and to all intents and purposes as he or she might or could do in person, hereby ratifying and confirming all that said attorneys-in-fact and agents, or any of them or their substitute or resubstitute, may lawfully do or cause to be done by virtue hereof.
4-1	68-72	KNOW	_	_	
4-2	73-76	ALL	_	_	
4-3	77-80	MEN	_	_	
4-4	81-83	BY	_	_	
4-5	84-89	THESE	_	_	
4-6	90-98	PRESENTS	_	_	
4-7	98-99	,	_	_	
4-8	100-104	that	_	_	
4-9	105-109	each	_	_	
4-10	110-112	of	_	_	
4-11	113-116	the	_	_	
4-12	117-128	undersigned	_	_	
4-13	128-129	,	_	_	
4-14	130-135	being	_	_	
4-15	136-137	a	_	_	
4-16	138-146	director	_	_	
4-17	147-149	or	_	_	
4-18	150-157	officer	_	_	
4-19	158-160	of	_	_	
4-20	161-168	General	COMP[1]	*[1]	
4-21	169-177	Electric	COMP[1]	*[1]	
4-22	178-185	Company	COMP[1]	*[1]	
4-23	185-186	,	COMP[1]	*[1]	
4-24	187-188	a	_	_	
4-25	189-192	New	_	_	
4-26	193-197	York	_	_	
4-27	198-209	corporation	_	_	
4-28	210-211	(	_	_	
4-29	211-214	the	_	_	
4-30	215-216	"	_	_	
4-31	216-223	Company	_	_	
4-32	223-224	"	_	_	
4-33	224-225	)	_	_	
4-34	225-226	,	_	_	
4-35	227-233	hereby	_	_	
4-36	234-245	constitutes	_	_	
4-37	246-249	and	_	_	
4-38	250-258	appoints	_	_	
4-39	259-266	Jeffrey	PER[2]	*[2]	
4-40	267-268	R	PER[2]	*[2]	
4-41	268-269	.	PER[2]	*[2]	
4-42	270-276	Immelt	PER[2]	*[2]	
4-43	276-277	,	_	_	
4-44	278-286	Brackett	PER[3]	*[3]	
4-45	287-288	B	PER[3]	*[3]	
4-46	288-289	.	PER[3]	*[3]	
4-47	290-299	Denniston	PER[3]	*[3]	
4-48	300-303	III	PER[3]	*[3]	
4-49	303-304	,	_	_	
4-50	305-312	Jeffrey	PER[4]	*[4]	
4-51	313-314	S	PER[4]	*[4]	
4-52	314-315	.	PER[4]	*[4]	
4-53	316-325	Bornstein	PER[4]	*[4]	
4-54	325-326	,	_	_	
4-55	327-330	Jan	PER[5]	*[5]	
4-56	331-332	R	PER[5]	*[5]	
4-57	332-333	.	PER[5]	*[5]	
4-58	334-340	Hauser	PER[5]	*[5]	
4-59	340-341	,	_	_	
4-60	342-345	and	_	_	
4-61	346-355	Christoph	PER[6]	*[6]	
4-62	356-357	A	PER[6]	*[6]	
4-63	357-358	.	PER[6]	*[6]	
4-64	359-366	Pereira	PER[6]	*[6]	
4-65	366-367	,	PER[6]	*[6]	
4-66	368-371	and	_	_	
4-67	372-376	each	_	_	
4-68	377-379	of	_	_	
4-69	380-384	them	_	_	
4-70	384-385	,	_	_	
4-71	386-389	his	_	_	
4-72	390-392	or	_	_	
4-73	393-396	her	_	_	
4-74	397-401	true	_	_	
4-75	402-405	and	_	_	
4-76	406-412	lawful	_	_	
4-77	413-429	attorney-in-fact	_	_	
4-78	430-433	and	_	_	
4-79	434-439	agent	_	_	
4-80	439-440	,	_	_	
4-81	441-445	with	_	_	
4-82	446-450	full	_	_	
4-83	451-456	power	_	_	
4-84	457-459	of	_	_	
4-85	460-472	substitution	_	_	
4-86	473-476	and	_	_	
4-87	477-491	resubstitution	_	_	
4-88	491-492	,	_	_	
4-89	493-496	for	_	_	
4-90	497-500	him	_	_	
4-91	501-503	or	_	_	
4-92	504-507	her	_	_	
4-93	508-511	and	_	_	
4-94	512-514	in	_	_	
4-95	515-518	his	_	_	
4-96	519-521	or	_	_	
4-97	522-525	her	_	_	
4-98	526-530	name	_	_	
4-99	530-531	,	_	_	
4-100	532-537	place	_	_	
4-101	538-541	and	_	_	
4-102	542-547	stead	_	_	
4-103	548-550	in	_	_	
4-104	551-554	any	_	_	
4-105	555-558	and	_	_	
4-106	559-562	all	_	_	
4-107	563-573	capacities	_	_	
4-108	573-574	,	_	_	
4-109	575-577	to	_	_	
4-110	578-582	sign	_	_	
4-111	583-586	one	_	_	
4-112	587-589	or	_	_	
4-113	590-594	more	_	_	
4-114	595-601	Annual	_	_	
4-115	602-609	Reports	_	_	
4-116	610-613	for	_	_	
4-117	614-617	the	_	_	
4-118	618-627	Company's	_	_	
4-119	628-634	fiscal	_	_	
4-120	635-639	year	_	_	
4-121	640-645	ended	_	_	
4-122	646-654	December	_	_	
4-123	655-657	31	_	_	
4-124	657-658	,	_	_	
4-125	659-663	2013	_	_	
4-126	664-666	on	_	_	
4-127	667-671	Form	_	_	
4-128	672-674	10	_	_	
4-129	674-675	-	_	_	
4-130	675-676	K	_	_	
4-131	677-682	under	_	_	
4-132	683-686	the	_	_	
4-133	687-697	Securities	_	_	
4-134	698-706	Exchange	_	_	
4-135	707-710	Act	_	_	
4-136	711-713	of	_	_	
4-137	714-718	1934	_	_	
4-138	718-719	,	_	_	
4-139	720-722	as	_	_	
4-140	723-730	amended	_	_	
4-141	730-731	,	_	_	
4-142	732-734	or	_	_	
4-143	735-739	such	_	_	
4-144	740-745	other	_	_	
4-145	746-750	form	_	_	
4-146	751-753	as	_	_	
4-147	754-757	any	_	_	
4-148	758-762	such	_	_	
4-149	763-779	attorney-in-fact	_	_	
4-150	780-783	may	_	_	
4-151	784-788	deem	_	_	
4-152	789-798	necessary	_	_	
4-153	799-801	or	_	_	
4-154	802-811	desirable	_	_	
4-155	811-812	,	_	_	
4-156	813-816	any	_	_	
4-157	817-827	amendments	_	_	
4-158	828-835	thereto	_	_	
4-159	835-836	,	_	_	
4-160	837-840	and	_	_	
4-161	841-844	all	_	_	
4-162	845-855	additional	_	_	
4-163	856-866	amendments	_	_	
4-164	867-874	thereto	_	_	
4-165	874-875	,	_	_	
4-166	876-880	each	_	_	
4-167	881-883	in	_	_	
4-168	884-888	such	_	_	
4-169	889-893	form	_	_	
4-170	894-896	as	_	_	
4-171	897-901	they	_	_	
4-172	902-904	or	_	_	
4-173	905-908	any	_	_	
4-174	909-912	one	_	_	
4-175	913-915	of	_	_	
4-176	916-920	them	_	_	
4-177	921-924	may	_	_	
4-178	925-932	approve	_	_	
4-179	932-933	,	_	_	
4-180	934-937	and	_	_	
4-181	938-940	to	_	_	
4-182	941-945	file	_	_	
4-183	946-949	the	_	_	
4-184	950-954	same	_	_	
4-185	955-959	with	_	_	
4-186	960-963	all	_	_	
4-187	964-972	exhibits	_	_	
4-188	973-980	thereto	_	_	
4-189	981-984	and	_	_	
4-190	985-990	other	_	_	
4-191	991-1000	documents	_	_	
4-192	1001-1003	in	_	_	
4-193	1004-1014	connection	_	_	
4-194	1015-1024	therewith	_	_	
4-195	1025-1029	with	_	_	
4-196	1030-1033	the	_	_	
4-197	1034-1044	Securities	_	_	
4-198	1045-1048	and	_	_	
4-199	1049-1057	Exchange	_	_	
4-200	1058-1068	Commission	_	_	
4-201	1068-1069	,	_	_	
4-202	1070-1078	granting	_	_	
4-203	1079-1083	unto	_	_	
4-204	1084-1088	said	_	_	
4-205	1089-1106	attorneys-in-fact	_	_	
4-206	1107-1110	and	_	_	
4-207	1111-1117	agents	_	_	
4-208	1117-1118	,	_	_	
4-209	1119-1122	and	_	_	
4-210	1123-1127	each	_	_	
4-211	1128-1130	of	_	_	
4-212	1131-1135	them	_	_	
4-213	1135-1136	,	_	_	
4-214	1137-1141	full	_	_	
4-215	1142-1147	power	_	_	
4-216	1148-1151	and	_	_	
4-217	1152-1161	authority	_	_	
4-218	1162-1164	to	_	_	
4-219	1165-1167	do	_	_	
4-220	1168-1171	and	_	_	
4-221	1172-1179	perform	_	_	
4-222	1180-1184	each	_	_	
4-223	1185-1188	and	_	_	
4-224	1189-1194	every	_	_	
4-225	1195-1198	act	_	_	
4-226	1199-1202	and	_	_	
4-227	1203-1208	thing	_	_	
4-228	1209-1218	requisite	_	_	
4-229	1219-1222	and	_	_	
4-230	1223-1232	necessary	_	_	
4-231	1233-1235	to	_	_	
4-232	1236-1238	be	_	_	
4-233	1239-1243	done	_	_	
4-234	1244-1246	so	_	_	
4-235	1247-1251	that	_	_	
4-236	1252-1256	such	_	_	
4-237	1257-1263	Annual	_	_	
4-238	1264-1270	Report	_	_	
4-239	1271-1276	shall	_	_	
4-240	1277-1283	comply	_	_	
4-241	1284-1288	with	_	_	
4-242	1289-1292	the	_	_	
4-243	1293-1303	Securities	_	_	
4-244	1304-1312	Exchange	_	_	
4-245	1313-1316	Act	_	_	
4-246	1317-1319	of	_	_	
4-247	1320-1324	1934	_	_	
4-248	1324-1325	,	_	_	
4-249	1326-1328	as	_	_	
4-250	1329-1336	amended	_	_	
4-251	1336-1337	,	_	_	
4-252	1338-1341	and	_	_	
4-253	1342-1345	the	_	_	
4-254	1346-1356	applicable	_	_	
4-255	1357-1362	Rules	_	_	
4-256	1363-1366	and	_	_	
4-257	1367-1378	Regulations	_	_	
4-258	1379-1386	adopted	_	_	
4-259	1387-1389	or	_	_	
4-260	1390-1396	issued	_	_	
4-261	1397-1405	pursuant	_	_	
4-262	1406-1413	thereto	_	_	
4-263	1413-1414	,	_	_	
4-264	1415-1417	as	_	_	
4-265	1418-1423	fully	_	_	
4-266	1424-1427	and	_	_	
4-267	1428-1430	to	_	_	
4-268	1431-1434	all	_	_	
4-269	1435-1442	intents	_	_	
4-270	1443-1446	and	_	_	
4-271	1447-1455	purposes	_	_	
4-272	1456-1458	as	_	_	
4-273	1459-1461	he	_	_	
4-274	1462-1464	or	_	_	
4-275	1465-1468	she	_	_	
4-276	1469-1474	might	_	_	
4-277	1475-1477	or	_	_	
4-278	1478-1483	could	_	_	
4-279	1484-1486	do	_	_	
4-280	1487-1489	in	_	_	
4-281	1490-1496	person	_	_	
4-282	1496-1497	,	_	_	
4-283	1498-1504	hereby	_	_	
4-284	1505-1514	ratifying	_	_	
4-285	1515-1518	and	_	_	
4-286	1519-1529	confirming	_	_	
4-287	1530-1533	all	_	_	
4-288	1534-1538	that	_	_	
4-289	1539-1543	said	_	_	
4-290	1544-1561	attorneys-in-fact	_	_	
4-291	1562-1565	and	_	_	
4-292	1566-1572	agents	_	_	
4-293	1572-1573	,	_	_	
4-294	1574-1576	or	_	_	
4-295	1577-1580	any	_	_	
4-296	1581-1583	of	_	_	
4-297	1584-1588	them	_	_	
4-298	1589-1591	or	_	_	
4-299	1592-1597	their	_	_	
4-300	1598-1608	substitute	_	_	
4-301	1609-1611	or	_	_	
4-302	1612-1624	resubstitute	_	_	
4-303	1624-1625	,	_	_	
4-304	1626-1629	may	_	_	
4-305	1630-1638	lawfully	_	_	
4-306	1639-1641	do	_	_	
4-307	1642-1644	or	_	_	
4-308	1645-1650	cause	_	_	
4-309	1651-1653	to	_	_	
4-310	1654-1656	be	_	_	
4-311	1657-1661	done	_	_	
4-312	1662-1664	by	_	_	
4-313	1665-1671	virtue	_	_	
4-314	1672-1678	hereof	_	_	
4-315	1678-1679	.	_	_	

#Text=IN WITNESS WHEREOF, each of the undersigned has hereunto set his or her hand this 7th day of February, 2014.
5-1	1683-1685	IN	_	_	
5-2	1686-1693	WITNESS	_	_	
5-3	1694-1701	WHEREOF	_	_	
5-4	1701-1702	,	_	_	
5-5	1703-1707	each	_	_	
5-6	1708-1710	of	_	_	
5-7	1711-1714	the	_	_	
5-8	1715-1726	undersigned	_	_	
5-9	1727-1730	has	_	_	
5-10	1731-1739	hereunto	_	_	
5-11	1740-1743	set	_	_	
5-12	1744-1747	his	_	_	
5-13	1748-1750	or	_	_	
5-14	1751-1754	her	_	_	
5-15	1755-1759	hand	_	_	
5-16	1760-1764	this	_	_	
5-17	1765-1768	7th	DATE[7]	*[7]	
5-18	1769-1772	day	DATE[7]	*[7]	
5-19	1773-1775	of	DATE[7]	*[7]	
5-20	1776-1784	February	DATE[7]	*[7]	
5-21	1784-1785	,	DATE[7]	*[7]	
5-22	1786-1790	2014	DATE[7]	*[7]	
5-23	1790-1791	.	DATE[7]	*[7]	

#Text=/s/ Jeffrey R. Immelt
6-1	1798-1799	/	_	_	
6-2	1799-1800	s	_	_	
6-3	1800-1801	/	_	_	
6-4	1802-1809	Jeffrey	WITNESS[8]	*[8]	
6-5	1810-1811	R	WITNESS[8]	*[8]	
6-6	1811-1812	.	WITNESS[8]	*[8]	
6-7	1813-1819	Immelt	WITNESS[8]	*[8]	

#Text=Jeffrey R. Immelt
7-1	1826-1833	Jeffrey	_	_	
7-2	1834-1835	R	_	_	
7-3	1835-1836	.	_	_	
7-4	1837-1843	Immelt	_	_	

#Text=Chairman of the Board
8-1	1850-1858	Chairman	_	_	
8-2	1859-1861	of	_	_	
8-3	1862-1865	the	_	_	
8-4	1866-1871	Board	_	_	

#Text=(Principal Executive
9-1	1879-1880	(	_	_	
9-2	1880-1889	Principal	_	_	
9-3	1890-1899	Executive	_	_	

#Text=Officer and Director)
10-1	1907-1914	Officer	_	_	
10-2	1915-1918	and	_	_	
10-3	1919-1927	Director	_	_	
10-4	1927-1928	)	_	_	

#Text=/s/ Jeffrey S. Bornstein
11-1	1937-1938	/	_	_	
11-2	1938-1939	s	_	_	
11-3	1939-1940	/	_	_	
11-4	1941-1948	Jeffrey	WITNESS[9]	*[9]	
11-5	1949-1950	S	WITNESS[9]	*[9]	
11-6	1950-1951	.	WITNESS[9]	*[9]	
11-7	1952-1961	Bornstein	WITNESS[9]	*[9]	

#Text=/s/ Jan R. Hauser
12-1	1967-1968	/	_	_	
12-2	1968-1969	s	_	_	
12-3	1969-1970	/	_	_	
12-4	1971-1974	Jan	WITNESS[10]	*[10]	
12-5	1975-1976	R	WITNESS[10]	*[10]	
12-6	1976-1977	.	WITNESS[10]	*[10]	
12-7	1978-1984	Hauser	WITNESS[10]	*[10]	

#Text=Jeffrey S. Bornstein
13-1	1986-1993	Jeffrey	_	_	
13-2	1994-1995	S	_	_	
13-3	1995-1996	.	_	_	
13-4	1997-2006	Bornstein	_	_	

#Text=Jan R. Hauser
14-1	2012-2015	Jan	_	_	
14-2	2016-2017	R	_	_	
14-3	2017-2018	.	_	_	
14-4	2019-2025	Hauser	_	_	

#Text=Senior Vice President and
15-1	2027-2033	Senior	_	_	
15-2	2034-2038	Vice	_	_	
15-3	2039-2048	President	_	_	
15-4	2049-2052	and	_	_	

#Text=Vice President and Controller
16-1	2058-2062	Vice	_	_	
16-2	2063-2072	President	_	_	
16-3	2073-2076	and	_	_	
16-4	2077-2087	Controller	_	_	

#Text=Chief Financial Officer
17-1	2089-2094	Chief	_	_	
17-2	2095-2104	Financial	_	_	
17-3	2105-2112	Officer	_	_	

#Text=(Principal Accounting Officer)
18-1	2118-2119	(	_	_	
18-2	2119-2128	Principal	_	_	
18-3	2129-2139	Accounting	_	_	
18-4	2140-2147	Officer	_	_	
18-5	2147-2148	)	_	_	

#Text=(Principal Financial Officer)
19-1	2150-2151	(	_	_	
19-2	2151-2160	Principal	_	_	
19-3	2161-2170	Financial	_	_	
19-4	2171-2178	Officer	_	_	
19-5	2178-2179	)	_	_	

#Text=(Page 1 of 2)
20-1	2183-2184	(	_	_	
20-2	2184-2188	Page	_	_	
20-3	2189-2190	1	_	_	
20-4	2191-2193	of	_	_	
20-5	2194-2195	2	_	_	
20-6	2195-2196	)	_	_	

#Text=/s/ W. Geoffrey Beattie
21-1	2200-2201	/	_	_	
21-2	2201-2202	s	_	_	
21-3	2202-2203	/	_	_	
21-4	2204-2205	W	_	_	
21-5	2205-2206	.	WITNESS[11]	*[11]	
21-6	2207-2215	Geoffrey	WITNESS[11]	*[11]	
21-7	2216-2223	Beattie	WITNESS[11]	*[11]	

#Text=/s/ Ralph S. Larsen
22-1	2229-2230	/	_	_	
22-2	2230-2231	s	_	_	
22-3	2231-2232	/	_	_	
22-4	2233-2238	Ralph	WITNESS[12]	*[12]	
22-5	2239-2240	S	WITNESS[12]	*[12]	
22-6	2240-2241	.	WITNESS[12]	*[12]	
22-7	2242-2248	Larsen	WITNESS[12]	*[12]	

#Text=W. Geoffrey Beattie
23-1	2250-2251	W	_	_	
23-2	2251-2252	.	_	_	
23-3	2253-2261	Geoffrey	_	_	
23-4	2262-2269	Beattie	_	_	

#Text=Ralph S. Larsen
24-1	2275-2280	Ralph	_	_	
24-2	2281-2282	S	_	_	
24-3	2282-2283	.	_	_	
24-4	2284-2290	Larsen	_	_	

#Text=Director
25-1	2292-2300	Director	_	_	

#Text=Director
26-1	2306-2314	Director	_	_	

#Text=/s/ John J. Brennan
27-1	2326-2327	/	_	_	
27-2	2327-2328	s	_	_	
27-3	2328-2329	/	_	_	
27-4	2330-2334	John	WITNESS[13]	*[13]	
27-5	2335-2336	J	WITNESS[13]	*[13]	
27-6	2336-2337	.	WITNESS[13]	*[13]	
27-7	2338-2345	Brennan	WITNESS[13]	*[13]	

#Text=/s/ Rochelle B. Lazarus
28-1	2351-2352	/	_	_	
28-2	2352-2353	s	_	_	
28-3	2353-2354	/	_	_	
28-4	2355-2363	Rochelle	WITNESS[14]	*[14]	
28-5	2364-2365	B	WITNESS[14]	*[14]	
28-6	2365-2366	.	WITNESS[14]	*[14]	
28-7	2367-2374	Lazarus	WITNESS[14]	*[14]	

#Text=John J. Brennan
29-1	2376-2380	John	_	_	
29-2	2381-2382	J	_	_	
29-3	2382-2383	.	_	_	
29-4	2384-2391	Brennan	_	_	

#Text=Rochelle B. Lazarus
30-1	2397-2405	Rochelle	_	_	
30-2	2406-2407	B	_	_	
30-3	2407-2408	.	_	_	
30-4	2409-2416	Lazarus	_	_	

#Text=Director
31-1	2418-2426	Director	_	_	

#Text=Director
32-1	2432-2440	Director	_	_	

#Text=/s/ James I. Cash, Jr.
33-1	2453-2454	/	_	_	
33-2	2454-2455	s	_	_	
33-3	2455-2456	/	_	_	
33-4	2457-2462	James	WITNESS[15]	*[15]	
33-5	2463-2464	I	WITNESS[15]	*[15]	
33-6	2464-2465	.	WITNESS[15]	*[15]	
33-7	2466-2470	Cash	WITNESS[15]	*[15]	
33-8	2470-2471	,	WITNESS[15]	*[15]	
33-9	2472-2474	Jr	WITNESS[15]	*[15]	
33-10	2474-2475	.	_	_	

#Text=/s/ James J. Mulva
34-1	2481-2482	/	_	_	
34-2	2482-2483	s	_	_	
34-3	2483-2484	/	_	_	
34-4	2485-2490	James	WITNESS[16]	*[16]	
34-5	2491-2492	J	WITNESS[16]	*[16]	
34-6	2492-2493	.	WITNESS[16]	*[16]	
34-7	2494-2499	Mulva	WITNESS[16]	*[16]	

#Text=James I. Cash, Jr.
35-1	2501-2506	James	_	_	
35-2	2507-2508	I	_	_	
35-3	2508-2509	.	_	_	
35-4	2510-2514	Cash	_	_	
35-5	2514-2515	,	_	_	
35-6	2516-2518	Jr	_	_	
35-7	2518-2519	.	_	_	

#Text=James J. Mulva
36-1	2525-2530	James	_	_	
36-2	2531-2532	J	_	_	
36-3	2532-2533	.	_	_	
36-4	2534-2539	Mulva	_	_	

#Text=Director
37-1	2541-2549	Director	_	_	

#Text=Director
38-1	2554-2562	Director	_	_	

#Text=/s/ Francisco D’Souza
39-1	2564-2565	/	_	_	
39-2	2565-2566	s	_	_	
39-3	2566-2567	/	_	_	
39-4	2568-2577	Francisco	WITNESS[17]	*[17]	
39-5	2578-2579	D	WITNESS[17]	*[17]	
39-6	2579-2580	’	WITNESS[17]	*[17]	
39-7	2580-2585	Souza	WITNESS[17]	*[17]	

#Text=/s/ James E. Rohr
40-1	2591-2592	/	_	_	
40-2	2592-2593	s	_	_	
40-3	2593-2594	/	_	_	
40-4	2595-2600	James	WITNESS[18]	*[18]	
40-5	2601-2602	E	WITNESS[18]	*[18]	
40-6	2602-2603	.	WITNESS[18]	*[18]	
40-7	2604-2608	Rohr	WITNESS[18]	*[18]	

#Text=Francisco D’Souza
41-1	2610-2619	Francisco	_	_	
41-2	2620-2621	D	_	_	
41-3	2621-2622	’	_	_	
41-4	2622-2627	Souza	_	_	

#Text=Director
42-1	2629-2637	Director	_	_	

#Text=James E. Rohr
43-1	2640-2645	James	_	_	
43-2	2646-2647	E	_	_	
43-3	2647-2648	.	_	_	
43-4	2649-2653	Rohr	_	_	

#Text=Director
44-1	2655-2663	Director	_	_	

#Text=/s/ Marijn E. Dekkers
45-1	2665-2666	/	_	_	
45-2	2666-2667	s	_	_	
45-3	2667-2668	/	_	_	
45-4	2669-2675	Marijn	WITNESS[19]	*[19]	
45-5	2676-2677	E	WITNESS[19]	*[19]	
45-6	2677-2678	.	WITNESS[19]	*[19]	
45-7	2679-2686	Dekkers	WITNESS[19]	*[19]	

#Text=/s/ Mary L. Schapiro
46-1	2692-2693	/	_	_	
46-2	2693-2694	s	_	_	
46-3	2694-2695	/	_	_	
46-4	2696-2700	Mary	WITNESS[20]	*[20]	
46-5	2701-2702	L	WITNESS[20]	*[20]	
46-6	2702-2703	.	WITNESS[20]	*[20]	
46-7	2704-2712	Schapiro	WITNESS[20]	*[20]	

#Text=Marijn E. Dekkers
47-1	2714-2720	Marijn	_	_	
47-2	2721-2722	E	_	_	
47-3	2722-2723	.	_	_	
47-4	2724-2731	Dekkers	_	_	

#Text=Mary L. Schapiro
48-1	2737-2741	Mary	_	_	
48-2	2742-2743	L	_	_	
48-3	2743-2744	.	_	_	
48-4	2745-2753	Schapiro	_	_	

#Text=Director
49-1	2755-2763	Director	_	_	

#Text=Director
50-1	2769-2777	Director	_	_	

#Text=/s/ Ann M. Fudge
51-1	2790-2791	/	_	_	
51-2	2791-2792	s	_	_	
51-3	2792-2793	/	_	_	
51-4	2794-2797	Ann	WITNESS[21]	*[21]	
51-5	2798-2799	M	WITNESS[21]	*[21]	
51-6	2799-2800	.	WITNESS[21]	*[21]	
51-7	2801-2806	Fudge	WITNESS[21]	*[21]	

#Text=/s/ Robert J. Swieringa
52-1	2812-2813	/	_	_	
52-2	2813-2814	s	_	_	
52-3	2814-2815	/	_	_	
52-4	2816-2822	Robert	WITNESS[22]	*[22]	
52-5	2823-2824	J	WITNESS[22]	*[22]	
52-6	2824-2825	.	WITNESS[22]	*[22]	
52-7	2826-2835	Swieringa	WITNESS[22]	*[22]	

#Text=Ann M. Fudge
53-1	2837-2840	Ann	_	_	
53-2	2841-2842	M	_	_	
53-3	2842-2843	.	_	_	
53-4	2844-2849	Fudge	_	_	

#Text=Robert J. Swieringa
54-1	2855-2861	Robert	_	_	
54-2	2862-2863	J	_	_	
54-3	2863-2864	.	_	_	
54-4	2865-2874	Swieringa	_	_	

#Text=/s/ Susan Hockfield
55-1	2882-2883	/	_	_	
55-2	2883-2884	s	_	_	
55-3	2884-2885	/	_	_	
55-4	2886-2891	Susan	WITNESS[23]	*[23]	
55-5	2892-2901	Hockfield	WITNESS[23]	*[23]	

#Text=/s/ James S. Tisch
56-1	2907-2908	/	_	_	
56-2	2908-2909	s	_	_	
56-3	2909-2910	/	_	_	
56-4	2911-2916	James	WITNESS[24]	*[24]	
56-5	2917-2918	S	WITNESS[24]	*[24]	
56-6	2918-2919	.	WITNESS[24]	*[24]	
56-7	2920-2925	Tisch	WITNESS[24]	*[24]	

#Text=Susan Hockfield\t \tJames S. Tisch
57-1	2927-2932	Susan	_	_	
57-2	2933-2942	Hockfield	_	_	
57-3	2945-2950	James	_	_	
57-4	2951-2952	S	_	_	
57-5	2952-2953	.	_	_	
57-6	2954-2959	Tisch	_	_	

#Text=Director\t \tDirector
58-1	2961-2969	Director	_	_	
58-2	2972-2980	Director	_	_	

#Text=/s/ Andrea Jung\t \t/s/ Douglas A. Warner III
59-1	2993-2994	/	_	_	
59-2	2994-2995	s	_	_	
59-3	2995-2996	/	_	_	
59-4	2997-3003	Andrea	WITNESS[25]	*[25]	
59-5	3004-3008	Jung	WITNESS[25]	*[25]	
59-6	3011-3012	/	_	_	
59-7	3012-3013	s	_	_	
59-8	3013-3014	/	_	_	
59-9	3015-3022	Douglas	WITNESS[26]	*[26]	
59-10	3023-3024	A	WITNESS[26]	*[26]	
59-11	3024-3025	.	WITNESS[26]	*[26]	
59-12	3026-3032	Warner	WITNESS[26]	*[26]	
59-13	3033-3036	III	WITNESS[26]	*[26]	

#Text=Andrea Jung\t \tDouglas A. Warner III
60-1	3038-3044	Andrea	WITNESS[27]	*[27]	
60-2	3045-3049	Jung	WITNESS[27]	*[27]	
60-3	3052-3059	Douglas	WITNESS[28]	*[28]	
60-4	3060-3061	A	WITNESS[28]	*[28]	
60-5	3061-3062	.	WITNESS[28]	*[28]	
60-6	3063-3069	Warner	WITNESS[28]	*[28]	
60-7	3070-3073	III	WITNESS[28]	*[28]	

#Text=Director\t \tDirector
61-1	3075-3083	Director	_	_	
61-2	3086-3094	Director	_	_	

#Text=/s/ Robert W. Lane
62-1	3107-3108	/	_	_	
62-2	3108-3109	s	_	_	
62-3	3109-3110	/	_	_	
62-4	3111-3117	Robert	WITNESS\_1[29]	*[29]	
62-5	3118-3119	W	WITNESS\_1[29]	*[29]	
62-6	3119-3120	.	WITNESS\_1[29]	*[29]	
62-7	3121-3125	Lane	WITNESS\_1[29]	*[29]	

#Text=Robert W. Lane
63-1	3131-3137	Robert	WITNESS[30]	*[30]	
63-2	3138-3139	W	WITNESS[30]	*[30]	
63-3	3139-3140	.	WITNESS[30]	*[30]	
63-4	3141-3145	Lane	WITNESS[30]	*[30]	

#Text=Director
64-1	3151-3159	Director	_	_	

#Text=A MAJORITY OF THE BOARD OF DIRECTORS
65-1	3167-3168	A	_	_	
65-2	3169-3177	MAJORITY	_	_	
65-3	3178-3180	OF	_	_	
65-4	3181-3184	THE	_	_	
65-5	3185-3190	BOARD	_	_	
65-6	3191-3193	OF	_	_	
65-7	3194-3203	DIRECTORS	_	_	
