#FORMAT=WebAnno TSV 3.2
#T_SP=webanno.custom.AgreementEntities|Agreement|Employment


#Text=EX-24 10 wfc-12312016xex24.htm EXHIBIT 24
1-1	0-2	EX	_	_	
1-2	2-3	-	_	_	
1-3	3-5	24	_	_	
1-4	6-8	10	_	_	
1-5	9-12	wfc	_	_	
1-6	12-13	-	_	_	
1-7	13-26	12312016xex24	_	_	
1-8	26-27	.	_	_	
1-9	27-30	htm	_	_	
1-10	31-38	EXHIBIT	_	_	
1-11	39-41	24	_	_	

#Text=Exhibit 24
2-1	45-52	Exhibit	_	_	
2-2	53-55	24	_	_	

#Text=WELLS FARGO & COMPANY
3-1	60-65	WELLS	COMP[1]	*[1]	
3-2	66-71	FARGO	COMP[1]	*[1]	
3-3	72-73	&	COMP[1]	*[1]	
3-4	74-81	COMPANY	COMP[1]	*[1]	

#Text=Power of Attorney of Director
4-1	86-91	Power	_	_	
4-2	92-94	of	_	_	
4-3	95-103	Attorney	_	_	
4-4	104-106	of	_	_	
4-5	107-115	Director	_	_	

#Text=KNOW ALL MEN BY THESE PRESENTS, that the undersigned director of WELLS FARGO & COMPANY, a Delaware corporation, does hereby make, constitute, and appoint JAMES H. QUIGLEY, a director and Chairman of the Audit and Examination Committee of the Board of Directors, and JOHN D. BAKER II, FEDERICO F. PEÑA, SUSAN G. SWENSON AND SUZANNE M. VAUTRINOT, directors and members of the Audit and Examination Committee of the Board of Directors, and each or any of them, the undersigned’s true and lawful attorneys-in-fact, with power of substitution, for the undersigned and in the undersigned’s name, place, and stead, to sign and affix the undersigned’s name as such director of said Company to an Annual Report on Form 10-K for the fiscal year ended December 31, 2016, and all amendments thereto, to be filed by said Company with the Securities and Exchange Commission, Washington, D.C. under the Securities Exchange Act of 1934, and the rules and regulations of said Commission, and to file the same, with all exhibits thereto and other supporting documents, with said Commission, granting unto said attorneys-in-fact, and each or either of them, full power and authority to do and perform any and all acts necessary or incidental to the performance and execution of the powers herein expressly granted.
5-1	120-124	KNOW	_	_	
5-2	125-128	ALL	_	_	
5-3	129-132	MEN	_	_	
5-4	133-135	BY	_	_	
5-5	136-141	THESE	_	_	
5-6	142-150	PRESENTS	_	_	
5-7	150-151	,	_	_	
5-8	152-156	that	_	_	
5-9	157-160	the	_	_	
5-10	161-172	undersigned	_	_	
5-11	173-181	director	_	_	
5-12	182-184	of	_	_	
5-13	185-190	WELLS	COMP[2]	*[2]	
5-14	191-196	FARGO	COMP[2]	*[2]	
5-15	197-198	&	COMP[2]	*[2]	
5-16	199-206	COMPANY	COMP[2]	*[2]	
5-17	206-207	,	_	_	
5-18	208-209	a	_	_	
5-19	210-218	Delaware	_	_	
5-20	219-230	corporation	_	_	
5-21	230-231	,	_	_	
5-22	232-236	does	_	_	
5-23	237-243	hereby	_	_	
5-24	244-248	make	_	_	
5-25	248-249	,	_	_	
5-26	250-260	constitute	_	_	
5-27	260-261	,	_	_	
5-28	262-265	and	_	_	
5-29	266-273	appoint	_	_	
5-30	274-279	JAMES	PER[3]	*[3]	
5-31	280-281	H	PER[3]	*[3]	
5-32	281-282	.	PER[3]	*[3]	
5-33	283-290	QUIGLEY	PER[3]	*[3]	
5-34	290-291	,	_	_	
5-35	292-293	a	_	_	
5-36	294-302	director	_	_	
5-37	303-306	and	_	_	
5-38	307-315	Chairman	_	_	
5-39	316-318	of	_	_	
5-40	319-322	the	_	_	
5-41	323-328	Audit	_	_	
5-42	329-332	and	_	_	
5-43	333-344	Examination	_	_	
5-44	345-354	Committee	_	_	
5-45	355-357	of	_	_	
5-46	358-361	the	_	_	
5-47	362-367	Board	_	_	
5-48	368-370	of	_	_	
5-49	371-380	Directors	_	_	
5-50	380-381	,	_	_	
5-51	382-385	and	_	_	
5-52	386-390	JOHN	PER[4]	*[4]	
5-53	391-392	D	PER[4]	*[4]	
5-54	392-393	.	PER[4]	*[4]	
5-55	394-399	BAKER	PER[4]	*[4]	
5-56	400-402	II	PER[4]	*[4]	
5-57	402-403	,	_	_	
5-58	404-412	FEDERICO	PER[5]	*[5]	
5-59	413-414	F	PER[5]	*[5]	
5-60	414-415	.	PER[5]	*[5]	
5-61	416-420	PEÑA	PER[5]	*[5]	
5-62	420-421	,	_	_	
5-63	422-427	SUSAN	PER[6]	*[6]	
5-64	428-429	G	PER[6]	*[6]	
5-65	429-430	.	PER[6]	*[6]	
5-66	431-438	SWENSON	PER[6]	*[6]	
5-67	439-442	AND	_	_	
5-68	443-450	SUZANNE	PER[7]	*[7]	
5-69	451-452	M	PER[7]	*[7]	
5-70	452-453	.	PER[7]	*[7]	
5-71	454-463	VAUTRINOT	PER[7]	*[7]	
5-72	463-464	,	_	_	
5-73	465-474	directors	_	_	
5-74	475-478	and	_	_	
5-75	479-486	members	_	_	
5-76	487-489	of	_	_	
5-77	490-493	the	_	_	
5-78	494-499	Audit	_	_	
5-79	500-503	and	_	_	
5-80	504-515	Examination	_	_	
5-81	516-525	Committee	_	_	
5-82	526-528	of	_	_	
5-83	529-532	the	_	_	
5-84	533-538	Board	_	_	
5-85	539-541	of	_	_	
5-86	542-551	Directors	_	_	
5-87	551-552	,	_	_	
5-88	553-556	and	_	_	
5-89	557-561	each	_	_	
5-90	562-564	or	_	_	
5-91	565-568	any	_	_	
5-92	569-571	of	_	_	
5-93	572-576	them	_	_	
5-94	576-577	,	_	_	
5-95	578-581	the	_	_	
5-96	582-593	undersigned	_	_	
5-97	593-594	’	_	_	
5-98	594-595	s	_	_	
5-99	596-600	true	_	_	
5-100	601-604	and	_	_	
5-101	605-611	lawful	_	_	
5-102	612-629	attorneys-in-fact	_	_	
5-103	629-630	,	_	_	
5-104	631-635	with	_	_	
5-105	636-641	power	_	_	
5-106	642-644	of	_	_	
5-107	645-657	substitution	_	_	
5-108	657-658	,	_	_	
5-109	659-662	for	_	_	
5-110	663-666	the	_	_	
5-111	667-678	undersigned	_	_	
5-112	679-682	and	_	_	
5-113	683-685	in	_	_	
5-114	686-689	the	_	_	
5-115	690-701	undersigned	_	_	
5-116	701-702	’	_	_	
5-117	702-703	s	_	_	
5-118	704-708	name	_	_	
5-119	708-709	,	_	_	
5-120	710-715	place	_	_	
5-121	715-716	,	_	_	
5-122	717-720	and	_	_	
5-123	721-726	stead	_	_	
5-124	726-727	,	_	_	
5-125	728-730	to	_	_	
5-126	731-735	sign	_	_	
5-127	736-739	and	_	_	
5-128	740-745	affix	_	_	
5-129	746-749	the	_	_	
5-130	750-761	undersigned	_	_	
5-131	761-762	’	_	_	
5-132	762-763	s	_	_	
5-133	764-768	name	_	_	
5-134	769-771	as	_	_	
5-135	772-776	such	_	_	
5-136	777-785	director	_	_	
5-137	786-788	of	_	_	
5-138	789-793	said	_	_	
5-139	794-801	Company	_	_	
5-140	802-804	to	_	_	
5-141	805-807	an	_	_	
5-142	808-814	Annual	_	_	
5-143	815-821	Report	_	_	
5-144	822-824	on	_	_	
5-145	825-829	Form	_	_	
5-146	830-832	10	_	_	
5-147	832-833	-	_	_	
5-148	833-834	K	_	_	
5-149	835-838	for	_	_	
5-150	839-842	the	_	_	
5-151	843-849	fiscal	_	_	
5-152	850-854	year	_	_	
5-153	855-860	ended	_	_	
5-154	861-869	December	_	_	
5-155	870-872	31	_	_	
5-156	872-873	,	_	_	
5-157	874-878	2016	_	_	
5-158	878-879	,	_	_	
5-159	880-883	and	_	_	
5-160	884-887	all	_	_	
5-161	888-898	amendments	_	_	
5-162	899-906	thereto	_	_	
5-163	906-907	,	_	_	
5-164	908-910	to	_	_	
5-165	911-913	be	_	_	
5-166	914-919	filed	_	_	
5-167	920-922	by	_	_	
5-168	923-927	said	_	_	
5-169	928-935	Company	_	_	
5-170	936-940	with	_	_	
5-171	941-944	the	_	_	
5-172	945-955	Securities	_	_	
5-173	956-959	and	_	_	
5-174	960-968	Exchange	_	_	
5-175	969-979	Commission	_	_	
5-176	979-980	,	_	_	
5-177	981-991	Washington	_	_	
5-178	991-992	,	_	_	
5-179	993-996	D.C	_	_	
5-180	996-997	.	_	_	
5-181	998-1003	under	_	_	
5-182	1004-1007	the	_	_	
5-183	1008-1018	Securities	_	_	
5-184	1019-1027	Exchange	_	_	
5-185	1028-1031	Act	_	_	
5-186	1032-1034	of	_	_	
5-187	1035-1039	1934	_	_	
5-188	1039-1040	,	_	_	
5-189	1041-1044	and	_	_	
5-190	1045-1048	the	_	_	
5-191	1049-1054	rules	_	_	
5-192	1055-1058	and	_	_	
5-193	1059-1070	regulations	_	_	
5-194	1071-1073	of	_	_	
5-195	1074-1078	said	_	_	
5-196	1079-1089	Commission	_	_	
5-197	1089-1090	,	_	_	
5-198	1091-1094	and	_	_	
5-199	1095-1097	to	_	_	
5-200	1098-1102	file	_	_	
5-201	1103-1106	the	_	_	
5-202	1107-1111	same	_	_	
5-203	1111-1112	,	_	_	
5-204	1113-1117	with	_	_	
5-205	1118-1121	all	_	_	
5-206	1122-1130	exhibits	_	_	
5-207	1131-1138	thereto	_	_	
5-208	1139-1142	and	_	_	
5-209	1143-1148	other	_	_	
5-210	1149-1159	supporting	_	_	
5-211	1160-1169	documents	_	_	
5-212	1169-1170	,	_	_	
5-213	1171-1175	with	_	_	
5-214	1176-1180	said	_	_	
5-215	1181-1191	Commission	_	_	
5-216	1191-1192	,	_	_	
5-217	1193-1201	granting	_	_	
5-218	1202-1206	unto	_	_	
5-219	1207-1211	said	_	_	
5-220	1212-1229	attorneys-in-fact	_	_	
5-221	1229-1230	,	_	_	
5-222	1231-1234	and	_	_	
5-223	1235-1239	each	_	_	
5-224	1240-1242	or	_	_	
5-225	1243-1249	either	_	_	
5-226	1250-1252	of	_	_	
5-227	1253-1257	them	_	_	
5-228	1257-1258	,	_	_	
5-229	1259-1263	full	_	_	
5-230	1264-1269	power	_	_	
5-231	1270-1273	and	_	_	
5-232	1274-1283	authority	_	_	
5-233	1284-1286	to	_	_	
5-234	1287-1289	do	_	_	
5-235	1290-1293	and	_	_	
5-236	1294-1301	perform	_	_	
5-237	1302-1305	any	_	_	
5-238	1306-1309	and	_	_	
5-239	1310-1313	all	_	_	
5-240	1314-1318	acts	_	_	
5-241	1319-1328	necessary	_	_	
5-242	1329-1331	or	_	_	
5-243	1332-1342	incidental	_	_	
5-244	1343-1345	to	_	_	
5-245	1346-1349	the	_	_	
5-246	1350-1361	performance	_	_	
5-247	1362-1365	and	_	_	
5-248	1366-1375	execution	_	_	
5-249	1376-1378	of	_	_	
5-250	1379-1382	the	_	_	
5-251	1383-1389	powers	_	_	
5-252	1390-1396	herein	_	_	
5-253	1397-1406	expressly	_	_	
5-254	1407-1414	granted	_	_	
5-255	1414-1415	.	_	_	

#Text=IN WITNESS WHEREOF, the undersigned has executed this power of attorney this 28th day of February, 2017.
6-1	1420-1422	IN	_	_	
6-2	1423-1430	WITNESS	_	_	
6-3	1431-1438	WHEREOF	_	_	
6-4	1438-1439	,	_	_	
6-5	1440-1443	the	_	_	
6-6	1444-1455	undersigned	_	_	
6-7	1456-1459	has	_	_	
6-8	1460-1468	executed	_	_	
6-9	1469-1473	this	_	_	
6-10	1474-1479	power	_	_	
6-11	1480-1482	of	_	_	
6-12	1483-1491	attorney	_	_	
6-13	1492-1496	this	_	_	
6-14	1497-1501	28th	DATE[8]	*[8]	
6-15	1502-1505	day	DATE[8]	*[8]	
6-16	1506-1508	of	DATE[8]	*[8]	
6-17	1509-1517	February	DATE[8]	*[8]	
6-18	1517-1518	,	DATE[8]	*[8]	
6-19	1519-1523	2017	DATE[8]	*[8]	
6-20	1523-1524	.	DATE[8]	*[8]	

#Text=/s/ JOHN D. BAKER II
7-1	1530-1531	/	_	_	
7-2	1531-1532	s	_	_	
7-3	1532-1533	/	_	_	
7-4	1534-1538	JOHN	WITNESS[9]	*[9]	
7-5	1539-1540	D	WITNESS[9]	*[9]	
7-6	1540-1541	.	WITNESS[9]	*[9]	
7-7	1542-1547	BAKER	WITNESS[9]	*[9]	
7-8	1548-1550	II	WITNESS[9]	*[9]	

#Text=/s/ CYNTHIA H. MILLIGAN
8-1	1552-1553	/	_	_	
8-2	1553-1554	s	_	_	
8-3	1554-1555	/	_	_	
8-4	1556-1563	CYNTHIA	WITNESS[10]	*[10]	
8-5	1564-1565	H	WITNESS[10]	*[10]	
8-6	1565-1566	.	WITNESS[10]	*[10]	
8-7	1567-1575	MILLIGAN	WITNESS[10]	*[10]	

#Text=/s/ JOHN S. CHEN
9-1	1577-1578	/	_	_	
9-2	1578-1579	s	_	_	
9-3	1579-1580	/	_	_	
9-4	1581-1585	JOHN	WITNESS[11]	*[11]	
9-5	1586-1587	S	WITNESS[11]	*[11]	
9-6	1587-1588	.	WITNESS[11]	*[11]	
9-7	1589-1593	CHEN	WITNESS[11]	*[11]	

#Text=/s/ FEDERICO F. PEÑA
10-1	1595-1596	/	_	_	
10-2	1596-1597	s	_	_	
10-3	1597-1598	/	_	_	
10-4	1599-1607	FEDERICO	WITNESS[12]	*[12]	
10-5	1608-1609	F	WITNESS[12]	*[12]	
10-6	1609-1610	.	WITNESS[12]	*[12]	
10-7	1611-1615	PEÑA	WITNESS[12]	*[12]	

#Text=/s/ LLOYD H. DEAN
11-1	1617-1618	/	_	_	
11-2	1618-1619	s	_	_	
11-3	1619-1620	/	_	_	
11-4	1621-1626	LLOYD	WITNESS[13]	*[13]	
11-5	1627-1628	H	WITNESS[13]	*[13]	
11-6	1628-1629	.	WITNESS[13]	*[13]	
11-7	1630-1634	DEAN	WITNESS[13]	*[13]	

#Text=/s/ JAMES H. QUIGLEY
12-1	1636-1637	/	_	_	
12-2	1637-1638	s	_	_	
12-3	1638-1639	/	_	_	
12-4	1640-1645	JAMES	WITNESS[14]	*[14]	
12-5	1646-1647	H	WITNESS[14]	*[14]	
12-6	1647-1648	.	WITNESS[14]	*[14]	
12-7	1649-1656	QUIGLEY	WITNESS[14]	*[14]	

#Text=/s/ ELIZABETH A. DUKE
13-1	1658-1659	/	_	_	
13-2	1659-1660	s	_	_	
13-3	1660-1661	/	_	_	
13-4	1662-1671	ELIZABETH	WITNESS[15]	*[15]	
13-5	1672-1673	A	WITNESS[15]	*[15]	
13-6	1673-1674	.	WITNESS[15]	*[15]	
13-7	1675-1679	DUKE	WITNESS[15]	*[15]	

#Text=/s/ STEPHEN W. SANGER
14-1	1681-1682	/	_	_	
14-2	1682-1683	s	_	_	
14-3	1683-1684	/	_	_	
14-4	1685-1692	STEPHEN	WITNESS[16]	*[16]	
14-5	1693-1694	W	WITNESS[16]	*[16]	
14-6	1694-1695	.	WITNESS[16]	*[16]	
14-7	1696-1702	SANGER	WITNESS[16]	*[16]	

#Text=/s/ SUSAN E. ENGEL
15-1	1704-1705	/	_	_	
15-2	1705-1706	s	_	_	
15-3	1706-1707	/	_	_	
15-4	1708-1713	SUSAN	WITNESS[17]	*[17]	
15-5	1714-1715	E	WITNESS[17]	*[17]	
15-6	1715-1716	.	WITNESS[17]	*[17]	
15-7	1717-1722	ENGEL	WITNESS[17]	*[17]	

#Text=/s/ TIMOTHY J. SLOAN
16-1	1724-1725	/	_	_	
16-2	1725-1726	s	_	_	
16-3	1726-1727	/	_	_	
16-4	1728-1735	TIMOTHY	WITNESS[18]	*[18]	
16-5	1736-1737	J	WITNESS[18]	*[18]	
16-6	1737-1738	.	WITNESS[18]	*[18]	
16-7	1739-1744	SLOAN	WITNESS[18]	*[18]	

#Text=/s/ ENRIQUE HERNANDEZ, JR.
17-1	1746-1747	/	_	_	
17-2	1747-1748	s	_	_	
17-3	1748-1749	/	_	_	
17-4	1750-1757	ENRIQUE	WITNESS[19]	*[19]	
17-5	1758-1767	HERNANDEZ	WITNESS[19]	*[19]	
17-6	1767-1768	,	WITNESS[19]	*[19]	
17-7	1769-1771	JR	WITNESS[19]	*[19]	
17-8	1771-1772	.	_	_	

#Text=/s/ SUSAN G. SWENSON
18-1	1774-1775	/	_	_	
18-2	1775-1776	s	_	_	
18-3	1776-1777	/	_	_	
18-4	1778-1783	SUSAN	WITNESS[20]	*[20]	
18-5	1784-1785	G	WITNESS[20]	*[20]	
18-6	1785-1786	.	WITNESS[20]	*[20]	
18-7	1787-1794	SWENSON	WITNESS[20]	*[20]	

#Text=/s/ DONALD M. JAMES
19-1	1796-1797	/	_	_	
19-2	1797-1798	s	_	_	
19-3	1798-1799	/	_	_	
19-4	1800-1806	DONALD	WITNESS[21]	*[21]	
19-5	1807-1808	M	WITNESS[21]	*[21]	
19-6	1808-1809	.	WITNESS[21]	*[21]	
19-7	1810-1815	JAMES	WITNESS[21]	*[21]	

#Text=/s/ SUZANNE M. VAUTRINOT
20-1	1817-1818	/	_	_	
20-2	1818-1819	s	_	_	
20-3	1819-1820	/	_	_	
20-4	1821-1828	SUZANNE	WITNESS[22]	*[22]	
20-5	1829-1830	M	WITNESS[22]	*[22]	
20-6	1830-1831	.	WITNESS[22]	*[22]	
20-7	1832-1841	VAUTRINOT	WITNESS[22]	*[22]	
