#FORMAT=WebAnno TSV 3.2
#T_SP=webanno.custom.AgreementEntities|Agreement|Employment


#Text=EX-24 6 ex24.htm EXHIBIT 24
1-1	0-2	EX	_	_	
1-2	2-3	-	_	_	
1-3	3-5	24	_	_	
1-4	6-7	6	_	_	
1-5	8-12	ex24	_	_	
1-6	12-13	.	_	_	
1-7	13-16	htm	_	_	
1-8	17-24	EXHIBIT	_	_	
1-9	25-27	24	_	_	

#Text=Exhibit 24
2-1	29-36	Exhibit	_	_	
2-2	37-39	24	_	_	

#Text=POWER OF ATTORNEY FOR FILINGS UNDER
3-1	43-48	POWER	_	_	
3-2	49-51	OF	_	_	
3-3	52-60	ATTORNEY	_	_	
3-4	61-64	FOR	_	_	
3-5	65-72	FILINGS	_	_	
3-6	73-78	UNDER	_	_	

#Text=THE SECURITIES ACT OF 1933, AS AMENDED AND
4-1	80-83	THE	_	_	
4-2	84-94	SECURITIES	_	_	
4-3	95-98	ACT	_	_	
4-4	99-101	OF	_	_	
4-5	102-106	1933	_	_	
4-6	106-107	,	_	_	
4-7	108-110	AS	_	_	
4-8	111-118	AMENDED	_	_	
4-9	119-122	AND	_	_	

#Text=THE SECURITIES EXCHANGE ACT OF 1934, AS AMENDED
5-1	124-127	THE	_	_	
5-2	128-138	SECURITIES	_	_	
5-3	139-147	EXCHANGE	_	_	
5-4	148-151	ACT	_	_	
5-5	152-154	OF	_	_	
5-6	155-159	1934	_	_	
5-7	159-160	,	_	_	
5-8	161-163	AS	_	_	
5-9	164-171	AMENDED	_	_	

#Text=Know all by these presents, that the undersigned hereby constitutes and appoints the Secretary and any Assistant Secretary of Minerals Technologies Inc. (the "Company"), acting singly, with full power of substitution,  as the undersigned’s true and lawful attorneys-in-fact and agents to:
6-1	175-179	Know	_	_	
6-2	180-183	all	_	_	
6-3	184-186	by	_	_	
6-4	187-192	these	_	_	
6-5	193-201	presents	_	_	
6-6	201-202	,	_	_	
6-7	203-207	that	_	_	
6-8	208-211	the	_	_	
6-9	212-223	undersigned	_	_	
6-10	224-230	hereby	_	_	
6-11	231-242	constitutes	_	_	
6-12	243-246	and	_	_	
6-13	247-255	appoints	_	_	
6-14	256-259	the	_	_	
6-15	260-269	Secretary	_	_	
6-16	270-273	and	_	_	
6-17	274-277	any	_	_	
6-18	278-287	Assistant	_	_	
6-19	288-297	Secretary	_	_	
6-20	298-300	of	_	_	
6-21	301-309	Minerals	COMP[1]	*[1]	
6-22	310-322	Technologies	COMP[1]	*[1]	
6-23	323-326	Inc	COMP[1]	*[1]	
6-24	326-327	.	COMP[1]	*[1]	
6-25	328-329	(	_	_	
6-26	329-332	the	_	_	
6-27	333-334	"	_	_	
6-28	334-341	Company	_	_	
6-29	341-342	"	_	_	
6-30	342-343	)	_	_	
6-31	343-344	,	_	_	
6-32	345-351	acting	_	_	
6-33	352-358	singly	_	_	
6-34	358-359	,	_	_	
6-35	360-364	with	_	_	
6-36	365-369	full	_	_	
6-37	370-375	power	_	_	
6-38	376-378	of	_	_	
6-39	379-391	substitution	_	_	
6-40	391-392	,	_	_	
6-41	394-396	as	_	_	
6-42	397-400	the	_	_	
6-43	401-412	undersigned	_	_	
6-44	412-413	’	_	_	
6-45	413-414	s	_	_	
6-46	415-419	true	_	_	
6-47	420-423	and	_	_	
6-48	424-430	lawful	_	_	
6-49	431-448	attorneys-in-fact	_	_	
6-50	449-452	and	_	_	
6-51	453-459	agents	_	_	
6-52	460-462	to	_	_	
6-53	462-463	:	_	_	

#Text=(1) execute for and on behalf of the undersigned, in the undersigned’s capacity as an officer and/or director of the Company, all documents, certificates, instruments, statements, filings and agreements (“documents”) to be filed with or delivered in accordance with the Securities Act of 1933, as amended (the “Securities Act”), and the Securities Exchange Act of 1934, as amended (the “Exchange Act”), and the rules and regulations thereunder;
7-1	467-468	(	_	_	
7-2	468-469	1	_	_	
7-3	469-470	)	_	_	
7-4	471-478	execute	_	_	
7-5	479-482	for	_	_	
7-6	483-486	and	_	_	
7-7	487-489	on	_	_	
7-8	490-496	behalf	_	_	
7-9	497-499	of	_	_	
7-10	500-503	the	_	_	
7-11	504-515	undersigned	_	_	
7-12	515-516	,	_	_	
7-13	517-519	in	_	_	
7-14	520-523	the	_	_	
7-15	524-535	undersigned	_	_	
7-16	535-536	’	_	_	
7-17	536-537	s	_	_	
7-18	538-546	capacity	_	_	
7-19	547-549	as	_	_	
7-20	550-552	an	_	_	
7-21	553-560	officer	_	_	
7-22	561-564	and	_	_	
7-23	564-565	/	_	_	
7-24	565-567	or	_	_	
7-25	568-576	director	_	_	
7-26	577-579	of	_	_	
7-27	580-583	the	_	_	
7-28	584-591	Company	_	_	
7-29	591-592	,	_	_	
7-30	593-596	all	_	_	
7-31	597-606	documents	_	_	
7-32	606-607	,	_	_	
7-33	608-620	certificates	_	_	
7-34	620-621	,	_	_	
7-35	622-633	instruments	_	_	
7-36	633-634	,	_	_	
7-37	635-645	statements	_	_	
7-38	645-646	,	_	_	
7-39	647-654	filings	_	_	
7-40	655-658	and	_	_	
7-41	659-669	agreements	_	_	
7-42	670-671	(	_	_	
7-43	671-672	“	_	_	
7-44	672-681	documents	_	_	
7-45	681-682	”	_	_	
7-46	682-683	)	_	_	
7-47	684-686	to	_	_	
7-48	687-689	be	_	_	
7-49	690-695	filed	_	_	
7-50	696-700	with	_	_	
7-51	701-703	or	_	_	
7-52	704-713	delivered	_	_	
7-53	714-716	in	_	_	
7-54	717-727	accordance	_	_	
7-55	728-732	with	_	_	
7-56	733-736	the	_	_	
7-57	737-747	Securities	_	_	
7-58	748-751	Act	_	_	
7-59	752-754	of	_	_	
7-60	755-759	1933	_	_	
7-61	759-760	,	_	_	
7-62	761-763	as	_	_	
7-63	764-771	amended	_	_	
7-64	772-773	(	_	_	
7-65	773-776	the	_	_	
7-66	777-778	“	_	_	
7-67	778-788	Securities	_	_	
7-68	789-792	Act	_	_	
7-69	792-793	”	_	_	
7-70	793-794	)	_	_	
7-71	794-795	,	_	_	
7-72	796-799	and	_	_	
7-73	800-803	the	_	_	
7-74	804-814	Securities	_	_	
7-75	815-823	Exchange	_	_	
7-76	824-827	Act	_	_	
7-77	828-830	of	_	_	
7-78	831-835	1934	_	_	
7-79	835-836	,	_	_	
7-80	837-839	as	_	_	
7-81	840-847	amended	_	_	
7-82	848-849	(	_	_	
7-83	849-852	the	_	_	
7-84	853-854	“	_	_	
7-85	854-862	Exchange	_	_	
7-86	863-866	Act	_	_	
7-87	866-867	”	_	_	
7-88	867-868	)	_	_	
7-89	868-869	,	_	_	
7-90	870-873	and	_	_	
7-91	874-877	the	_	_	
7-92	878-883	rules	_	_	
7-93	884-887	and	_	_	
7-94	888-899	regulations	_	_	
7-95	900-910	thereunder	_	_	
7-96	910-911	;	_	_	

#Text=(2) do and perform any and all acts for and on behalf of the undersigned that may be necessary or desirable to complete and execute and timely file any such documents with the United States Securities and Exchange Commission (the “SEC”) and any stock exchange or similar authority; and
8-1	915-916	(	_	_	
8-2	916-917	2	_	_	
8-3	917-918	)	_	_	
8-4	919-921	do	_	_	
8-5	922-925	and	_	_	
8-6	926-933	perform	_	_	
8-7	934-937	any	_	_	
8-8	938-941	and	_	_	
8-9	942-945	all	_	_	
8-10	946-950	acts	_	_	
8-11	951-954	for	_	_	
8-12	955-958	and	_	_	
8-13	959-961	on	_	_	
8-14	962-968	behalf	_	_	
8-15	969-971	of	_	_	
8-16	972-975	the	_	_	
8-17	976-987	undersigned	_	_	
8-18	988-992	that	_	_	
8-19	993-996	may	_	_	
8-20	997-999	be	_	_	
8-21	1000-1009	necessary	_	_	
8-22	1010-1012	or	_	_	
8-23	1013-1022	desirable	_	_	
8-24	1023-1025	to	_	_	
8-25	1026-1034	complete	_	_	
8-26	1035-1038	and	_	_	
8-27	1039-1046	execute	_	_	
8-28	1047-1050	and	_	_	
8-29	1051-1057	timely	_	_	
8-30	1058-1062	file	_	_	
8-31	1063-1066	any	_	_	
8-32	1067-1071	such	_	_	
8-33	1072-1081	documents	_	_	
8-34	1082-1086	with	_	_	
8-35	1087-1090	the	_	_	
8-36	1091-1097	United	_	_	
8-37	1098-1104	States	_	_	
8-38	1105-1115	Securities	_	_	
8-39	1116-1119	and	_	_	
8-40	1120-1128	Exchange	_	_	
8-41	1129-1139	Commission	_	_	
8-42	1140-1141	(	_	_	
8-43	1141-1144	the	_	_	
8-44	1145-1146	“	_	_	
8-45	1146-1149	SEC	_	_	
8-46	1149-1150	”	_	_	
8-47	1150-1151	)	_	_	
8-48	1152-1155	and	_	_	
8-49	1156-1159	any	_	_	
8-50	1160-1165	stock	_	_	
8-51	1166-1174	exchange	_	_	
8-52	1175-1177	or	_	_	
8-53	1178-1185	similar	_	_	
8-54	1186-1195	authority	_	_	
8-55	1195-1196	;	_	_	
8-56	1197-1200	and	_	_	

#Text=(3) take any other action of any type whatsoever that, in the opinion of such attorneys-in-fact, may be necessary or desirable in connection with the foregoing authority, it being understood that the documents executed by such attorneys-in-fact on behalf of the undersigned pursuant to this Power of Attorney shall be in such form and shall contain such terms and conditions as such attorneys-in-fact may approve.
9-1	1204-1205	(	_	_	
9-2	1205-1206	3	_	_	
9-3	1206-1207	)	_	_	
9-4	1208-1212	take	_	_	
9-5	1213-1216	any	_	_	
9-6	1217-1222	other	_	_	
9-7	1223-1229	action	_	_	
9-8	1230-1232	of	_	_	
9-9	1233-1236	any	_	_	
9-10	1237-1241	type	_	_	
9-11	1242-1252	whatsoever	_	_	
9-12	1253-1257	that	_	_	
9-13	1257-1258	,	_	_	
9-14	1259-1261	in	_	_	
9-15	1262-1265	the	_	_	
9-16	1266-1273	opinion	_	_	
9-17	1274-1276	of	_	_	
9-18	1277-1281	such	_	_	
9-19	1282-1299	attorneys-in-fact	_	_	
9-20	1299-1300	,	_	_	
9-21	1301-1304	may	_	_	
9-22	1305-1307	be	_	_	
9-23	1308-1317	necessary	_	_	
9-24	1318-1320	or	_	_	
9-25	1321-1330	desirable	_	_	
9-26	1331-1333	in	_	_	
9-27	1334-1344	connection	_	_	
9-28	1345-1349	with	_	_	
9-29	1350-1353	the	_	_	
9-30	1354-1363	foregoing	_	_	
9-31	1364-1373	authority	_	_	
9-32	1373-1374	,	_	_	
9-33	1375-1377	it	_	_	
9-34	1378-1383	being	_	_	
9-35	1384-1394	understood	_	_	
9-36	1395-1399	that	_	_	
9-37	1400-1403	the	_	_	
9-38	1404-1413	documents	_	_	
9-39	1414-1422	executed	_	_	
9-40	1423-1425	by	_	_	
9-41	1426-1430	such	_	_	
9-42	1431-1448	attorneys-in-fact	_	_	
9-43	1449-1451	on	_	_	
9-44	1452-1458	behalf	_	_	
9-45	1459-1461	of	_	_	
9-46	1462-1465	the	_	_	
9-47	1466-1477	undersigned	_	_	
9-48	1478-1486	pursuant	_	_	
9-49	1487-1489	to	_	_	
9-50	1490-1494	this	_	_	
9-51	1495-1500	Power	_	_	
9-52	1501-1503	of	_	_	
9-53	1504-1512	Attorney	_	_	
9-54	1513-1518	shall	_	_	
9-55	1519-1521	be	_	_	
9-56	1522-1524	in	_	_	
9-57	1525-1529	such	_	_	
9-58	1530-1534	form	_	_	
9-59	1535-1538	and	_	_	
9-60	1539-1544	shall	_	_	
9-61	1545-1552	contain	_	_	
9-62	1553-1557	such	_	_	
9-63	1558-1563	terms	_	_	
9-64	1564-1567	and	_	_	
9-65	1568-1578	conditions	_	_	
9-66	1579-1581	as	_	_	
9-67	1582-1586	such	_	_	
9-68	1587-1604	attorneys-in-fact	_	_	
9-69	1605-1608	may	_	_	
9-70	1609-1616	approve	_	_	
9-71	1616-1617	.	_	_	

#Text=The undersigned hereby grants to such attorneys-in-fact full power and authority to do and perform any and every act and thing whatsoever requisite, necessary, or proper to be done in the exercise of any of the rights and powers herein granted, as fully to all intents and purposes as the undersigned might or could do if personally present, with full power of substitution or revocation, hereby ratifying and confirming all that such attorneys-in-fact substitute or substitutes, have lawfully done or cause to be done or shall lawfully do or cause to be done by virtue of this Power of Attorney and the rights and powers herein granted. The undersigned acknowledges that the foregoing attorneys-in-fact, in serving in such capacity at the request of the undersigned, are not assuming any of the undersigned’s responsibilities to comply with the Securities Act and the Exchange Act.
10-1	1621-1624	The	_	_	
10-2	1625-1636	undersigned	_	_	
10-3	1637-1643	hereby	_	_	
10-4	1644-1650	grants	_	_	
10-5	1651-1653	to	_	_	
10-6	1654-1658	such	_	_	
10-7	1659-1676	attorneys-in-fact	_	_	
10-8	1677-1681	full	_	_	
10-9	1682-1687	power	_	_	
10-10	1688-1691	and	_	_	
10-11	1692-1701	authority	_	_	
10-12	1702-1704	to	_	_	
10-13	1705-1707	do	_	_	
10-14	1708-1711	and	_	_	
10-15	1712-1719	perform	_	_	
10-16	1720-1723	any	_	_	
10-17	1724-1727	and	_	_	
10-18	1728-1733	every	_	_	
10-19	1734-1737	act	_	_	
10-20	1738-1741	and	_	_	
10-21	1742-1747	thing	_	_	
10-22	1748-1758	whatsoever	_	_	
10-23	1759-1768	requisite	_	_	
10-24	1768-1769	,	_	_	
10-25	1770-1779	necessary	_	_	
10-26	1779-1780	,	_	_	
10-27	1781-1783	or	_	_	
10-28	1784-1790	proper	_	_	
10-29	1791-1793	to	_	_	
10-30	1794-1796	be	_	_	
10-31	1797-1801	done	_	_	
10-32	1802-1804	in	_	_	
10-33	1805-1808	the	_	_	
10-34	1809-1817	exercise	_	_	
10-35	1818-1820	of	_	_	
10-36	1821-1824	any	_	_	
10-37	1825-1827	of	_	_	
10-38	1828-1831	the	_	_	
10-39	1832-1838	rights	_	_	
10-40	1839-1842	and	_	_	
10-41	1843-1849	powers	_	_	
10-42	1850-1856	herein	_	_	
10-43	1857-1864	granted	_	_	
10-44	1864-1865	,	_	_	
10-45	1866-1868	as	_	_	
10-46	1869-1874	fully	_	_	
10-47	1875-1877	to	_	_	
10-48	1878-1881	all	_	_	
10-49	1882-1889	intents	_	_	
10-50	1890-1893	and	_	_	
10-51	1894-1902	purposes	_	_	
10-52	1903-1905	as	_	_	
10-53	1906-1909	the	_	_	
10-54	1910-1921	undersigned	_	_	
10-55	1922-1927	might	_	_	
10-56	1928-1930	or	_	_	
10-57	1931-1936	could	_	_	
10-58	1937-1939	do	_	_	
10-59	1940-1942	if	_	_	
10-60	1943-1953	personally	_	_	
10-61	1954-1961	present	_	_	
10-62	1961-1962	,	_	_	
10-63	1963-1967	with	_	_	
10-64	1968-1972	full	_	_	
10-65	1973-1978	power	_	_	
10-66	1979-1981	of	_	_	
10-67	1982-1994	substitution	_	_	
10-68	1995-1997	or	_	_	
10-69	1998-2008	revocation	_	_	
10-70	2008-2009	,	_	_	
10-71	2010-2016	hereby	_	_	
10-72	2017-2026	ratifying	_	_	
10-73	2027-2030	and	_	_	
10-74	2031-2041	confirming	_	_	
10-75	2042-2045	all	_	_	
10-76	2046-2050	that	_	_	
10-77	2051-2055	such	_	_	
10-78	2056-2073	attorneys-in-fact	_	_	
10-79	2074-2084	substitute	_	_	
10-80	2085-2087	or	_	_	
10-81	2088-2099	substitutes	_	_	
10-82	2099-2100	,	_	_	
10-83	2101-2105	have	_	_	
10-84	2106-2114	lawfully	_	_	
10-85	2115-2119	done	_	_	
10-86	2120-2122	or	_	_	
10-87	2123-2128	cause	_	_	
10-88	2129-2131	to	_	_	
10-89	2132-2134	be	_	_	
10-90	2135-2139	done	_	_	
10-91	2140-2142	or	_	_	
10-92	2143-2148	shall	_	_	
10-93	2149-2157	lawfully	_	_	
10-94	2158-2160	do	_	_	
10-95	2161-2163	or	_	_	
10-96	2164-2169	cause	_	_	
10-97	2170-2172	to	_	_	
10-98	2173-2175	be	_	_	
10-99	2176-2180	done	_	_	
10-100	2181-2183	by	_	_	
10-101	2184-2190	virtue	_	_	
10-102	2191-2193	of	_	_	
10-103	2194-2198	this	_	_	
10-104	2199-2204	Power	_	_	
10-105	2205-2207	of	_	_	
10-106	2208-2216	Attorney	_	_	
10-107	2217-2220	and	_	_	
10-108	2221-2224	the	_	_	
10-109	2225-2231	rights	_	_	
10-110	2232-2235	and	_	_	
10-111	2236-2242	powers	_	_	
10-112	2243-2249	herein	_	_	
10-113	2250-2257	granted	_	_	
10-114	2257-2258	.	_	_	
10-115	2259-2262	The	_	_	
10-116	2263-2274	undersigned	_	_	
10-117	2275-2287	acknowledges	_	_	
10-118	2288-2292	that	_	_	
10-119	2293-2296	the	_	_	
10-120	2297-2306	foregoing	_	_	
10-121	2307-2324	attorneys-in-fact	_	_	
10-122	2324-2325	,	_	_	
10-123	2326-2328	in	_	_	
10-124	2329-2336	serving	_	_	
10-125	2337-2339	in	_	_	
10-126	2340-2344	such	_	_	
10-127	2345-2353	capacity	_	_	
10-128	2354-2356	at	_	_	
10-129	2357-2360	the	_	_	
10-130	2361-2368	request	_	_	
10-131	2369-2371	of	_	_	
10-132	2372-2375	the	_	_	
10-133	2376-2387	undersigned	_	_	
10-134	2387-2388	,	_	_	
10-135	2389-2392	are	_	_	
10-136	2393-2396	not	_	_	
10-137	2397-2405	assuming	_	_	
10-138	2406-2409	any	_	_	
10-139	2410-2412	of	_	_	
10-140	2413-2416	the	_	_	
10-141	2417-2428	undersigned	_	_	
10-142	2428-2429	’	_	_	
10-143	2429-2430	s	_	_	
10-144	2431-2447	responsibilities	_	_	
10-145	2448-2450	to	_	_	
10-146	2451-2457	comply	_	_	
10-147	2458-2462	with	_	_	
10-148	2463-2466	the	_	_	
10-149	2467-2477	Securities	_	_	
10-150	2478-2481	Act	_	_	
10-151	2482-2485	and	_	_	
10-152	2486-2489	the	_	_	
10-153	2490-2498	Exchange	_	_	
10-154	2499-2502	Act	_	_	
10-155	2502-2503	.	_	_	

#Text=All pre-existing Powers of Attorney granted to the persons designated above are hereby revoked.  This Power of Attorney shall remain in full force and effect until the undersigned is no longer required to file documents under the Securities Act and the Exchange Act with respect to the undersigned's holdings of and transactions in securities issued by the Company, unless earlier revoked by the undersigned in a signed writing delivered to the foregoing attorneys-in-fact. This Power of Attorney may be filed with the SEC as a confirming statement of the authority granted herein.
11-1	2507-2510	All	_	_	
11-2	2511-2523	pre-existing	_	_	
11-3	2524-2530	Powers	_	_	
11-4	2531-2533	of	_	_	
11-5	2534-2542	Attorney	_	_	
11-6	2543-2550	granted	_	_	
11-7	2551-2553	to	_	_	
11-8	2554-2557	the	_	_	
11-9	2558-2565	persons	_	_	
11-10	2566-2576	designated	_	_	
11-11	2577-2582	above	_	_	
11-12	2583-2586	are	_	_	
11-13	2587-2593	hereby	_	_	
11-14	2594-2601	revoked	_	_	
11-15	2601-2602	.	_	_	
11-16	2604-2608	This	_	_	
11-17	2609-2614	Power	_	_	
11-18	2615-2617	of	_	_	
11-19	2618-2626	Attorney	_	_	
11-20	2627-2632	shall	_	_	
11-21	2633-2639	remain	_	_	
11-22	2640-2642	in	_	_	
11-23	2643-2647	full	_	_	
11-24	2648-2653	force	_	_	
11-25	2654-2657	and	_	_	
11-26	2658-2664	effect	_	_	
11-27	2665-2670	until	_	_	
11-28	2671-2674	the	_	_	
11-29	2675-2686	undersigned	_	_	
11-30	2687-2689	is	_	_	
11-31	2690-2692	no	_	_	
11-32	2693-2699	longer	_	_	
11-33	2700-2708	required	_	_	
11-34	2709-2711	to	_	_	
11-35	2712-2716	file	_	_	
11-36	2717-2726	documents	_	_	
11-37	2727-2732	under	_	_	
11-38	2733-2736	the	_	_	
11-39	2737-2747	Securities	_	_	
11-40	2748-2751	Act	_	_	
11-41	2752-2755	and	_	_	
11-42	2756-2759	the	_	_	
11-43	2760-2768	Exchange	_	_	
11-44	2769-2772	Act	_	_	
11-45	2773-2777	with	_	_	
11-46	2778-2785	respect	_	_	
11-47	2786-2788	to	_	_	
11-48	2789-2792	the	_	_	
11-49	2793-2806	undersigned's	_	_	
11-50	2807-2815	holdings	_	_	
11-51	2816-2818	of	_	_	
11-52	2819-2822	and	_	_	
11-53	2823-2835	transactions	_	_	
11-54	2836-2838	in	_	_	
11-55	2839-2849	securities	_	_	
11-56	2850-2856	issued	_	_	
11-57	2857-2859	by	_	_	
11-58	2860-2863	the	_	_	
11-59	2864-2871	Company	_	_	
11-60	2871-2872	,	_	_	
11-61	2873-2879	unless	_	_	
11-62	2880-2887	earlier	_	_	
11-63	2888-2895	revoked	_	_	
11-64	2896-2898	by	_	_	
11-65	2899-2902	the	_	_	
11-66	2903-2914	undersigned	_	_	
11-67	2915-2917	in	_	_	
11-68	2918-2919	a	_	_	
11-69	2920-2926	signed	_	_	
11-70	2927-2934	writing	_	_	
11-71	2935-2944	delivered	_	_	
11-72	2945-2947	to	_	_	
11-73	2948-2951	the	_	_	
11-74	2952-2961	foregoing	_	_	
11-75	2962-2979	attorneys-in-fact	_	_	
11-76	2979-2980	.	_	_	
11-77	2981-2985	This	_	_	
11-78	2986-2991	Power	_	_	
11-79	2992-2994	of	_	_	
11-80	2995-3003	Attorney	_	_	
11-81	3004-3007	may	_	_	
11-82	3008-3010	be	_	_	
11-83	3011-3016	filed	_	_	
11-84	3017-3021	with	_	_	
11-85	3022-3025	the	_	_	
11-86	3026-3029	SEC	_	_	
11-87	3030-3032	as	_	_	
11-88	3033-3034	a	_	_	
11-89	3035-3045	confirming	_	_	
11-90	3046-3055	statement	_	_	
11-91	3056-3058	of	_	_	
11-92	3059-3062	the	_	_	
11-93	3063-3072	authority	_	_	
11-94	3073-3080	granted	_	_	
11-95	3081-3087	herein	_	_	
11-96	3087-3088	.	_	_	

#Text=IN WITNESS WHEREOF, the undersigned has caused this Power of Attorney to be executed as of this __ day of _________, ____.
12-1	3092-3094	IN	_	_	
12-2	3095-3102	WITNESS	_	_	
12-3	3103-3110	WHEREOF	_	_	
12-4	3110-3111	,	_	_	
12-5	3112-3115	the	_	_	
12-6	3116-3127	undersigned	_	_	
12-7	3128-3131	has	_	_	
12-8	3132-3138	caused	_	_	
12-9	3139-3143	this	_	_	
12-10	3144-3149	Power	_	_	
12-11	3150-3152	of	_	_	
12-12	3153-3161	Attorney	_	_	
12-13	3162-3164	to	_	_	
12-14	3165-3167	be	_	_	
12-15	3168-3176	executed	_	_	
12-16	3177-3179	as	_	_	
12-17	3180-3182	of	_	_	
12-18	3183-3187	this	_	_	
12-19	3188-3189	_	_	_	
12-20	3189-3190	_	_	_	
12-21	3191-3194	day	_	_	
12-22	3195-3197	of	_	_	
12-23	3198-3199	_	_	_	
12-24	3199-3200	_	_	_	
12-25	3200-3201	_	_	_	
12-26	3201-3202	_	_	_	
12-27	3202-3203	_	_	_	
12-28	3203-3204	_	_	_	
12-29	3204-3205	_	_	_	
12-30	3205-3206	_	_	_	
12-31	3206-3207	_	_	_	
12-32	3207-3208	,	_	_	
12-33	3209-3210	_	_	_	
12-34	3210-3211	_	_	_	
12-35	3211-3212	_	_	_	
12-36	3212-3213	_	_	_	
12-37	3213-3214	.	_	_	

#Text=/s/ Joseph C. Breunig
13-1	3219-3220	/	_	_	
13-2	3220-3221	s	_	_	
13-3	3221-3222	/	_	_	
13-4	3223-3229	Joseph	WITNESS[2]	*[2]	
13-5	3230-3231	C	WITNESS[2]	*[2]	
13-6	3231-3232	.	WITNESS[2]	*[2]	
13-7	3233-3240	Breunig	WITNESS[2]	*[2]	

#Text=Dated: November 12, 2014
14-1	3246-3251	Dated	_	_	
14-2	3251-3252	:	_	_	
14-3	3253-3261	November	DATE[3]	*[3]	
14-4	3262-3264	12	DATE[3]	*[3]	
14-5	3264-3265	,	DATE[3]	*[3]	
14-6	3266-3270	2014	DATE[3]	*[3]	

#Text=Joseph C. Breunig
15-1	3272-3278	Joseph	_	_	
15-2	3279-3280	C	_	_	
15-3	3280-3281	.	_	_	
15-4	3282-3289	Breunig	_	_	

#Text=/s/ John J. Carmola
16-1	3300-3301	/	_	_	
16-2	3301-3302	s	_	_	
16-3	3302-3303	/	_	_	
16-4	3304-3308	John	WITNESS[4]	*[4]	
16-5	3309-3310	J	WITNESS[4]	*[4]	
16-6	3310-3311	.	WITNESS[4]	*[4]	
16-7	3312-3319	Carmola	WITNESS[4]	*[4]	

#Text=Dated: May 21, 2013
17-1	3325-3330	Dated	_	_	
17-2	3330-3331	:	_	_	
17-3	3332-3335	May	_	_	
17-4	3336-3338	21	_	_	
17-5	3338-3339	,	_	_	
17-6	3340-3344	2013	_	_	

#Text=John J. Carmola
18-1	3346-3350	John	_	_	
18-2	3351-3352	J	_	_	
18-3	3352-3353	.	_	_	
18-4	3354-3361	Carmola	_	_	

#Text=/s/ Robert L. Clark
19-1	3372-3373	/	_	_	
19-2	3373-3374	s	_	_	
19-3	3374-3375	/	_	_	
19-4	3376-3382	Robert	WITNESS[5]	*[5]	
19-5	3383-3384	L	WITNESS[5]	*[5]	
19-6	3384-3385	.	WITNESS[5]	*[5]	
19-7	3386-3391	Clark	WITNESS[5]	*[5]	

#Text=Dated: November 9, 2009
20-1	3397-3402	Dated	_	_	
20-2	3402-3403	:	_	_	
20-3	3404-3412	November	_	_	
20-4	3413-3414	9	_	_	
20-5	3414-3415	,	_	_	
20-6	3416-3420	2009	_	_	

#Text=Robert L. Clark
21-1	3422-3428	Robert	_	_	
21-2	3429-3430	L	_	_	
21-3	3430-3431	.	_	_	
21-4	3432-3437	Clark	_	_	

#Text=/s/ Duane R. Dunham
22-1	3448-3449	/	_	_	
22-2	3449-3450	s	_	_	
22-3	3450-3451	/	_	_	
22-4	3452-3457	Duane	WITNESS[6]	*[6]	
22-5	3458-3459	R	WITNESS[6]	*[6]	
22-6	3459-3460	.	WITNESS[6]	*[6]	
22-7	3461-3467	Dunham	WITNESS[6]	*[6]	

#Text=Dated: June 15, 2009
23-1	3473-3478	Dated	_	_	
23-2	3478-3479	:	_	_	
23-3	3480-3484	June	_	_	
23-4	3485-3487	15	_	_	
23-5	3487-3488	,	_	_	
23-6	3489-3493	2009	_	_	

#Text=Duane R. Dunham
24-1	3495-3500	Duane	_	_	
24-2	3501-3502	R	_	_	
24-3	3502-3503	.	_	_	
24-4	3504-3510	Dunham	_	_	

#Text=/s/ Joseph C. Muscari
25-1	3522-3523	/	_	_	
25-2	3523-3524	s	_	_	
25-3	3524-3525	/	_	_	
25-4	3526-3532	Joseph	WITNESS[7]	*[7]	
25-5	3533-3534	C	WITNESS[7]	*[7]	
25-6	3534-3535	.	WITNESS[7]	*[7]	
25-7	3536-3543	Muscari	WITNESS[7]	*[7]	

#Text=Dated: September 10, 2009
26-1	3549-3554	Dated	_	_	
26-2	3554-3555	:	_	_	
26-3	3556-3565	September	_	_	
26-4	3566-3568	10	_	_	
26-5	3568-3569	,	_	_	
26-6	3570-3574	2009	_	_	

#Text=Joseph C. Muscari
27-1	3576-3582	Joseph	_	_	
27-2	3583-3584	C	_	_	
27-3	3584-3585	.	_	_	
27-4	3586-3593	Muscari	_	_	

#Text=/s/ Marc E. Robinson
28-1	3604-3605	/	_	_	
28-2	3605-3606	s	_	_	
28-3	3606-3607	/	_	_	
28-4	3608-3612	Marc	WITNESS[8]	*[8]	
28-5	3613-3614	E	WITNESS[8]	*[8]	
28-6	3614-3615	.	WITNESS[8]	*[8]	
28-7	3616-3624	Robinson	WITNESS[8]	*[8]	

#Text=Dated: December 1, 2011
29-1	3630-3635	Dated	_	_	
29-2	3635-3636	:	_	_	
29-3	3637-3645	December	_	_	
29-4	3646-3647	1	_	_	
29-5	3647-3648	,	_	_	
29-6	3649-3653	2011	_	_	

#Text=Marc E. Robinson
30-1	3655-3659	Marc	_	_	
30-2	3660-3661	E	_	_	
30-3	3661-3662	.	_	_	
30-4	3663-3671	Robinson	_	_	

#Text=/s/ Barbara Smith
31-1	3682-3683	/	_	_	
31-2	3683-3684	s	_	_	
31-3	3684-3685	/	_	_	
31-4	3686-3693	Barbara	WITNESS[9]	*[9]	
31-5	3694-3699	Smith	WITNESS[9]	*[9]	

#Text=Dated: April 22, 2011
32-1	3705-3710	Dated	_	_	
32-2	3710-3711	:	_	_	
32-3	3712-3717	April	_	_	
32-4	3718-3720	22	_	_	
32-5	3720-3721	,	_	_	
32-6	3722-3726	2011	_	_	

#Text=Barbara Smith
33-1	3728-3735	Barbara	_	_	
33-2	3736-3741	Smith	_	_	

#Text=/s/ Donald C. Winter
34-1	3752-3753	/	_	_	
34-2	3753-3754	s	_	_	
34-3	3754-3755	/	_	_	
34-4	3756-3762	Donald	WITNESS[10]	*[10]	
34-5	3763-3764	C	WITNESS[10]	*[10]	
34-6	3764-3765	.	WITNESS[10]	*[10]	
34-7	3766-3772	Winter	WITNESS[10]	*[10]	

#Text=Dated: February 1, 2014
35-1	3778-3783	Dated	_	_	
35-2	3783-3784	:	_	_	
35-3	3785-3793	February	_	_	
35-4	3794-3795	1	_	_	
35-5	3795-3796	,	_	_	
35-6	3797-3801	2014	_	_	

#Text=Donald C. Winter
36-1	3803-3809	Donald	_	_	
36-2	3810-3811	C	_	_	
36-3	3811-3812	.	_	_	
36-4	3813-3819	Winter	_	_	
