#FORMAT=WebAnno TSV 3.2
#T_SP=webanno.custom.AgreementEntities|Agreement|Employment


#Text=POWER OF ATTORNEY
1-1	0-5	POWER	_	_	
1-2	6-8	OF	_	_	
1-3	9-17	ATTORNEY	_	_	

#Text=POWER OF ATTORNEY OF COMPANY DIRECTOR
2-1	21-26	POWER	_	_	
2-2	27-29	OF	_	_	
2-3	30-38	ATTORNEY	_	_	
2-4	39-41	OF	_	_	
2-5	42-49	COMPANY	_	_	
2-6	50-58	DIRECTOR	_	_	

#Text=KNOW ALL BY THESE PRESENTS, that the undersigned director and/or officer of Corning Incorporated, a New York corporation (the “Corporation”), does hereby make, constitute and appoint James B. Flaws, Vincent P. Hatton and R. Tony Tripeny and each or any one of them, the undersigned’s true and lawful agents and attorneys-in-fact, with power of substitution, for the undersigned and in the undersigned’s name, place and stead, to sign and affix the undersigned’s name as director and/or officer of the Corporation to (1) a Form 10-K, Annual Report, pursuant to the Securities Exchange Act of 1934, as amended (the “1934 Act”), for the fiscal year ended December 31, 2009, or other applicable form, including any and all exhibits, schedules, amendments, supplements and supporting documents thereto, to be filed by the Corporation with the Securities and Exchange Commission (the “SEC”), as required under the 1934 Act; (2) one or more Registration Statements, on Form S-8, or other applicable forms, and all amendments, including post-effective amendments, thereto, to be filed by the Corporation with the SEC in connection with the registration under the Securities Act of 1933, as amended (the “1933 Act”), of securities of the Corporation, and to file the same, with all exhibits thereto and other supporting documents, with the SEC; and (3) one or more Registration Statements on Form S-3, or other applicable forms, establishing a universal shelf under Rule 415 of the 1933 Act, and any and all amendments or supplements thereto (including post-effective amendments), or any Registration Statements relating to the same offering of securities that are filed pursuant to Rule 462(b) of the 1933 Act, and to file the same, with all exhibits thereto and other supporting documents, with the SEC.
3-1	62-66	KNOW	_	_	
3-2	67-70	ALL	_	_	
3-3	71-73	BY	_	_	
3-4	74-79	THESE	_	_	
3-5	80-88	PRESENTS	_	_	
3-6	88-89	,	_	_	
3-7	90-94	that	_	_	
3-8	95-98	the	_	_	
3-9	99-110	undersigned	_	_	
3-10	111-119	director	_	_	
3-11	120-123	and	_	_	
3-12	123-124	/	_	_	
3-13	124-126	or	_	_	
3-14	127-134	officer	_	_	
3-15	135-137	of	_	_	
3-16	138-145	Corning	COMP[1]	*[1]	
3-17	146-158	Incorporated	COMP[1]	*[1]	
3-18	158-159	,	_	_	
3-19	160-161	a	_	_	
3-20	162-165	New	_	_	
3-21	166-170	York	_	_	
3-22	171-182	corporation	_	_	
3-23	183-184	(	_	_	
3-24	184-187	the	_	_	
3-25	188-189	“	_	_	
3-26	189-200	Corporation	_	_	
3-27	200-201	”	_	_	
3-28	201-202	)	_	_	
3-29	202-203	,	_	_	
3-30	204-208	does	_	_	
3-31	209-215	hereby	_	_	
3-32	216-220	make	_	_	
3-33	220-221	,	_	_	
3-34	222-232	constitute	_	_	
3-35	233-236	and	_	_	
3-36	237-244	appoint	_	_	
3-37	245-250	James	PER[2]	*[2]	
3-38	251-252	B	PER[2]	*[2]	
3-39	252-253	.	PER[2]	*[2]	
3-40	254-259	Flaws	PER[2]	*[2]	
3-41	259-260	,	_	_	
3-42	261-268	Vincent	PER[3]	*[3]	
3-43	269-270	P	PER[3]	*[3]	
3-44	270-271	.	PER[3]	*[3]	
3-45	272-278	Hatton	PER[3]	*[3]	
3-46	279-282	and	_	_	
3-47	283-284	R	PER[4]	*[4]	
3-48	284-285	.	PER[4]	*[4]	
3-49	286-290	Tony	PER[4]	*[4]	
3-50	291-298	Tripeny	PER[4]	*[4]	
3-51	299-302	and	_	_	
3-52	303-307	each	_	_	
3-53	308-310	or	_	_	
3-54	311-314	any	_	_	
3-55	315-318	one	_	_	
3-56	319-321	of	_	_	
3-57	322-326	them	_	_	
3-58	326-327	,	_	_	
3-59	328-331	the	_	_	
3-60	332-343	undersigned	_	_	
3-61	343-344	’	_	_	
3-62	344-345	s	_	_	
3-63	346-350	true	_	_	
3-64	351-354	and	_	_	
3-65	355-361	lawful	_	_	
3-66	362-368	agents	_	_	
3-67	369-372	and	_	_	
3-68	373-390	attorneys-in-fact	_	_	
3-69	390-391	,	_	_	
3-70	392-396	with	_	_	
3-71	397-402	power	_	_	
3-72	403-405	of	_	_	
3-73	406-418	substitution	_	_	
3-74	418-419	,	_	_	
3-75	420-423	for	_	_	
3-76	424-427	the	_	_	
3-77	428-439	undersigned	_	_	
3-78	440-443	and	_	_	
3-79	444-446	in	_	_	
3-80	447-450	the	_	_	
3-81	451-462	undersigned	_	_	
3-82	462-463	’	_	_	
3-83	463-464	s	_	_	
3-84	465-469	name	_	_	
3-85	469-470	,	_	_	
3-86	471-476	place	_	_	
3-87	477-480	and	_	_	
3-88	481-486	stead	_	_	
3-89	486-487	,	_	_	
3-90	488-490	to	_	_	
3-91	491-495	sign	_	_	
3-92	496-499	and	_	_	
3-93	500-505	affix	_	_	
3-94	506-509	the	_	_	
3-95	510-521	undersigned	_	_	
3-96	521-522	’	_	_	
3-97	522-523	s	_	_	
3-98	524-528	name	_	_	
3-99	529-531	as	_	_	
3-100	532-540	director	_	_	
3-101	541-544	and	_	_	
3-102	544-545	/	_	_	
3-103	545-547	or	_	_	
3-104	548-555	officer	_	_	
3-105	556-558	of	_	_	
3-106	559-562	the	_	_	
3-107	563-574	Corporation	_	_	
3-108	575-577	to	_	_	
3-109	578-579	(	_	_	
3-110	579-580	1	_	_	
3-111	580-581	)	_	_	
3-112	582-583	a	_	_	
3-113	584-588	Form	_	_	
3-114	589-591	10	_	_	
3-115	591-592	-	_	_	
3-116	592-593	K	_	_	
3-117	593-594	,	_	_	
3-118	595-601	Annual	_	_	
3-119	602-608	Report	_	_	
3-120	608-609	,	_	_	
3-121	610-618	pursuant	_	_	
3-122	619-621	to	_	_	
3-123	622-625	the	_	_	
3-124	626-636	Securities	_	_	
3-125	637-645	Exchange	_	_	
3-126	646-649	Act	_	_	
3-127	650-652	of	_	_	
3-128	653-657	1934	_	_	
3-129	657-658	,	_	_	
3-130	659-661	as	_	_	
3-131	662-669	amended	_	_	
3-132	670-671	(	_	_	
3-133	671-674	the	_	_	
3-134	675-676	“	_	_	
3-135	676-680	1934	_	_	
3-136	681-684	Act	_	_	
3-137	684-685	”	_	_	
3-138	685-686	)	_	_	
3-139	686-687	,	_	_	
3-140	688-691	for	_	_	
3-141	692-695	the	_	_	
3-142	696-702	fiscal	_	_	
3-143	703-707	year	_	_	
3-144	708-713	ended	_	_	
3-145	714-722	December	_	_	
3-146	723-725	31	_	_	
3-147	725-726	,	_	_	
3-148	727-731	2009	_	_	
3-149	731-732	,	_	_	
3-150	733-735	or	_	_	
3-151	736-741	other	_	_	
3-152	742-752	applicable	_	_	
3-153	753-757	form	_	_	
3-154	757-758	,	_	_	
3-155	759-768	including	_	_	
3-156	769-772	any	_	_	
3-157	773-776	and	_	_	
3-158	777-780	all	_	_	
3-159	781-789	exhibits	_	_	
3-160	789-790	,	_	_	
3-161	791-800	schedules	_	_	
3-162	800-801	,	_	_	
3-163	802-812	amendments	_	_	
3-164	812-813	,	_	_	
3-165	814-825	supplements	_	_	
3-166	826-829	and	_	_	
3-167	830-840	supporting	_	_	
3-168	841-850	documents	_	_	
3-169	851-858	thereto	_	_	
3-170	858-859	,	_	_	
3-171	860-862	to	_	_	
3-172	863-865	be	_	_	
3-173	866-871	filed	_	_	
3-174	872-874	by	_	_	
3-175	875-878	the	_	_	
3-176	879-890	Corporation	_	_	
3-177	891-895	with	_	_	
3-178	896-899	the	_	_	
3-179	900-910	Securities	_	_	
3-180	911-914	and	_	_	
3-181	915-923	Exchange	_	_	
3-182	924-934	Commission	_	_	
3-183	935-936	(	_	_	
3-184	936-939	the	_	_	
3-185	940-941	“	_	_	
3-186	941-944	SEC	_	_	
3-187	944-945	”	_	_	
3-188	945-946	)	_	_	
3-189	946-947	,	_	_	
3-190	948-950	as	_	_	
3-191	951-959	required	_	_	
3-192	960-965	under	_	_	
3-193	966-969	the	_	_	
3-194	970-974	1934	_	_	
3-195	975-978	Act	_	_	
3-196	978-979	;	_	_	
3-197	980-981	(	_	_	
3-198	981-982	2	_	_	
3-199	982-983	)	_	_	
3-200	984-987	one	_	_	
3-201	988-990	or	_	_	
3-202	991-995	more	_	_	
3-203	996-1008	Registration	_	_	
3-204	1009-1019	Statements	_	_	
3-205	1019-1020	,	_	_	
3-206	1021-1023	on	_	_	
3-207	1024-1028	Form	_	_	
3-208	1029-1030	S	_	_	
3-209	1030-1031	-	_	_	
3-210	1031-1032	8	_	_	
3-211	1032-1033	,	_	_	
3-212	1034-1036	or	_	_	
3-213	1037-1042	other	_	_	
3-214	1043-1053	applicable	_	_	
3-215	1054-1059	forms	_	_	
3-216	1059-1060	,	_	_	
3-217	1061-1064	and	_	_	
3-218	1065-1068	all	_	_	
3-219	1069-1079	amendments	_	_	
3-220	1079-1080	,	_	_	
3-221	1081-1090	including	_	_	
3-222	1091-1105	post-effective	_	_	
3-223	1106-1116	amendments	_	_	
3-224	1116-1117	,	_	_	
3-225	1118-1125	thereto	_	_	
3-226	1125-1126	,	_	_	
3-227	1127-1129	to	_	_	
3-228	1130-1132	be	_	_	
3-229	1133-1138	filed	_	_	
3-230	1139-1141	by	_	_	
3-231	1142-1145	the	_	_	
3-232	1146-1157	Corporation	_	_	
3-233	1158-1162	with	_	_	
3-234	1163-1166	the	_	_	
3-235	1167-1170	SEC	_	_	
3-236	1171-1173	in	_	_	
3-237	1174-1184	connection	_	_	
3-238	1185-1189	with	_	_	
3-239	1190-1193	the	_	_	
3-240	1194-1206	registration	_	_	
3-241	1207-1212	under	_	_	
3-242	1213-1216	the	_	_	
3-243	1217-1227	Securities	_	_	
3-244	1228-1231	Act	_	_	
3-245	1232-1234	of	_	_	
3-246	1235-1239	1933	_	_	
3-247	1239-1240	,	_	_	
3-248	1241-1243	as	_	_	
3-249	1244-1251	amended	_	_	
3-250	1252-1253	(	_	_	
3-251	1253-1256	the	_	_	
3-252	1257-1258	“	_	_	
3-253	1258-1262	1933	_	_	
3-254	1263-1266	Act	_	_	
3-255	1266-1267	”	_	_	
3-256	1267-1268	)	_	_	
3-257	1268-1269	,	_	_	
3-258	1270-1272	of	_	_	
3-259	1273-1283	securities	_	_	
3-260	1284-1286	of	_	_	
3-261	1287-1290	the	_	_	
3-262	1291-1302	Corporation	_	_	
3-263	1302-1303	,	_	_	
3-264	1304-1307	and	_	_	
3-265	1308-1310	to	_	_	
3-266	1311-1315	file	_	_	
3-267	1316-1319	the	_	_	
3-268	1320-1324	same	_	_	
3-269	1324-1325	,	_	_	
3-270	1326-1330	with	_	_	
3-271	1331-1334	all	_	_	
3-272	1335-1343	exhibits	_	_	
3-273	1344-1351	thereto	_	_	
3-274	1352-1355	and	_	_	
3-275	1356-1361	other	_	_	
3-276	1362-1372	supporting	_	_	
3-277	1373-1382	documents	_	_	
3-278	1382-1383	,	_	_	
3-279	1384-1388	with	_	_	
3-280	1389-1392	the	_	_	
3-281	1393-1396	SEC	_	_	
3-282	1396-1397	;	_	_	
3-283	1398-1401	and	_	_	
3-284	1402-1403	(	_	_	
3-285	1403-1404	3	_	_	
3-286	1404-1405	)	_	_	
3-287	1406-1409	one	_	_	
3-288	1410-1412	or	_	_	
3-289	1413-1417	more	_	_	
3-290	1418-1430	Registration	_	_	
3-291	1431-1441	Statements	_	_	
3-292	1442-1444	on	_	_	
3-293	1445-1449	Form	_	_	
3-294	1450-1451	S	_	_	
3-295	1451-1452	-	_	_	
3-296	1452-1453	3	_	_	
3-297	1453-1454	,	_	_	
3-298	1455-1457	or	_	_	
3-299	1458-1463	other	_	_	
3-300	1464-1474	applicable	_	_	
3-301	1475-1480	forms	_	_	
3-302	1480-1481	,	_	_	
3-303	1482-1494	establishing	_	_	
3-304	1495-1496	a	_	_	
3-305	1497-1506	universal	_	_	
3-306	1507-1512	shelf	_	_	
3-307	1513-1518	under	_	_	
3-308	1519-1523	Rule	_	_	
3-309	1524-1527	415	_	_	
3-310	1528-1530	of	_	_	
3-311	1531-1534	the	_	_	
3-312	1535-1539	1933	_	_	
3-313	1540-1543	Act	_	_	
3-314	1543-1544	,	_	_	
3-315	1545-1548	and	_	_	
3-316	1549-1552	any	_	_	
3-317	1553-1556	and	_	_	
3-318	1557-1560	all	_	_	
3-319	1561-1571	amendments	_	_	
3-320	1572-1574	or	_	_	
3-321	1575-1586	supplements	_	_	
3-322	1587-1594	thereto	_	_	
3-323	1595-1596	(	_	_	
3-324	1596-1605	including	_	_	
3-325	1606-1620	post-effective	_	_	
3-326	1621-1631	amendments	_	_	
3-327	1631-1632	)	_	_	
3-328	1632-1633	,	_	_	
3-329	1634-1636	or	_	_	
3-330	1637-1640	any	_	_	
3-331	1641-1653	Registration	_	_	
3-332	1654-1664	Statements	_	_	
3-333	1665-1673	relating	_	_	
3-334	1674-1676	to	_	_	
3-335	1677-1680	the	_	_	
3-336	1681-1685	same	_	_	
3-337	1686-1694	offering	_	_	
3-338	1695-1697	of	_	_	
3-339	1698-1708	securities	_	_	
3-340	1709-1713	that	_	_	
3-341	1714-1717	are	_	_	
3-342	1718-1723	filed	_	_	
3-343	1724-1732	pursuant	_	_	
3-344	1733-1735	to	_	_	
3-345	1736-1740	Rule	_	_	
3-346	1741-1744	462	_	_	
3-347	1744-1745	(	_	_	
3-348	1745-1746	b	_	_	
3-349	1746-1747	)	_	_	
3-350	1748-1750	of	_	_	
3-351	1751-1754	the	_	_	
3-352	1755-1759	1933	_	_	
3-353	1760-1763	Act	_	_	
3-354	1763-1764	,	_	_	
3-355	1765-1768	and	_	_	
3-356	1769-1771	to	_	_	
3-357	1772-1776	file	_	_	
3-358	1777-1780	the	_	_	
3-359	1781-1785	same	_	_	
3-360	1785-1786	,	_	_	
3-361	1787-1791	with	_	_	
3-362	1792-1795	all	_	_	
3-363	1796-1804	exhibits	_	_	
3-364	1805-1812	thereto	_	_	
3-365	1813-1816	and	_	_	
3-366	1817-1822	other	_	_	
3-367	1823-1833	supporting	_	_	
3-368	1834-1843	documents	_	_	
3-369	1843-1844	,	_	_	
3-370	1845-1849	with	_	_	
3-371	1850-1853	the	_	_	
3-372	1854-1857	SEC	_	_	
3-373	1857-1858	.	_	_	

#Text=This Power of Attorney may be executed in counterparts and all such duly executed counterparts shall together constitute the same instrument. This Power of Attorney shall not revoke any powers of attorney previously executed by the undersigned. This Power of Attorney shall not be revoked by any subsequent power of attorney that the undersigned may execute, unless such subsequent power of attorney expressly provides that it revokes this Power of Attorney by referring to the date of the undersigned’s execution of this Power of Attorney and subject hereof.
4-1	1862-1866	This	_	_	
4-2	1867-1872	Power	_	_	
4-3	1873-1875	of	_	_	
4-4	1876-1884	Attorney	_	_	
4-5	1885-1888	may	_	_	
4-6	1889-1891	be	_	_	
4-7	1892-1900	executed	_	_	
4-8	1901-1903	in	_	_	
4-9	1904-1916	counterparts	_	_	
4-10	1917-1920	and	_	_	
4-11	1921-1924	all	_	_	
4-12	1925-1929	such	_	_	
4-13	1930-1934	duly	_	_	
4-14	1935-1943	executed	_	_	
4-15	1944-1956	counterparts	_	_	
4-16	1957-1962	shall	_	_	
4-17	1963-1971	together	_	_	
4-18	1972-1982	constitute	_	_	
4-19	1983-1986	the	_	_	
4-20	1987-1991	same	_	_	
4-21	1992-2002	instrument	_	_	
4-22	2002-2003	.	_	_	
4-23	2004-2008	This	_	_	
4-24	2009-2014	Power	_	_	
4-25	2015-2017	of	_	_	
4-26	2018-2026	Attorney	_	_	
4-27	2027-2032	shall	_	_	
4-28	2033-2036	not	_	_	
4-29	2037-2043	revoke	_	_	
4-30	2044-2047	any	_	_	
4-31	2048-2054	powers	_	_	
4-32	2055-2057	of	_	_	
4-33	2058-2066	attorney	_	_	
4-34	2067-2077	previously	_	_	
4-35	2078-2086	executed	_	_	
4-36	2087-2089	by	_	_	
4-37	2090-2093	the	_	_	
4-38	2094-2105	undersigned	_	_	
4-39	2105-2106	.	_	_	
4-40	2107-2111	This	_	_	
4-41	2112-2117	Power	_	_	
4-42	2118-2120	of	_	_	
4-43	2121-2129	Attorney	_	_	
4-44	2130-2135	shall	_	_	
4-45	2136-2139	not	_	_	
4-46	2140-2142	be	_	_	
4-47	2143-2150	revoked	_	_	
4-48	2151-2153	by	_	_	
4-49	2154-2157	any	_	_	
4-50	2158-2168	subsequent	_	_	
4-51	2169-2174	power	_	_	
4-52	2175-2177	of	_	_	
4-53	2178-2186	attorney	_	_	
4-54	2187-2191	that	_	_	
4-55	2192-2195	the	_	_	
4-56	2196-2207	undersigned	_	_	
4-57	2208-2211	may	_	_	
4-58	2212-2219	execute	_	_	
4-59	2219-2220	,	_	_	
4-60	2221-2227	unless	_	_	
4-61	2228-2232	such	_	_	
4-62	2233-2243	subsequent	_	_	
4-63	2244-2249	power	_	_	
4-64	2250-2252	of	_	_	
4-65	2253-2261	attorney	_	_	
4-66	2262-2271	expressly	_	_	
4-67	2272-2280	provides	_	_	
4-68	2281-2285	that	_	_	
4-69	2286-2288	it	_	_	
4-70	2289-2296	revokes	_	_	
4-71	2297-2301	this	_	_	
4-72	2302-2307	Power	_	_	
4-73	2308-2310	of	_	_	
4-74	2311-2319	Attorney	_	_	
4-75	2320-2322	by	_	_	
4-76	2323-2332	referring	_	_	
4-77	2333-2335	to	_	_	
4-78	2336-2339	the	_	_	
4-79	2340-2344	date	_	_	
4-80	2345-2347	of	_	_	
4-81	2348-2351	the	_	_	
4-82	2352-2363	undersigned	_	_	
4-83	2363-2364	’	_	_	
4-84	2364-2365	s	_	_	
4-85	2366-2375	execution	_	_	
4-86	2376-2378	of	_	_	
4-87	2379-2383	this	_	_	
4-88	2384-2389	Power	_	_	
4-89	2390-2392	of	_	_	
4-90	2393-2401	Attorney	_	_	
4-91	2402-2405	and	_	_	
4-92	2406-2413	subject	_	_	
4-93	2414-2420	hereof	_	_	
4-94	2420-2421	.	_	_	

#Text=The “CAUTION TO THE PRINCIPAL” and “IMPORTANT INFORMATION FOR THE AGENT” statement below is required under New York State General Obligations Law. Notwithstanding anything to the contrary contained therein, this Power of Attorney is limited to the powers granted as described above and DOES NOT grant the agents and attorneys-in-fact the authority to spend the undersigned’s money or sell or dispose of the undersigned’s property.
5-1	2425-2428	The	_	_	
5-2	2429-2430	“	_	_	
5-3	2430-2437	CAUTION	_	_	
5-4	2438-2440	TO	_	_	
5-5	2441-2444	THE	_	_	
5-6	2445-2454	PRINCIPAL	_	_	
5-7	2454-2455	”	_	_	
5-8	2456-2459	and	_	_	
5-9	2460-2461	“	_	_	
5-10	2461-2470	IMPORTANT	_	_	
5-11	2471-2482	INFORMATION	_	_	
5-12	2483-2486	FOR	_	_	
5-13	2487-2490	THE	_	_	
5-14	2491-2496	AGENT	_	_	
5-15	2496-2497	”	_	_	
5-16	2498-2507	statement	_	_	
5-17	2508-2513	below	_	_	
5-18	2514-2516	is	_	_	
5-19	2517-2525	required	_	_	
5-20	2526-2531	under	_	_	
5-21	2532-2535	New	_	_	
5-22	2536-2540	York	_	_	
5-23	2541-2546	State	_	_	
5-24	2547-2554	General	_	_	
5-25	2555-2566	Obligations	_	_	
5-26	2567-2570	Law	_	_	
5-27	2570-2571	.	_	_	
5-28	2572-2587	Notwithstanding	_	_	
5-29	2588-2596	anything	_	_	
5-30	2597-2599	to	_	_	
5-31	2600-2603	the	_	_	
5-32	2604-2612	contrary	_	_	
5-33	2613-2622	contained	_	_	
5-34	2623-2630	therein	_	_	
5-35	2630-2631	,	_	_	
5-36	2632-2636	this	_	_	
5-37	2637-2642	Power	_	_	
5-38	2643-2645	of	_	_	
5-39	2646-2654	Attorney	_	_	
5-40	2655-2657	is	_	_	
5-41	2658-2665	limited	_	_	
5-42	2666-2668	to	_	_	
5-43	2669-2672	the	_	_	
5-44	2673-2679	powers	_	_	
5-45	2680-2687	granted	_	_	
5-46	2688-2690	as	_	_	
5-47	2691-2700	described	_	_	
5-48	2701-2706	above	_	_	
5-49	2707-2710	and	_	_	
5-50	2711-2715	DOES	_	_	
5-51	2716-2719	NOT	_	_	
5-52	2720-2725	grant	_	_	
5-53	2726-2729	the	_	_	
5-54	2730-2736	agents	_	_	
5-55	2737-2740	and	_	_	
5-56	2741-2758	attorneys-in-fact	_	_	
5-57	2759-2762	the	_	_	
5-58	2763-2772	authority	_	_	
5-59	2773-2775	to	_	_	
5-60	2776-2781	spend	_	_	
5-61	2782-2785	the	_	_	
5-62	2786-2797	undersigned	_	_	
5-63	2797-2798	’	_	_	
5-64	2798-2799	s	_	_	
5-65	2800-2805	money	_	_	
5-66	2806-2808	or	_	_	
5-67	2809-2813	sell	_	_	
5-68	2814-2816	or	_	_	
5-69	2817-2824	dispose	_	_	
5-70	2825-2827	of	_	_	
5-71	2828-2831	the	_	_	
5-72	2832-2843	undersigned	_	_	
5-73	2843-2844	’	_	_	
5-74	2844-2845	s	_	_	
5-75	2846-2854	property	_	_	
5-76	2854-2855	.	_	_	

#Text=CAUTION TO THE PRINCIPAL: Your Power of Attorney is an important document. As the “principal,” you give the person whom you choose (your “agent”) authority to spend your money and sell or dispose of your property during your lifetime without telling you. You do not lose your authority to act even though you have given your agent similar authority. When your agent exercises this authority, he or she must act according to any instructions you have provided, or, where there are no specific instructions, in your best interest. “Important Information for the Agent” at the end of this document describes your agent’s responsibilities. Your agent can act on your behalf only after signing the Power of Attorney before a notary public. You can request information from your agent at any time. If you are revoking a prior Power of Attorney by executing this Power of Attorney, you should provide written notice of the revocation to your prior agent(s) and to the financial institutions where your accounts are located. You can revoke or terminate your Power of Attorney at any time for any reason as long as you are of sound mind. If you are no longer of sound mind, a court can remove an agent for acting improperly. Your agent cannot make health care decisions for you. You may execute a “Health Care Proxy” to do this. The law governing Powers of Attorney is contained in the New York General Obligations Law, Article 5, Title 15. This law is available at a law library, or online through the New York State Senate or Assembly websites, www.senate.state.ny.us or www.assembly.state.ny.us. If there is anything about this document that you do not understand, you should ask a lawyer of your own choosing to explain it to you.
6-1	2859-2866	CAUTION	_	_	
6-2	2867-2869	TO	_	_	
6-3	2870-2873	THE	_	_	
6-4	2874-2883	PRINCIPAL	_	_	
6-5	2883-2884	:	_	_	
6-6	2885-2889	Your	_	_	
6-7	2890-2895	Power	_	_	
6-8	2896-2898	of	_	_	
6-9	2899-2907	Attorney	_	_	
6-10	2908-2910	is	_	_	
6-11	2911-2913	an	_	_	
6-12	2914-2923	important	_	_	
6-13	2924-2932	document	_	_	
6-14	2932-2933	.	_	_	
6-15	2934-2936	As	_	_	
6-16	2937-2940	the	_	_	
6-17	2941-2942	“	_	_	
6-18	2942-2951	principal	_	_	
6-19	2951-2952	,	_	_	
6-20	2952-2953	”	_	_	
6-21	2954-2957	you	_	_	
6-22	2958-2962	give	_	_	
6-23	2963-2966	the	_	_	
6-24	2967-2973	person	_	_	
6-25	2974-2978	whom	_	_	
6-26	2979-2982	you	_	_	
6-27	2983-2989	choose	_	_	
6-28	2990-2991	(	_	_	
6-29	2991-2995	your	_	_	
6-30	2996-2997	“	_	_	
6-31	2997-3002	agent	_	_	
6-32	3002-3003	”	_	_	
6-33	3003-3004	)	_	_	
6-34	3005-3014	authority	_	_	
6-35	3015-3017	to	_	_	
6-36	3018-3023	spend	_	_	
6-37	3024-3028	your	_	_	
6-38	3029-3034	money	_	_	
6-39	3035-3038	and	_	_	
6-40	3039-3043	sell	_	_	
6-41	3044-3046	or	_	_	
6-42	3047-3054	dispose	_	_	
6-43	3055-3057	of	_	_	
6-44	3058-3062	your	_	_	
6-45	3063-3071	property	_	_	
6-46	3072-3078	during	_	_	
6-47	3079-3083	your	_	_	
6-48	3084-3092	lifetime	_	_	
6-49	3093-3100	without	_	_	
6-50	3101-3108	telling	_	_	
6-51	3109-3112	you	_	_	
6-52	3112-3113	.	_	_	
6-53	3114-3117	You	_	_	
6-54	3118-3120	do	_	_	
6-55	3121-3124	not	_	_	
6-56	3125-3129	lose	_	_	
6-57	3130-3134	your	_	_	
6-58	3135-3144	authority	_	_	
6-59	3145-3147	to	_	_	
6-60	3148-3151	act	_	_	
6-61	3152-3156	even	_	_	
6-62	3157-3163	though	_	_	
6-63	3164-3167	you	_	_	
6-64	3168-3172	have	_	_	
6-65	3173-3178	given	_	_	
6-66	3179-3183	your	_	_	
6-67	3184-3189	agent	_	_	
6-68	3190-3197	similar	_	_	
6-69	3198-3207	authority	_	_	
6-70	3207-3208	.	_	_	
6-71	3209-3213	When	_	_	
6-72	3214-3218	your	_	_	
6-73	3219-3224	agent	_	_	
6-74	3225-3234	exercises	_	_	
6-75	3235-3239	this	_	_	
6-76	3240-3249	authority	_	_	
6-77	3249-3250	,	_	_	
6-78	3251-3253	he	_	_	
6-79	3254-3256	or	_	_	
6-80	3257-3260	she	_	_	
6-81	3261-3265	must	_	_	
6-82	3266-3269	act	_	_	
6-83	3270-3279	according	_	_	
6-84	3280-3282	to	_	_	
6-85	3283-3286	any	_	_	
6-86	3287-3299	instructions	_	_	
6-87	3300-3303	you	_	_	
6-88	3304-3308	have	_	_	
6-89	3309-3317	provided	_	_	
6-90	3317-3318	,	_	_	
6-91	3319-3321	or	_	_	
6-92	3321-3322	,	_	_	
6-93	3323-3328	where	_	_	
6-94	3329-3334	there	_	_	
6-95	3335-3338	are	_	_	
6-96	3339-3341	no	_	_	
6-97	3342-3350	specific	_	_	
6-98	3351-3363	instructions	_	_	
6-99	3363-3364	,	_	_	
6-100	3365-3367	in	_	_	
6-101	3368-3372	your	_	_	
6-102	3373-3377	best	_	_	
6-103	3378-3386	interest	_	_	
6-104	3386-3387	.	_	_	
6-105	3388-3389	“	_	_	
6-106	3389-3398	Important	_	_	
6-107	3399-3410	Information	_	_	
6-108	3411-3414	for	_	_	
6-109	3415-3418	the	_	_	
6-110	3419-3424	Agent	_	_	
6-111	3424-3425	”	_	_	
6-112	3426-3428	at	_	_	
6-113	3429-3432	the	_	_	
6-114	3433-3436	end	_	_	
6-115	3437-3439	of	_	_	
6-116	3440-3444	this	_	_	
6-117	3445-3453	document	_	_	
6-118	3454-3463	describes	_	_	
6-119	3464-3468	your	_	_	
6-120	3469-3474	agent	_	_	
6-121	3474-3475	’	_	_	
6-122	3475-3476	s	_	_	
6-123	3477-3493	responsibilities	_	_	
6-124	3493-3494	.	_	_	
6-125	3495-3499	Your	_	_	
6-126	3500-3505	agent	_	_	
6-127	3506-3509	can	_	_	
6-128	3510-3513	act	_	_	
6-129	3514-3516	on	_	_	
6-130	3517-3521	your	_	_	
6-131	3522-3528	behalf	_	_	
6-132	3529-3533	only	_	_	
6-133	3534-3539	after	_	_	
6-134	3540-3547	signing	_	_	
6-135	3548-3551	the	_	_	
6-136	3552-3557	Power	_	_	
6-137	3558-3560	of	_	_	
6-138	3561-3569	Attorney	_	_	
6-139	3570-3576	before	_	_	
6-140	3577-3578	a	_	_	
6-141	3579-3585	notary	_	_	
6-142	3586-3592	public	_	_	
6-143	3592-3593	.	_	_	
6-144	3594-3597	You	_	_	
6-145	3598-3601	can	_	_	
6-146	3602-3609	request	_	_	
6-147	3610-3621	information	_	_	
6-148	3622-3626	from	_	_	
6-149	3627-3631	your	_	_	
6-150	3632-3637	agent	_	_	
6-151	3638-3640	at	_	_	
6-152	3641-3644	any	_	_	
6-153	3645-3649	time	_	_	
6-154	3649-3650	.	_	_	
6-155	3651-3653	If	_	_	
6-156	3654-3657	you	_	_	
6-157	3658-3661	are	_	_	
6-158	3662-3670	revoking	_	_	
6-159	3671-3672	a	_	_	
6-160	3673-3678	prior	_	_	
6-161	3679-3684	Power	_	_	
6-162	3685-3687	of	_	_	
6-163	3688-3696	Attorney	_	_	
6-164	3697-3699	by	_	_	
6-165	3700-3709	executing	_	_	
6-166	3710-3714	this	_	_	
6-167	3715-3720	Power	_	_	
6-168	3721-3723	of	_	_	
6-169	3724-3732	Attorney	_	_	
6-170	3732-3733	,	_	_	
6-171	3734-3737	you	_	_	
6-172	3738-3744	should	_	_	
6-173	3745-3752	provide	_	_	
6-174	3753-3760	written	_	_	
6-175	3761-3767	notice	_	_	
6-176	3768-3770	of	_	_	
6-177	3771-3774	the	_	_	
6-178	3775-3785	revocation	_	_	
6-179	3786-3788	to	_	_	
6-180	3789-3793	your	_	_	
6-181	3794-3799	prior	_	_	
6-182	3800-3805	agent	_	_	
6-183	3805-3806	(	_	_	
6-184	3806-3807	s	_	_	
6-185	3807-3808	)	_	_	
6-186	3809-3812	and	_	_	
6-187	3813-3815	to	_	_	
6-188	3816-3819	the	_	_	
6-189	3820-3829	financial	_	_	
6-190	3830-3842	institutions	_	_	
6-191	3843-3848	where	_	_	
6-192	3849-3853	your	_	_	
6-193	3854-3862	accounts	_	_	
6-194	3863-3866	are	_	_	
6-195	3867-3874	located	_	_	
6-196	3874-3875	.	_	_	
6-197	3876-3879	You	_	_	
6-198	3880-3883	can	_	_	
6-199	3884-3890	revoke	_	_	
6-200	3891-3893	or	_	_	
6-201	3894-3903	terminate	_	_	
6-202	3904-3908	your	_	_	
6-203	3909-3914	Power	_	_	
6-204	3915-3917	of	_	_	
6-205	3918-3926	Attorney	_	_	
6-206	3927-3929	at	_	_	
6-207	3930-3933	any	_	_	
6-208	3934-3938	time	_	_	
6-209	3939-3942	for	_	_	
6-210	3943-3946	any	_	_	
6-211	3947-3953	reason	_	_	
6-212	3954-3956	as	_	_	
6-213	3957-3961	long	_	_	
6-214	3962-3964	as	_	_	
6-215	3965-3968	you	_	_	
6-216	3969-3972	are	_	_	
6-217	3973-3975	of	_	_	
6-218	3976-3981	sound	_	_	
6-219	3982-3986	mind	_	_	
6-220	3986-3987	.	_	_	
6-221	3988-3990	If	_	_	
6-222	3991-3994	you	_	_	
6-223	3995-3998	are	_	_	
6-224	3999-4001	no	_	_	
6-225	4002-4008	longer	_	_	
6-226	4009-4011	of	_	_	
6-227	4012-4017	sound	_	_	
6-228	4018-4022	mind	_	_	
6-229	4022-4023	,	_	_	
6-230	4024-4025	a	_	_	
6-231	4026-4031	court	_	_	
6-232	4032-4035	can	_	_	
6-233	4036-4042	remove	_	_	
6-234	4043-4045	an	_	_	
6-235	4046-4051	agent	_	_	
6-236	4052-4055	for	_	_	
6-237	4056-4062	acting	_	_	
6-238	4063-4073	improperly	_	_	
6-239	4073-4074	.	_	_	
6-240	4075-4079	Your	_	_	
6-241	4080-4085	agent	_	_	
6-242	4086-4092	cannot	_	_	
6-243	4093-4097	make	_	_	
6-244	4098-4104	health	_	_	
6-245	4105-4109	care	_	_	
6-246	4110-4119	decisions	_	_	
6-247	4120-4123	for	_	_	
6-248	4124-4127	you	_	_	
6-249	4127-4128	.	_	_	
6-250	4129-4132	You	_	_	
6-251	4133-4136	may	_	_	
6-252	4137-4144	execute	_	_	
6-253	4145-4146	a	_	_	
6-254	4147-4148	“	_	_	
6-255	4148-4154	Health	_	_	
6-256	4155-4159	Care	_	_	
6-257	4160-4165	Proxy	_	_	
6-258	4165-4166	”	_	_	
6-259	4167-4169	to	_	_	
6-260	4170-4172	do	_	_	
6-261	4173-4177	this	_	_	
6-262	4177-4178	.	_	_	
6-263	4179-4182	The	_	_	
6-264	4183-4186	law	_	_	
6-265	4187-4196	governing	_	_	
6-266	4197-4203	Powers	_	_	
6-267	4204-4206	of	_	_	
6-268	4207-4215	Attorney	_	_	
6-269	4216-4218	is	_	_	
6-270	4219-4228	contained	_	_	
6-271	4229-4231	in	_	_	
6-272	4232-4235	the	_	_	
6-273	4236-4239	New	_	_	
6-274	4240-4244	York	_	_	
6-275	4245-4252	General	_	_	
6-276	4253-4264	Obligations	_	_	
6-277	4265-4268	Law	_	_	
6-278	4268-4269	,	_	_	
6-279	4270-4277	Article	_	_	
6-280	4278-4279	5	_	_	
6-281	4279-4280	,	_	_	
6-282	4281-4286	Title	_	_	
6-283	4287-4289	15	_	_	
6-284	4289-4290	.	_	_	
6-285	4291-4295	This	_	_	
6-286	4296-4299	law	_	_	
6-287	4300-4302	is	_	_	
6-288	4303-4312	available	_	_	
6-289	4313-4315	at	_	_	
6-290	4316-4317	a	_	_	
6-291	4318-4321	law	_	_	
6-292	4322-4329	library	_	_	
6-293	4329-4330	,	_	_	
6-294	4331-4333	or	_	_	
6-295	4334-4340	online	_	_	
6-296	4341-4348	through	_	_	
6-297	4349-4352	the	_	_	
6-298	4353-4356	New	_	_	
6-299	4357-4361	York	_	_	
6-300	4362-4367	State	_	_	
6-301	4368-4374	Senate	_	_	
6-302	4375-4377	or	_	_	
6-303	4378-4386	Assembly	_	_	
6-304	4387-4395	websites	_	_	
6-305	4395-4396	,	_	_	
6-306	4397-4419	www.senate.state.ny.us	_	_	
6-307	4420-4422	or	_	_	
6-308	4423-4447	www.assembly.state.ny.us	_	_	
6-309	4447-4448	.	_	_	
6-310	4449-4451	If	_	_	
6-311	4452-4457	there	_	_	
6-312	4458-4460	is	_	_	
6-313	4461-4469	anything	_	_	
6-314	4470-4475	about	_	_	
6-315	4476-4480	this	_	_	
6-316	4481-4489	document	_	_	
6-317	4490-4494	that	_	_	
6-318	4495-4498	you	_	_	
6-319	4499-4501	do	_	_	
6-320	4502-4505	not	_	_	
6-321	4506-4516	understand	_	_	
6-322	4516-4517	,	_	_	
6-323	4518-4521	you	_	_	
6-324	4522-4528	should	_	_	
6-325	4529-4532	ask	_	_	
6-326	4533-4534	a	_	_	
6-327	4535-4541	lawyer	_	_	
6-328	4542-4544	of	_	_	
6-329	4545-4549	your	_	_	
6-330	4550-4553	own	_	_	
6-331	4554-4562	choosing	_	_	
6-332	4563-4565	to	_	_	
6-333	4566-4573	explain	_	_	
6-334	4574-4576	it	_	_	
6-335	4577-4579	to	_	_	
6-336	4580-4583	you	_	_	
6-337	4583-4584	.	_	_	

#Text=IN WITNESS WHEREOF, each of the undersigned principals, has executed this Power of Attorney on the date indicated opposite his or her name.
7-1	4588-4590	IN	_	_	
7-2	4591-4598	WITNESS	_	_	
7-3	4599-4606	WHEREOF	_	_	
7-4	4606-4607	,	_	_	
7-5	4608-4612	each	_	_	
7-6	4613-4615	of	_	_	
7-7	4616-4619	the	_	_	
7-8	4620-4631	undersigned	_	_	
7-9	4632-4642	principals	_	_	
7-10	4642-4643	,	_	_	
7-11	4644-4647	has	_	_	
7-12	4648-4656	executed	_	_	
7-13	4657-4661	this	_	_	
7-14	4662-4667	Power	_	_	
7-15	4668-4670	of	_	_	
7-16	4671-4679	Attorney	_	_	
7-17	4680-4682	on	_	_	
7-18	4683-4686	the	_	_	
7-19	4687-4691	date	_	_	
7-20	4692-4701	indicated	_	_	
7-21	4702-4710	opposite	_	_	
7-22	4711-4714	his	_	_	
7-23	4715-4717	or	_	_	
7-24	4718-4721	her	_	_	
7-25	4722-4726	name	_	_	
7-26	4726-4727	.	_	_	

#Text=[REMAINDER OF PAGE LEFT BLANK]
8-1	4731-4732	[	_	_	
8-2	4732-4741	REMAINDER	_	_	
8-3	4742-4744	OF	_	_	
8-4	4745-4749	PAGE	_	_	
8-5	4750-4754	LEFT	_	_	
8-6	4755-4760	BLANK	_	_	
8-7	4760-4761	]	_	_	

#Text=/s/ John Seely Brown
9-1	4765-4766	/	_	_	
9-2	4766-4767	s	_	_	
9-3	4767-4768	/	_	_	
9-4	4769-4773	John	WITNESS[5]	*[5]	
9-5	4774-4779	Seely	WITNESS[5]	*[5]	
9-6	4780-4785	Brown	WITNESS[5]	*[5]	

#Text=February 3, 2010
10-1	4794-4802	February	DATE[6]	*[6]	
10-2	4803-4804	3	DATE[6]	*[6]	
10-3	4804-4805	,	DATE[6]	*[6]	
10-4	4806-4810	2010	DATE[6]	*[6]	

#Text=JOHN SEELY BROWN\t \t\t \tDirector
11-1	4812-4816	JOHN	_	_	
11-2	4817-4822	SEELY	_	_	
11-3	4823-4828	BROWN	_	_	
11-4	4834-4842	Director	_	_	

#Text=State of New York        )
12-1	4844-4849	State	_	_	
12-2	4850-4852	of	_	_	
12-3	4853-4856	New	_	_	
12-4	4857-4861	York	_	_	
12-5	4869-4870	)	_	_	

#Text=County of New York    ) ss.:
13-1	4874-4880	County	_	_	
13-2	4881-4883	of	_	_	
13-3	4884-4887	New	_	_	
13-4	4888-4892	York	_	_	
13-5	4896-4897	)	_	_	
13-6	4898-4900	ss	_	_	
13-7	4900-4901	.	_	_	
13-8	4901-4902	:	_	_	

#Text=On the 3rd day of February in the year before me, the undersigned, personally appeared John Seely Brown, personally known to me or proved to me on the basis of satisfactory evidence to be the individual whose name is subscribed to the within instrument and acknowledged to me that he executed the same in his capacity, and that by his signature on the instrument, the individual, or the person upon behalf of which the individuals acted, executed the instrument.
14-1	4906-4908	On	_	_	
14-2	4909-4912	the	_	_	
14-3	4913-4916	3rd	_	_	
14-4	4917-4920	day	_	_	
14-5	4921-4923	of	_	_	
14-6	4924-4932	February	_	_	
14-7	4933-4935	in	_	_	
14-8	4936-4939	the	_	_	
14-9	4940-4944	year	_	_	
14-10	4945-4951	before	_	_	
14-11	4952-4954	me	_	_	
14-12	4954-4955	,	_	_	
14-13	4956-4959	the	_	_	
14-14	4960-4971	undersigned	_	_	
14-15	4971-4972	,	_	_	
14-16	4973-4983	personally	_	_	
14-17	4984-4992	appeared	_	_	
14-18	4993-4997	John	PER[7]	*[7]	
14-19	4998-5003	Seely	PER[7]	*[7]	
14-20	5004-5009	Brown	PER[7]	*[7]	
14-21	5009-5010	,	_	_	
14-22	5011-5021	personally	_	_	
14-23	5022-5027	known	_	_	
14-24	5028-5030	to	_	_	
14-25	5031-5033	me	_	_	
14-26	5034-5036	or	_	_	
14-27	5037-5043	proved	_	_	
14-28	5044-5046	to	_	_	
14-29	5047-5049	me	_	_	
14-30	5050-5052	on	_	_	
14-31	5053-5056	the	_	_	
14-32	5057-5062	basis	_	_	
14-33	5063-5065	of	_	_	
14-34	5066-5078	satisfactory	_	_	
14-35	5079-5087	evidence	_	_	
14-36	5088-5090	to	_	_	
14-37	5091-5093	be	_	_	
14-38	5094-5097	the	_	_	
14-39	5098-5108	individual	_	_	
14-40	5109-5114	whose	_	_	
14-41	5115-5119	name	_	_	
14-42	5120-5122	is	_	_	
14-43	5123-5133	subscribed	_	_	
14-44	5134-5136	to	_	_	
14-45	5137-5140	the	_	_	
14-46	5141-5147	within	_	_	
14-47	5148-5158	instrument	_	_	
14-48	5159-5162	and	_	_	
14-49	5163-5175	acknowledged	_	_	
14-50	5176-5178	to	_	_	
14-51	5179-5181	me	_	_	
14-52	5182-5186	that	_	_	
14-53	5187-5189	he	_	_	
14-54	5190-5198	executed	_	_	
14-55	5199-5202	the	_	_	
14-56	5203-5207	same	_	_	
14-57	5208-5210	in	_	_	
14-58	5211-5214	his	_	_	
14-59	5215-5223	capacity	_	_	
14-60	5223-5224	,	_	_	
14-61	5225-5228	and	_	_	
14-62	5229-5233	that	_	_	
14-63	5234-5236	by	_	_	
14-64	5237-5240	his	_	_	
14-65	5241-5250	signature	_	_	
14-66	5251-5253	on	_	_	
14-67	5254-5257	the	_	_	
14-68	5258-5268	instrument	_	_	
14-69	5268-5269	,	_	_	
14-70	5270-5273	the	_	_	
14-71	5274-5284	individual	_	_	
14-72	5284-5285	,	_	_	
14-73	5286-5288	or	_	_	
14-74	5289-5292	the	_	_	
14-75	5293-5299	person	_	_	
14-76	5300-5304	upon	_	_	
14-77	5305-5311	behalf	_	_	
14-78	5312-5314	of	_	_	
14-79	5315-5320	which	_	_	
14-80	5321-5324	the	_	_	
14-81	5325-5336	individuals	_	_	
14-82	5337-5342	acted	_	_	
14-83	5342-5343	,	_	_	
14-84	5344-5352	executed	_	_	
14-85	5353-5356	the	_	_	
14-86	5357-5367	instrument	_	_	
14-87	5367-5368	.	_	_	

#Text=/s/ Sherry L. Smith
15-1	5372-5373	/	_	_	
15-2	5373-5374	s	_	_	
15-3	5374-5375	/	_	_	
15-4	5376-5382	Sherry	WITNESS[8]	*[8]	
15-5	5383-5384	L	WITNESS[8]	*[8]	
15-6	5384-5385	.	WITNESS[8]	*[8]	
15-7	5386-5391	Smith	WITNESS[8]	*[8]	

#Text=Notary Public
16-1	5393-5399	Notary	_	_	
16-2	5400-5406	Public	_	_	

#Text=[REMAINDER OF PAGE LEFT BLANK]
17-1	5408-5409	[	_	_	
17-2	5409-5418	REMAINDER	_	_	
17-3	5419-5421	OF	_	_	
17-4	5422-5426	PAGE	_	_	
17-5	5427-5431	LEFT	_	_	
17-6	5432-5437	BLANK	_	_	
17-7	5437-5438	]	_	_	
