#FORMAT=WebAnno TSV 3.2
#T_SP=webanno.custom.AgreementEntities|Agreement|Employment


#Text=EX-24 4 exhibit24powerofattorney20.htm EXHIBIT
1-1	0-2	EX	_	_	
1-2	2-3	-	_	_	
1-3	3-5	24	_	_	
1-4	6-7	4	_	_	
1-5	8-34	exhibit24powerofattorney20	_	_	
1-6	34-35	.	_	_	
1-7	35-38	htm	_	_	
1-8	39-46	EXHIBIT	_	_	

#Text=EXHIBIT 24
2-1	50-57	EXHIBIT	_	_	
2-2	58-60	24	_	_	

#Text=POWER OF ATTORNEY
3-1	64-69	POWER	_	_	
3-2	70-72	OF	_	_	
3-3	73-81	ATTORNEY	_	_	

#Text=ANNUAL REPORT ON FORM 10-K FOR FISCAL 2013
4-1	83-89	ANNUAL	_	_	
4-2	90-96	REPORT	_	_	
4-3	97-99	ON	_	_	
4-4	100-104	FORM	_	_	
4-5	105-107	10	_	_	
4-6	107-108	-	_	_	
4-7	108-109	K	_	_	
4-8	110-113	FOR	_	_	
4-9	114-120	FISCAL	_	_	
4-10	121-125	2013	_	_	

#Text=KNOW ALL BY THESE PRESENTS, that each person whose signature appears below constitutes and appoints Ellen O. Kaden and Kathleen M. Gibson, each of them, until December 31, 2013, their true and lawful attorneys-in-fact and agents, with full power of substitution and revocation, for them and in their name, place and stead, in any and all capacities, to sign Campbell Soup Company's Annual Report on Form 10-K to the Securities and Exchange Commission for the fiscal year ended July 28, 2013, and any amendments thereto, and to file the same with all exhibits thereto, and other documents in connection therewith, with the Securities and Exchange Commission, granting unto said attorneys-in-fact and agents, full power and authority to do and perform each and every act and thing requisite and necessary to be done, as fully to all intents and purposes as he or she might or could do in person, hereby ratifying and confirming all that said attorneys-in-fact and agents may lawfully do or cause to be done by virtue hereof.
5-1	129-133	KNOW	_	_	
5-2	134-137	ALL	_	_	
5-3	138-140	BY	_	_	
5-4	141-146	THESE	_	_	
5-5	147-155	PRESENTS	_	_	
5-6	155-156	,	_	_	
5-7	157-161	that	_	_	
5-8	162-166	each	_	_	
5-9	167-173	person	_	_	
5-10	174-179	whose	_	_	
5-11	180-189	signature	_	_	
5-12	190-197	appears	_	_	
5-13	198-203	below	_	_	
5-14	204-215	constitutes	_	_	
5-15	216-219	and	_	_	
5-16	220-228	appoints	_	_	
5-17	229-234	Ellen	PER[1]	*[1]	
5-18	235-236	O	PER[1]	*[1]	
5-19	236-237	.	PER[1]	*[1]	
5-20	238-243	Kaden	PER[1]	*[1]	
5-21	244-247	and	_	_	
5-22	248-256	Kathleen	PER[2]	*[2]	
5-23	257-258	M	PER[2]	*[2]	
5-24	258-259	.	PER[2]	*[2]	
5-25	260-266	Gibson	PER[2]	*[2]	
5-26	266-267	,	_	_	
5-27	268-272	each	_	_	
5-28	273-275	of	_	_	
5-29	276-280	them	_	_	
5-30	280-281	,	_	_	
5-31	282-287	until	_	_	
5-32	288-296	December	DATE[3]	*[3]	
5-33	297-299	31	DATE[3]	*[3]	
5-34	299-300	,	DATE[3]	*[3]	
5-35	301-305	2013	DATE[3]	*[3]	
5-36	305-306	,	_	_	
5-37	307-312	their	_	_	
5-38	313-317	true	_	_	
5-39	318-321	and	_	_	
5-40	322-328	lawful	_	_	
5-41	329-346	attorneys-in-fact	_	_	
5-42	347-350	and	_	_	
5-43	351-357	agents	_	_	
5-44	357-358	,	_	_	
5-45	359-363	with	_	_	
5-46	364-368	full	_	_	
5-47	369-374	power	_	_	
5-48	375-377	of	_	_	
5-49	378-390	substitution	_	_	
5-50	391-394	and	_	_	
5-51	395-405	revocation	_	_	
5-52	405-406	,	_	_	
5-53	407-410	for	_	_	
5-54	411-415	them	_	_	
5-55	416-419	and	_	_	
5-56	420-422	in	_	_	
5-57	423-428	their	_	_	
5-58	429-433	name	_	_	
5-59	433-434	,	_	_	
5-60	435-440	place	_	_	
5-61	441-444	and	_	_	
5-62	445-450	stead	_	_	
5-63	450-451	,	_	_	
5-64	452-454	in	_	_	
5-65	455-458	any	_	_	
5-66	459-462	and	_	_	
5-67	463-466	all	_	_	
5-68	467-477	capacities	_	_	
5-69	477-478	,	_	_	
5-70	479-481	to	_	_	
5-71	482-486	sign	_	_	
5-72	487-495	Campbell	COMP[4]	*[4]	
5-73	496-500	Soup	COMP[4]	*[4]	
5-74	501-510	Company's	COMP[4]	*[4]	
5-75	511-517	Annual	_	_	
5-76	518-524	Report	_	_	
5-77	525-527	on	_	_	
5-78	528-532	Form	_	_	
5-79	533-535	10	_	_	
5-80	535-536	-	_	_	
5-81	536-537	K	_	_	
5-82	538-540	to	_	_	
5-83	541-544	the	_	_	
5-84	545-555	Securities	_	_	
5-85	556-559	and	_	_	
5-86	560-568	Exchange	_	_	
5-87	569-579	Commission	_	_	
5-88	580-583	for	_	_	
5-89	584-587	the	_	_	
5-90	588-594	fiscal	_	_	
5-91	595-599	year	_	_	
5-92	600-605	ended	_	_	
5-93	606-610	July	_	_	
5-94	611-613	28	_	_	
5-95	613-614	,	_	_	
5-96	615-619	2013	_	_	
5-97	619-620	,	_	_	
5-98	621-624	and	_	_	
5-99	625-628	any	_	_	
5-100	629-639	amendments	_	_	
5-101	640-647	thereto	_	_	
5-102	647-648	,	_	_	
5-103	649-652	and	_	_	
5-104	653-655	to	_	_	
5-105	656-660	file	_	_	
5-106	661-664	the	_	_	
5-107	665-669	same	_	_	
5-108	670-674	with	_	_	
5-109	675-678	all	_	_	
5-110	679-687	exhibits	_	_	
5-111	688-695	thereto	_	_	
5-112	695-696	,	_	_	
5-113	697-700	and	_	_	
5-114	701-706	other	_	_	
5-115	707-716	documents	_	_	
5-116	717-719	in	_	_	
5-117	720-730	connection	_	_	
5-118	731-740	therewith	_	_	
5-119	740-741	,	_	_	
5-120	742-746	with	_	_	
5-121	747-750	the	_	_	
5-122	751-761	Securities	_	_	
5-123	762-765	and	_	_	
5-124	766-774	Exchange	_	_	
5-125	775-785	Commission	_	_	
5-126	785-786	,	_	_	
5-127	787-795	granting	_	_	
5-128	796-800	unto	_	_	
5-129	801-805	said	_	_	
5-130	806-823	attorneys-in-fact	_	_	
5-131	824-827	and	_	_	
5-132	828-834	agents	_	_	
5-133	834-835	,	_	_	
5-134	836-840	full	_	_	
5-135	841-846	power	_	_	
5-136	847-850	and	_	_	
5-137	851-860	authority	_	_	
5-138	861-863	to	_	_	
5-139	864-866	do	_	_	
5-140	867-870	and	_	_	
5-141	871-878	perform	_	_	
5-142	879-883	each	_	_	
5-143	884-887	and	_	_	
5-144	888-893	every	_	_	
5-145	894-897	act	_	_	
5-146	898-901	and	_	_	
5-147	902-907	thing	_	_	
5-148	908-917	requisite	_	_	
5-149	918-921	and	_	_	
5-150	922-931	necessary	_	_	
5-151	932-934	to	_	_	
5-152	935-937	be	_	_	
5-153	938-942	done	_	_	
5-154	942-943	,	_	_	
5-155	944-946	as	_	_	
5-156	947-952	fully	_	_	
5-157	953-955	to	_	_	
5-158	956-959	all	_	_	
5-159	960-967	intents	_	_	
5-160	968-971	and	_	_	
5-161	972-980	purposes	_	_	
5-162	981-983	as	_	_	
5-163	984-986	he	_	_	
5-164	987-989	or	_	_	
5-165	990-993	she	_	_	
5-166	994-999	might	_	_	
5-167	1000-1002	or	_	_	
5-168	1003-1008	could	_	_	
5-169	1009-1011	do	_	_	
5-170	1012-1014	in	_	_	
5-171	1015-1021	person	_	_	
5-172	1021-1022	,	_	_	
5-173	1023-1029	hereby	_	_	
5-174	1030-1039	ratifying	_	_	
5-175	1040-1043	and	_	_	
5-176	1044-1054	confirming	_	_	
5-177	1055-1058	all	_	_	
5-178	1059-1063	that	_	_	
5-179	1064-1068	said	_	_	
5-180	1069-1086	attorneys-in-fact	_	_	
5-181	1087-1090	and	_	_	
5-182	1091-1097	agents	_	_	
5-183	1098-1101	may	_	_	
5-184	1102-1110	lawfully	_	_	
5-185	1111-1113	do	_	_	
5-186	1114-1116	or	_	_	
5-187	1117-1122	cause	_	_	
5-188	1123-1125	to	_	_	
5-189	1126-1128	be	_	_	
5-190	1129-1133	done	_	_	
5-191	1134-1136	by	_	_	
5-192	1137-1143	virtue	_	_	
5-193	1144-1150	hereof	_	_	
5-194	1150-1151	.	_	_	

#Text=CAMPBELL SOUP COMPANY
6-1	1155-1163	CAMPBELL	COMP[5]	*[5]	
6-2	1164-1168	SOUP	COMP[5]	*[5]	
6-3	1169-1176	COMPANY	COMP[5]	*[5]	

#Text=Signature
7-1	1180-1189	Signature	_	_	

#Text=Dated as of September 25, 2013
8-1	1194-1199	Dated	_	_	
8-2	1200-1202	as	_	_	
8-3	1203-1205	of	_	_	
8-4	1206-1215	September	DATE[6]	*[6]	
8-5	1216-1218	25	DATE[6]	*[6]	
8-6	1218-1219	,	DATE[6]	*[6]	
8-7	1220-1224	2013	DATE[6]	*[6]	

#Text=/s/ Edmund M. Carpenter
9-1	1229-1230	/	_	_	
9-2	1230-1231	s	_	_	
9-3	1231-1232	/	_	_	
9-4	1233-1239	Edmund	WITNESS[7]	*[7]	
9-5	1240-1241	M	WITNESS[7]	*[7]	
9-6	1241-1242	.	WITNESS[7]	*[7]	
9-7	1243-1252	Carpenter	WITNESS[7]	*[7]	

#Text=/s/ Charles R. Perrin
10-1	1257-1258	/	_	_	
10-2	1258-1259	s	_	_	
10-3	1259-1260	/	_	_	
10-4	1261-1268	Charles	WITNESS[8]	*[8]	
10-5	1269-1270	R	WITNESS[8]	*[8]	
10-6	1270-1271	.	WITNESS[8]	*[8]	
10-7	1272-1278	Perrin	WITNESS[8]	*[8]	

#Text=Edmund M. Carpenter
11-1	1283-1289	Edmund	WITNESS[9]	*[9]	
11-2	1290-1291	M	WITNESS[9]	*[9]	
11-3	1291-1292	.	WITNESS[9]	*[9]	
11-4	1293-1302	Carpenter	WITNESS[9]	*[9]	

#Text=Charles R. Perrin
12-1	1307-1314	Charles	WITNESS[10]	*[10]	
12-2	1315-1316	R	WITNESS[10]	*[10]	
12-3	1316-1317	.	WITNESS[10]	*[10]	
12-4	1318-1324	Perrin	WITNESS[10]	*[10]	

#Text=/s/ Paul R. Charron
13-1	1329-1330	/	_	_	
13-2	1330-1331	s	_	_	
13-3	1331-1332	/	_	_	
13-4	1333-1337	Paul	WITNESS[11]	*[11]	
13-5	1338-1339	R	WITNESS[11]	*[11]	
13-6	1339-1340	.	WITNESS[11]	*[11]	
13-7	1341-1348	Charron	WITNESS[11]	*[11]	

#Text=/s/ A. Barry Rand
14-1	1353-1354	/	_	_	
14-2	1354-1355	s	_	_	
14-3	1355-1356	/	_	_	
14-4	1357-1358	A	WITNESS[12]	*[12]	
14-5	1358-1359	.	WITNESS[12]	*[12]	
14-6	1360-1365	Barry	WITNESS[12]	*[12]	
14-7	1366-1370	Rand	WITNESS[12]	*[12]	

#Text=Paul R. Charron
15-1	1375-1379	Paul	WITNESS[13]	*[13]	
15-2	1380-1381	R	WITNESS[13]	*[13]	
15-3	1381-1382	.	WITNESS[13]	*[13]	
15-4	1383-1390	Charron	WITNESS[13]	*[13]	

#Text=A. Barry Rand
16-1	1395-1396	A	WITNESS[14]	*[14]	
16-2	1396-1397	.	WITNESS[14]	*[14]	
16-3	1398-1403	Barry	WITNESS[14]	*[14]	
16-4	1404-1408	Rand	WITNESS[14]	*[14]	

#Text=/s/ Bennett Dorrance
17-1	1412-1413	/	_	_	
17-2	1413-1414	s	_	_	
17-3	1414-1415	/	_	_	
17-4	1416-1423	Bennett	WITNESS[15]	*[15]	
17-5	1424-1432	Dorrance	WITNESS[15]	*[15]	

#Text=/s/ Nick Shreiber
18-1	1437-1438	/	_	_	
18-2	1438-1439	s	_	_	
18-3	1439-1440	/	_	_	
18-4	1441-1445	Nick	WITNESS[16]	*[16]	
18-5	1446-1454	Shreiber	WITNESS[16]	*[16]	

#Text=Bennett Dorrance
19-1	1459-1466	Bennett	WITNESS[17]	*[17]	
19-2	1467-1475	Dorrance	WITNESS[17]	*[17]	

#Text=Nick Shreiber
20-1	1480-1484	Nick	WITNESS[18]	*[18]	
20-2	1485-1493	Shreiber	WITNESS[18]	*[18]	

#Text=/s/ Lawrence C. Karlson
21-1	1498-1499	/	_	_	
21-2	1499-1500	s	_	_	
21-3	1500-1501	/	_	_	
21-4	1502-1510	Lawrence	WITNESS[19]	*[19]	
21-5	1511-1512	C	WITNESS[19]	*[19]	
21-6	1512-1513	.	WITNESS[19]	*[19]	
21-7	1514-1521	Karlson	WITNESS[19]	*[19]	

#Text=/s/ Tracey T. Travis
22-1	1526-1527	/	_	_	
22-2	1527-1528	s	_	_	
22-3	1528-1529	/	_	_	
22-4	1530-1536	Tracey	WITNESS[20]	*[20]	
22-5	1537-1538	T	WITNESS[20]	*[20]	
22-6	1538-1539	.	WITNESS[20]	*[20]	
22-7	1540-1546	Travis	WITNESS[20]	*[20]	

#Text=Lawrence C. Karlson
23-1	1551-1559	Lawrence	WITNESS[21]	*[21]	
23-2	1560-1561	C	WITNESS[21]	*[21]	
23-3	1561-1562	.	WITNESS[21]	*[21]	
23-4	1563-1570	Karlson	WITNESS[21]	*[21]	

#Text=Tracey T. Travis
24-1	1575-1581	Tracey	WITNESS[22]	*[22]	
24-2	1582-1583	T	WITNESS[22]	*[22]	
24-3	1583-1584	.	WITNESS[22]	*[22]	
24-4	1585-1591	Travis	WITNESS[22]	*[22]	

#Text=/s/ Randall W. Larrimore
25-1	1596-1597	/	_	_	
25-2	1597-1598	s	_	_	
25-3	1598-1599	/	_	_	
25-4	1600-1607	Randall	WITNESS[23]	*[23]	
25-5	1608-1609	W	WITNESS[23]	*[23]	
25-6	1609-1610	.	WITNESS[23]	*[23]	
25-7	1611-1620	Larrimore	WITNESS[23]	*[23]	

#Text=/s/ Archbold D. van Beuren
26-1	1625-1626	/	_	_	
26-2	1626-1627	s	_	_	
26-3	1627-1628	/	_	_	
26-4	1629-1637	Archbold	WITNESS[24]	*[24]	
26-5	1638-1639	D	WITNESS[24]	*[24]	
26-6	1639-1640	.	WITNESS[24]	*[24]	
26-7	1641-1644	van	WITNESS[24]	*[24]	
26-8	1645-1651	Beuren	WITNESS[24]	*[24]	

#Text=Randall W. Larrimore
27-1	1657-1664	Randall	WITNESS[25]	*[25]	
27-2	1665-1666	W	WITNESS[25]	*[25]	
27-3	1666-1667	.	WITNESS[25]	*[25]	
27-4	1668-1677	Larrimore	WITNESS[25]	*[25]	

#Text=Archbold D. van Beuren
28-1	1682-1690	Archbold	WITNESS[26]	*[26]	
28-2	1691-1692	D	WITNESS[26]	*[26]	
28-3	1692-1693	.	WITNESS[26]	*[26]	
28-4	1694-1697	van	WITNESS[26]	*[26]	
28-5	1698-1704	Beuren	WITNESS[26]	*[26]	

#Text=/s/ Mary Alice D. Malone
29-1	1709-1710	/	_	_	
29-2	1710-1711	s	_	_	
29-3	1711-1712	/	_	_	
29-4	1713-1717	Mary	WITNESS[27]	*[27]	
29-5	1718-1723	Alice	WITNESS[27]	*[27]	
29-6	1724-1725	D	WITNESS[27]	*[27]	
29-7	1725-1726	.	WITNESS[27]	*[27]	
29-8	1727-1733	Malone	WITNESS[27]	*[27]	

#Text=/s/ Les C. Vinney
30-1	1738-1739	/	_	_	
30-2	1739-1740	s	_	_	
30-3	1740-1741	/	_	_	
30-4	1742-1745	Les	WITNESS[28]	*[28]	
30-5	1746-1747	C	WITNESS[28]	*[28]	
30-6	1747-1748	.	WITNESS[28]	*[28]	
30-7	1749-1755	Vinney	WITNESS[28]	*[28]	

#Text=Mary Alice D. Malone
31-1	1760-1764	Mary	WITNESS[29]	*[29]	
31-2	1765-1770	Alice	WITNESS[29]	*[29]	
31-3	1771-1772	D	WITNESS[29]	*[29]	
31-4	1772-1773	.	WITNESS[29]	*[29]	
31-5	1774-1780	Malone	WITNESS[29]	*[29]	

#Text=Les C. Vinney
32-1	1785-1788	Les	WITNESS[30]	*[30]	
32-2	1789-1790	C	WITNESS[30]	*[30]	
32-3	1790-1791	.	WITNESS[30]	*[30]	
32-4	1792-1798	Vinney	WITNESS[30]	*[30]	

#Text=/s/ Sara Mathew
33-1	1802-1803	/	_	_	
33-2	1803-1804	s	_	_	
33-3	1804-1805	/	_	_	
33-4	1806-1810	Sara	WITNESS[31]	*[31]	
33-5	1811-1817	Mathew	WITNESS[31]	*[31]	

#Text=/s/ Charlotte C. Weber
34-1	1822-1823	/	_	_	
34-2	1823-1824	s	_	_	
34-3	1824-1825	/	_	_	
34-4	1826-1835	Charlotte	WITNESS[32]	*[32]	
34-5	1836-1837	C	WITNESS[32]	*[32]	
34-6	1837-1838	.	WITNESS[32]	*[32]	
34-7	1839-1844	Weber	WITNESS[32]	*[32]	

#Text=Sara Mathew
35-1	1849-1853	Sara	WITNESS[33]	*[33]	
35-2	1854-1860	Mathew	WITNESS[33]	*[33]	

#Text=Charlotte C. Weber
36-1	1865-1874	Charlotte	WITNESS[34]	*[34]	
36-2	1875-1876	C	WITNESS[34]	*[34]	
36-3	1876-1877	.	WITNESS[34]	*[34]	
36-4	1878-1883	Weber	WITNESS[34]	*[34]	

#Text=/s/ Denise M. Morrison
37-1	1888-1889	/	_	_	
37-2	1889-1890	s	_	_	
37-3	1890-1891	/	_	_	
37-4	1892-1898	Denise	WITNESS[35]	*[35]	
37-5	1899-1900	M	WITNESS[35]	*[35]	
37-6	1900-1901	.	WITNESS[35]	*[35]	
37-7	1902-1910	Morrison	WITNESS[35]	*[35]	

#Text=Denise M. Morrison
38-1	1915-1921	Denise	WITNESS[36]	*[36]	
38-2	1922-1923	M	WITNESS[36]	*[36]	
38-3	1923-1924	.	WITNESS[36]	*[36]	
38-4	1925-1933	Morrison	WITNESS[36]	*[36]	
