#FORMAT=WebAnno TSV 3.2
#T_SP=webanno.custom.AgreementEntities|Agreement|Employment


#Text=EX-24 9 wfc-12312017xex24.htm EXHIBIT 24
1-1	0-2	EX	_	_	
1-2	2-3	-	_	_	
1-3	3-5	24	_	_	
1-4	6-7	9	_	_	
1-5	8-11	wfc	_	_	
1-6	11-12	-	_	_	
1-7	12-25	12312017xex24	_	_	
1-8	25-26	.	_	_	
1-9	26-29	htm	_	_	
1-10	30-37	EXHIBIT	_	_	
1-11	38-40	24	_	_	

#Text=Exhibit 24
2-1	46-53	Exhibit	_	_	
2-2	54-56	24	_	_	

#Text=WELLS FARGO & COMPANY
3-1	61-66	WELLS	COMP[1]	*[1]	
3-2	67-72	FARGO	COMP[1]	*[1]	
3-3	73-74	&	COMP[1]	*[1]	
3-4	75-82	COMPANY	COMP[1]	*[1]	

#Text=Power of Attorney of Director
4-1	87-92	Power	_	_	
4-2	93-95	of	_	_	
4-3	96-104	Attorney	_	_	
4-4	105-107	of	_	_	
4-5	108-116	Director	_	_	

#Text=KNOW ALL MEN BY THESE PRESENTS, that the undersigned director of WELLS FARGO & COMPANY, a Delaware corporation, does hereby make, constitute, and appoint JAMES H. QUIGLEY, a director and Chairman of the Audit and Examination Committee of the Board of Directors, and JOHN D. BAKER II, THEODORE F. CRAVER, JR., FEDERICO F. PEÑA, and RONALD L. SARGENT, directors and members of the Audit and Examination Committee of the Board of Directors, and each or any of them, the undersigned’s true and lawful attorneys-in-fact, with power of substitution, for the undersigned and in the undersigned’s name, place, and stead, to sign and affix the undersigned’s name as such director of said Company to an Annual Report on Form 10-K for the fiscal year ended December 31, 2017, and all amendments thereto, to be filed by said Company with the Securities and Exchange Commission, Washington, D.C. under the Securities Exchange Act of 1934, and the rules and regulations of said Commission, and to file the same, with all exhibits thereto and other supporting documents, with said Commission, granting unto said attorneys-in-fact, and each or either of them, full power and authority to do and perform any and all acts necessary or incidental to the performance and execution of the powers herein expressly granted.
5-1	121-125	KNOW	_	_	
5-2	126-129	ALL	_	_	
5-3	130-133	MEN	_	_	
5-4	134-136	BY	_	_	
5-5	137-142	THESE	_	_	
5-6	143-151	PRESENTS	_	_	
5-7	151-152	,	_	_	
5-8	153-157	that	_	_	
5-9	158-161	the	_	_	
5-10	162-173	undersigned	_	_	
5-11	174-182	director	_	_	
5-12	183-185	of	_	_	
5-13	186-191	WELLS	_	_	
5-14	192-197	FARGO	_	_	
5-15	198-199	&	_	_	
5-16	200-207	COMPANY	_	_	
5-17	207-208	,	_	_	
5-18	209-210	a	_	_	
5-19	211-219	Delaware	_	_	
5-20	220-231	corporation	_	_	
5-21	231-232	,	_	_	
5-22	233-237	does	_	_	
5-23	238-244	hereby	_	_	
5-24	245-249	make	_	_	
5-25	249-250	,	_	_	
5-26	251-261	constitute	_	_	
5-27	261-262	,	_	_	
5-28	263-266	and	_	_	
5-29	267-274	appoint	_	_	
5-30	275-280	JAMES	PER[2]	*[2]	
5-31	281-282	H	PER[2]	*[2]	
5-32	282-283	.	PER[2]	*[2]	
5-33	284-291	QUIGLEY	PER[2]	*[2]	
5-34	291-292	,	_	_	
5-35	293-294	a	_	_	
5-36	295-303	director	_	_	
5-37	304-307	and	_	_	
5-38	308-316	Chairman	_	_	
5-39	317-319	of	_	_	
5-40	320-323	the	_	_	
5-41	324-329	Audit	_	_	
5-42	330-333	and	_	_	
5-43	334-345	Examination	_	_	
5-44	346-355	Committee	_	_	
5-45	356-358	of	_	_	
5-46	359-362	the	_	_	
5-47	363-368	Board	_	_	
5-48	369-371	of	_	_	
5-49	372-381	Directors	_	_	
5-50	381-382	,	_	_	
5-51	383-386	and	_	_	
5-52	387-391	JOHN	PER[3]	*[3]	
5-53	392-393	D	PER[3]	*[3]	
5-54	393-394	.	PER[3]	*[3]	
5-55	395-400	BAKER	PER[3]	*[3]	
5-56	401-403	II	PER[3]	*[3]	
5-57	403-404	,	_	_	
5-58	405-413	THEODORE	PER[4]	*[4]	
5-59	414-415	F	PER[4]	*[4]	
5-60	415-416	.	PER[4]	*[4]	
5-61	417-423	CRAVER	PER[4]	*[4]	
5-62	423-424	,	_	_	
5-63	425-427	JR	_	_	
5-64	427-428	.	_	_	
5-65	428-429	,	_	_	
5-66	430-438	FEDERICO	PER[5]	*[5]	
5-67	439-440	F	PER[5]	*[5]	
5-68	440-441	.	PER[5]	*[5]	
5-69	442-446	PEÑA	PER[5]	*[5]	
5-70	446-447	,	_	_	
5-71	448-451	and	_	_	
5-72	452-458	RONALD	PER[6]	*[6]	
5-73	459-460	L	PER[6]	*[6]	
5-74	460-461	.	PER[6]	*[6]	
5-75	462-469	SARGENT	PER[6]	*[6]	
5-76	469-470	,	_	_	
5-77	471-480	directors	_	_	
5-78	481-484	and	_	_	
5-79	485-492	members	_	_	
5-80	493-495	of	_	_	
5-81	496-499	the	_	_	
5-82	500-505	Audit	_	_	
5-83	506-509	and	_	_	
5-84	510-521	Examination	_	_	
5-85	522-531	Committee	_	_	
5-86	532-534	of	_	_	
5-87	535-538	the	_	_	
5-88	539-544	Board	_	_	
5-89	545-547	of	_	_	
5-90	548-557	Directors	_	_	
5-91	557-558	,	_	_	
5-92	559-562	and	_	_	
5-93	563-567	each	_	_	
5-94	568-570	or	_	_	
5-95	571-574	any	_	_	
5-96	575-577	of	_	_	
5-97	578-582	them	_	_	
5-98	582-583	,	_	_	
5-99	584-587	the	_	_	
5-100	588-599	undersigned	_	_	
5-101	599-600	’	_	_	
5-102	600-601	s	_	_	
5-103	602-606	true	_	_	
5-104	607-610	and	_	_	
5-105	611-617	lawful	_	_	
5-106	618-635	attorneys-in-fact	_	_	
5-107	635-636	,	_	_	
5-108	637-641	with	_	_	
5-109	642-647	power	_	_	
5-110	648-650	of	_	_	
5-111	651-663	substitution	_	_	
5-112	663-664	,	_	_	
5-113	665-668	for	_	_	
5-114	669-672	the	_	_	
5-115	673-684	undersigned	_	_	
5-116	685-688	and	_	_	
5-117	689-691	in	_	_	
5-118	692-695	the	_	_	
5-119	696-707	undersigned	_	_	
5-120	707-708	’	_	_	
5-121	708-709	s	_	_	
5-122	710-714	name	_	_	
5-123	714-715	,	_	_	
5-124	716-721	place	_	_	
5-125	721-722	,	_	_	
5-126	723-726	and	_	_	
5-127	727-732	stead	_	_	
5-128	732-733	,	_	_	
5-129	734-736	to	_	_	
5-130	737-741	sign	_	_	
5-131	742-745	and	_	_	
5-132	746-751	affix	_	_	
5-133	752-755	the	_	_	
5-134	756-767	undersigned	_	_	
5-135	767-768	’	_	_	
5-136	768-769	s	_	_	
5-137	770-774	name	_	_	
5-138	775-777	as	_	_	
5-139	778-782	such	_	_	
5-140	783-791	director	_	_	
5-141	792-794	of	_	_	
5-142	795-799	said	_	_	
5-143	800-807	Company	_	_	
5-144	808-810	to	_	_	
5-145	811-813	an	_	_	
5-146	814-820	Annual	_	_	
5-147	821-827	Report	_	_	
5-148	828-830	on	_	_	
5-149	831-835	Form	_	_	
5-150	836-838	10	_	_	
5-151	838-839	-	_	_	
5-152	839-840	K	_	_	
5-153	841-844	for	_	_	
5-154	845-848	the	_	_	
5-155	849-855	fiscal	_	_	
5-156	856-860	year	_	_	
5-157	861-866	ended	_	_	
5-158	867-875	December	_	_	
5-159	876-878	31	_	_	
5-160	878-879	,	_	_	
5-161	880-884	2017	_	_	
5-162	884-885	,	_	_	
5-163	886-889	and	_	_	
5-164	890-893	all	_	_	
5-165	894-904	amendments	_	_	
5-166	905-912	thereto	_	_	
5-167	912-913	,	_	_	
5-168	914-916	to	_	_	
5-169	917-919	be	_	_	
5-170	920-925	filed	_	_	
5-171	926-928	by	_	_	
5-172	929-933	said	_	_	
5-173	934-941	Company	_	_	
5-174	942-946	with	_	_	
5-175	947-950	the	_	_	
5-176	951-961	Securities	_	_	
5-177	962-965	and	_	_	
5-178	966-974	Exchange	_	_	
5-179	975-985	Commission	_	_	
5-180	985-986	,	_	_	
5-181	987-997	Washington	_	_	
5-182	997-998	,	_	_	
5-183	999-1002	D.C	_	_	
5-184	1002-1003	.	_	_	
5-185	1004-1009	under	_	_	
5-186	1010-1013	the	_	_	
5-187	1014-1024	Securities	_	_	
5-188	1025-1033	Exchange	_	_	
5-189	1034-1037	Act	_	_	
5-190	1038-1040	of	_	_	
5-191	1041-1045	1934	_	_	
5-192	1045-1046	,	_	_	
5-193	1047-1050	and	_	_	
5-194	1051-1054	the	_	_	
5-195	1055-1060	rules	_	_	
5-196	1061-1064	and	_	_	
5-197	1065-1076	regulations	_	_	
5-198	1077-1079	of	_	_	
5-199	1080-1084	said	_	_	
5-200	1085-1095	Commission	_	_	
5-201	1095-1096	,	_	_	
5-202	1097-1100	and	_	_	
5-203	1101-1103	to	_	_	
5-204	1104-1108	file	_	_	
5-205	1109-1112	the	_	_	
5-206	1113-1117	same	_	_	
5-207	1117-1118	,	_	_	
5-208	1119-1123	with	_	_	
5-209	1124-1127	all	_	_	
5-210	1128-1136	exhibits	_	_	
5-211	1137-1144	thereto	_	_	
5-212	1145-1148	and	_	_	
5-213	1149-1154	other	_	_	
5-214	1155-1165	supporting	_	_	
5-215	1166-1175	documents	_	_	
5-216	1175-1176	,	_	_	
5-217	1177-1181	with	_	_	
5-218	1182-1186	said	_	_	
5-219	1187-1197	Commission	_	_	
5-220	1197-1198	,	_	_	
5-221	1199-1207	granting	_	_	
5-222	1208-1212	unto	_	_	
5-223	1213-1217	said	_	_	
5-224	1218-1235	attorneys-in-fact	_	_	
5-225	1235-1236	,	_	_	
5-226	1237-1240	and	_	_	
5-227	1241-1245	each	_	_	
5-228	1246-1248	or	_	_	
5-229	1249-1255	either	_	_	
5-230	1256-1258	of	_	_	
5-231	1259-1263	them	_	_	
5-232	1263-1264	,	_	_	
5-233	1265-1269	full	_	_	
5-234	1270-1275	power	_	_	
5-235	1276-1279	and	_	_	
5-236	1280-1289	authority	_	_	
5-237	1290-1292	to	_	_	
5-238	1293-1295	do	_	_	
5-239	1296-1299	and	_	_	
5-240	1300-1307	perform	_	_	
5-241	1308-1311	any	_	_	
5-242	1312-1315	and	_	_	
5-243	1316-1319	all	_	_	
5-244	1320-1324	acts	_	_	
5-245	1325-1334	necessary	_	_	
5-246	1335-1337	or	_	_	
5-247	1338-1348	incidental	_	_	
5-248	1349-1351	to	_	_	
5-249	1352-1355	the	_	_	
5-250	1356-1367	performance	_	_	
5-251	1368-1371	and	_	_	
5-252	1372-1381	execution	_	_	
5-253	1382-1384	of	_	_	
5-254	1385-1388	the	_	_	
5-255	1389-1395	powers	_	_	
5-256	1396-1402	herein	_	_	
5-257	1403-1412	expressly	_	_	
5-258	1413-1420	granted	_	_	
5-259	1420-1421	.	_	_	

#Text=IN WITNESS WHEREOF, the undersigned has executed this power of attorney this 27th day of February, 2018.
6-1	1426-1428	IN	_	_	
6-2	1429-1436	WITNESS	_	_	
6-3	1437-1444	WHEREOF	_	_	
6-4	1444-1445	,	_	_	
6-5	1446-1449	the	_	_	
6-6	1450-1461	undersigned	_	_	
6-7	1462-1465	has	_	_	
6-8	1466-1474	executed	_	_	
6-9	1475-1479	this	_	_	
6-10	1480-1485	power	_	_	
6-11	1486-1488	of	_	_	
6-12	1489-1497	attorney	_	_	
6-13	1498-1502	this	_	_	
6-14	1503-1507	27th	DATE[7]	*[7]	
6-15	1508-1511	day	DATE[7]	*[7]	
6-16	1512-1514	of	DATE[7]	*[7]	
6-17	1515-1523	February	DATE[7]	*[7]	
6-18	1523-1524	,	DATE[7]	*[7]	
6-19	1525-1529	2018	DATE[7]	*[7]	
6-20	1529-1530	.	_	_	

#Text=/s/ JOHN D. BAKER II
7-1	1536-1537	/	_	_	
7-2	1537-1538	s	_	_	
7-3	1538-1539	/	_	_	
7-4	1540-1544	JOHN	WITNESS[8]	*[8]	
7-5	1545-1546	D	WITNESS[8]	*[8]	
7-6	1546-1547	.	WITNESS[8]	*[8]	
7-7	1548-1553	BAKER	WITNESS[8]	*[8]	
7-8	1554-1556	II	WITNESS[8]	*[8]	

#Text=/s/ MARIA R. MORRIS
8-1	1558-1559	/	_	_	
8-2	1559-1560	s	_	_	
8-3	1560-1561	/	_	_	
8-4	1562-1567	MARIA	WITNESS[9]	*[9]	
8-5	1568-1569	R	WITNESS[9]	*[9]	
8-6	1569-1570	.	WITNESS[9]	*[9]	
8-7	1571-1577	MORRIS	WITNESS[9]	*[9]	

#Text=/s/ JOHN S. CHEN
9-1	1579-1580	/	_	_	
9-2	1580-1581	s	_	_	
9-3	1581-1582	/	_	_	
9-4	1583-1587	JOHN	WITNESS[10]	*[10]	
9-5	1588-1589	S	WITNESS[10]	*[10]	
9-6	1589-1590	.	WITNESS[10]	*[10]	
9-7	1591-1595	CHEN	WITNESS[10]	*[10]	

#Text=/s/ KAREN B. PEETZ
10-1	1597-1598	/	_	_	
10-2	1598-1599	s	_	_	
10-3	1599-1600	/	_	_	
10-4	1601-1606	KAREN	WITNESS[11]	*[11]	
10-5	1607-1608	B	WITNESS[11]	*[11]	
10-6	1608-1609	.	WITNESS[11]	*[11]	
10-7	1610-1615	PEETZ	WITNESS[11]	*[11]	

#Text=/s/ CELESTE A. CLARK
11-1	1617-1618	/	_	_	
11-2	1618-1619	s	_	_	
11-3	1619-1620	/	_	_	
11-4	1621-1628	CELESTE	WITNESS[12]	*[12]	
11-5	1629-1630	A	WITNESS[12]	*[12]	
11-6	1630-1631	.	WITNESS[12]	*[12]	
11-7	1632-1637	CLARK	WITNESS[12]	*[12]	

#Text=/s/ FEDERICO F. PEÑA
12-1	1639-1640	/	_	_	
12-2	1640-1641	s	_	_	
12-3	1641-1642	/	_	_	
12-4	1643-1651	FEDERICO	WITNESS[13]	*[13]	
12-5	1652-1653	F	WITNESS[13]	*[13]	
12-6	1653-1654	.	WITNESS[13]	*[13]	
12-7	1655-1659	PEÑA	WITNESS[13]	*[13]	

#Text=/s/ THEODORE F. CRAVER, JR.
13-1	1661-1662	/	_	_	
13-2	1662-1663	s	_	_	
13-3	1663-1664	/	_	_	
13-4	1665-1673	THEODORE	WITNESS[14]	*[14]	
13-5	1674-1675	F	WITNESS[14]	*[14]	
13-6	1675-1676	.	WITNESS[14]	*[14]	
13-7	1677-1683	CRAVER	WITNESS[14]	*[14]	
13-8	1683-1684	,	WITNESS[14]	*[14]	
13-9	1685-1687	JR	WITNESS[14]	*[14]	
13-10	1687-1688	.	WITNESS[14]	*[14]	

#Text=/s/ JUAN A. PUJADAS
14-1	1690-1691	/	_	_	
14-2	1691-1692	s	_	_	
14-3	1692-1693	/	_	_	
14-4	1694-1698	JUAN	WITNESS[15]	*[15]	
14-5	1699-1700	A	WITNESS[15]	*[15]	
14-6	1700-1701	.	WITNESS[15]	*[15]	
14-7	1702-1709	PUJADAS	WITNESS[15]	*[15]	

#Text=/s/ LLOYD H. DEAN
15-1	1711-1712	/	_	_	
15-2	1712-1713	s	_	_	
15-3	1713-1714	/	_	_	
15-4	1715-1720	LLOYD	WITNESS[16]	*[16]	
15-5	1721-1722	H	WITNESS[16]	*[16]	
15-6	1722-1723	.	WITNESS[16]	*[16]	
15-7	1724-1728	DEAN	WITNESS[16]	*[16]	

#Text=/s/ JAMES H. QUIGLEY
16-1	1730-1731	/	_	_	
16-2	1731-1732	s	_	_	
16-3	1732-1733	/	_	_	
16-4	1734-1739	JAMES	WITNESS[17]	*[17]	
16-5	1740-1741	H	WITNESS[17]	*[17]	
16-6	1741-1742	.	WITNESS[17]	*[17]	
16-7	1743-1750	QUIGLEY	WITNESS[17]	*[17]	

#Text=/s/ ELIZABETH A. DUKE
17-1	1752-1753	/	_	_	
17-2	1753-1754	s	_	_	
17-3	1754-1755	/	_	_	
17-4	1756-1765	ELIZABETH	WITNESS[18]	*[18]	
17-5	1766-1767	A	WITNESS[18]	*[18]	
17-6	1767-1768	.	WITNESS[18]	*[18]	
17-7	1769-1773	DUKE	WITNESS[18]	*[18]	

#Text=/s/ RONALD L. SARGENT
18-1	1775-1776	/	_	_	
18-2	1776-1777	s	_	_	
18-3	1777-1778	/	_	_	
18-4	1779-1785	RONALD	WITNESS[19]	*[19]	
18-5	1786-1787	L	WITNESS[19]	*[19]	
18-6	1787-1788	.	WITNESS[19]	*[19]	
18-7	1789-1796	SARGENT	WITNESS[19]	*[19]	

#Text=/s/ ENRIQUE HERNANDEZ, JR.
19-1	1798-1799	/	_	_	
19-2	1799-1800	s	_	_	
19-3	1800-1801	/	_	_	
19-4	1802-1809	ENRIQUE	WITNESS[20]	*[20]	
19-5	1810-1819	HERNANDEZ	WITNESS[20]	*[20]	
19-6	1819-1820	,	WITNESS[20]	*[20]	
19-7	1821-1823	JR	WITNESS[20]	*[20]	
19-8	1823-1824	.	WITNESS[20]	*[20]	

#Text=/s/ TIMOTHY J. SLOAN
20-1	1826-1827	/	_	_	
20-2	1827-1828	s	_	_	
20-3	1828-1829	/	_	_	
20-4	1830-1837	TIMOTHY	WITNESS[21]	*[21]	
20-5	1838-1839	J	WITNESS[21]	*[21]	
20-6	1839-1840	.	WITNESS[21]	*[21]	
20-7	1841-1846	SLOAN	WITNESS[21]	*[21]	

#Text=/s/ DONALD M. JAMES
21-1	1848-1849	/	_	_	
21-2	1849-1850	s	_	_	
21-3	1850-1851	/	_	_	
21-4	1852-1858	DONALD	WITNESS[22]	*[22]	
21-5	1859-1860	M	WITNESS[22]	*[22]	
21-6	1860-1861	.	WITNESS[22]	*[22]	
21-7	1862-1867	JAMES	WITNESS[22]	*[22]	

#Text=/s/ SUZANNE M. VAUTRINOT
22-1	1869-1870	/	_	_	
22-2	1870-1871	s	_	_	
22-3	1871-1872	/	_	_	
22-4	1873-1880	SUZANNE	WITNESS[23]	*[23]	
22-5	1881-1882	M	WITNESS[23]	*[23]	
22-6	1882-1883	.	WITNESS[23]	*[23]	
22-7	1884-1893	VAUTRINOT	WITNESS[23]	*[23]	
